OTU,S110_L001,S111_L001,S112_L001,S113_L001,S114_L001,S115_L001,S116_L001,S117_L001,S118_L001,S119_L001,S120_L001,S121_L001,S122_L001
045d4dbc04bdbcc02e05c0b1661499a4bd8da4b1,0,2,2,10,2,15,8,12,2,7,1,6,3
a510a5f7f1f3fd8ce97d5c8436d33b140259ae1f,0,0,4,5,0,21,4,11,4,11,2,4,3
283a61680a31cccce1a783d2bd98d4230dadbe91,0,0,2,18,2,12,10,4,3,3,2,3,3
9d07b0585cf498aef6c31edd57c9a041469ac66f,0,0,3,5,0,21,12,7,1,3,1,5,1
a440486713ba24e78629465561a98cd1b7d1b154,0,0,5,4,0,12,9,6,4,8,1,6,3
84c5fa0ffbe414e2fc5533fd94c44092b29e2568,0,0,3,10,0,15,7,14,0,2,0,3,1
202f7b20e8a43feae1b7b7cc1306f5d033bec642,1,0,2,6,0,14,10,1,0,5,4,4,6
751422a6a691a15a4f2a8bd6c9222d4c2d4cf454,0,1,2,2,1,15,2,8,4,3,5,1,9
1359a45e1f6e195272048e185817e4f287d3af1e,0,0,5,4,1,11,4,20,0,3,2,0,2
94cd5c07b38b359c54f85c0b1ab014c103a589ab,0,0,1,1,4,17,8,12,4,2,0,3,0
d1fc3acdcc889a3d82e6ce0348690a972e3f06ff,1,0,7,2,0,15,8,5,2,1,1,6,4
fac7798c5af1a1a7fc185fbd419efc4efba06b58,1,0,3,4,3,16,6,10,4,3,0,1,1
583704d99d8aae226f28342de2a9b007ed964ebb,0,0,3,6,0,14,4,7,0,2,5,2,7
0d1f8b49ae61750b0cf7c18d53332534738e2414,0,0,2,3,1,10,14,6,2,5,1,4,1
136ac842d4651c82dfd8752c20bfabf708de6ce6,0,0,8,5,0,14,7,2,1,8,0,1,3
3bb8678857dee439149fb8f6269a269f97c4ce6a,0,0,3,3,1,13,6,13,4,2,1,1,2
4c905636d06664b85b42cc41b25e8336e0d3351c,0,0,1,6,1,16,9,7,1,1,5,2,0
e573410b493e4f09d9087b4658c21a2a186a2300,2,0,3,3,0,21,6,3,5,1,2,1,2
e88d94e612249608429bcc7bc9443e1af45b4ecd,3,0,6,3,0,11,5,7,5,2,2,3,2
1f448d32d2abed082f19a43d8255fbe27edee424,0,0,4,1,0,11,12,9,0,7,0,3,1
319407f03659185264ac86e31b001b4a1aa9be36,0,0,2,3,0,21,7,4,1,7,0,1,2
361b3f0e42781161bd30ff4db9ad4a6d2b8e661d,0,0,5,5,1,13,7,5,0,4,3,3,2
709fb2d67ac59a7e1437e950c76f1c8f8a5e66f6,0,0,4,3,2,15,8,3,1,2,2,2,6
83111cf7edb160f5710c72461fc319dfb6c8ee52,0,0,3,0,5,13,5,9,1,4,2,5,1
a0fdfb1d41fb9bfeafd1ef5467a02bcc13786664,0,0,8,4,1,7,12,3,0,6,5,2,0
bae5b0cc7dbd1403492b5b88ea0024e93f57b666,0,0,0,9,3,7,12,6,1,3,2,1,4
e68737cd94c776b16265eff0cb02b6df1739ee50,0,0,1,4,2,21,7,5,1,1,0,3,3
edb9b8498a65f2ceafcb52524c8dbe30c2d9b729,0,0,1,6,1,12,9,7,1,0,4,2,5
f602f937039e9a5b7e68275c7b1508fe23387d36,1,0,3,1,1,14,6,5,4,9,3,1,0
ff65a6d6de105d26150455abe476394181415d04,0,0,0,5,1,16,3,12,0,3,4,0,4
08d0a91c3e7a143c8880273436ad3c36d44e35aa,0,0,2,6,1,9,6,12,1,9,1,0,0
2b4dffadc78bdf388719c8f11867e1125428c816,0,0,3,4,2,21,4,6,1,5,1,0,0
41e56b408982b7e67060c249754f770f2fe7fc3c,0,0,8,2,3,7,13,6,1,2,1,3,1
c0836fa2217a412b8d628e92a463c41a0438309e,0,0,2,1,1,15,9,7,5,2,0,3,2
c0dad77e73872c146564edeec8b6bb58d4e5536c,0,0,2,4,0,9,4,12,5,3,2,2,4
d727b063471c5269653ae952a7e6a2fbc50f3b02,0,0,5,5,0,7,15,3,4,2,1,5,0
e4c552afe1525479fd0958acc074dbaf7a74384c,0,0,8,3,1,11,9,6,3,2,2,2,0
e52ef671b57badcc887c400e399f62640dcc2e9b,0,0,1,5,0,12,11,9,2,4,0,2,1
ec20a589af7d1d9d81c960a281c6d935b9e1fe23,3,0,3,4,0,10,1,11,5,6,2,1,1
ef2e4bb1c4b0e48f20c48cee198e62462677900e,0,0,2,8,0,12,6,8,2,4,2,1,2
feffb1d54b933f3e80352235787ad70d02d5e283,0,0,2,9,1,7,7,5,2,4,2,8,0
2ded060f64c8fa39cb306c601bdbc9134902ed9b,0,0,0,3,1,18,4,8,2,5,0,1,4
335402a15d5cbb8cfd83797ee1d31dd221e871b7,2,3,1,7,1,7,4,3,1,6,1,5,5
3a4adf0aa76d55ebcda59bb218d03c5344c3475d,0,0,1,7,0,15,2,6,3,5,2,5,0
3c232b16f6943e35c3f02bdec63a7390ef39544f,0,0,6,6,0,13,8,3,0,2,4,3,1
4ac1cced0af86ff23b2bcfc0ea835cf77232afef,0,0,6,1,0,10,9,11,2,1,2,1,3
9ddc0986182b49a3fdb0aac9b3a4e80c09005cc7,1,1,7,5,0,9,5,8,5,2,2,1,0
d807aace9d59dd6b369afdc02fc02e57fcb80aaa,1,0,2,5,0,16,6,5,1,2,2,6,0
0314c4666cb40e1883fde0ee25046ed02c31e679,0,0,4,3,2,12,8,9,2,1,2,2,0
0a007f7f6a965325b12bc46969152bef12ea6c1d,0,0,0,7,1,14,7,9,0,1,5,0,1
4ac788e28a41ffed08d4600e904a332ec185ce9e,0,0,1,3,0,12,3,9,5,0,0,7,5
4ec246e8aaffd80064d9fa89a78f957fd69ff8c5,0,0,3,2,0,18,3,4,1,3,1,5,5
5fb8109725fac4233504c88d176650ad2dcf460f,0,0,1,3,1,13,3,12,1,5,0,4,2
6ec54131fce10a4685cdb7738b21d3d78735b814,0,0,4,2,1,10,12,6,0,7,1,1,1
85a9aa524d41d61f221540759fa3d700d6571b32,0,0,2,1,1,14,10,8,3,4,1,1,0
ae810126dca32ea7697fdbd7c938129be6ff62bf,0,0,8,1,1,13,4,6,4,4,2,0,2
c01bdff78af1adb55d784d7e86b2877eed66cec8,1,0,1,2,0,15,8,9,1,5,0,3,0
ca7befa1ff1d7d32555e8229cc551ef7ef377dbf,0,0,7,2,1,13,7,5,1,0,1,4,4
cc27a703f5e722dc9c7bc5c8ca5e3880c7d1536d,0,0,4,5,0,10,11,6,3,3,1,0,2
d5bec5316babe5d6180a247fe22d50b97ad9f391,0,0,2,4,4,9,9,4,4,1,1,7,0
edfc819686532bbb7de1f9557d9951210a45f35d,0,0,3,7,0,11,12,5,1,2,2,2,0
0c0e95597b4edad9a191ea69386954afb771aacd,0,0,0,6,0,9,4,8,4,8,0,4,1
1ab58a6bdbbf1485cc0457f29d83881bd0bd78e7,0,0,4,5,0,12,4,2,2,10,0,2,3
29c2e190ac4d32f7293d1b4ca2dfe4305f1daab3,0,1,1,4,0,14,8,2,0,2,4,3,5
2e9305ba99a3cf9354833c1c315b36a4041c44ae,0,0,1,2,0,11,6,8,2,4,1,4,5
8d4f82f126ae69a05928487ad0c1d568c8f0cac1,0,0,4,4,0,12,6,6,0,7,1,3,1
8fcd772ecdd33c458693b47e12ff8ae3fb915860,1,0,4,1,0,17,4,3,1,6,2,1,4
b2b93cd73d461cc37cd68974d7ffcbed0a81f679,0,0,3,5,0,16,7,4,1,6,0,0,2
bfe1ad5717303d058895fa6bca844e8ef90fee63,0,0,2,6,1,6,2,9,1,4,3,4,6
d38342e0ff75e65c7ed348b69542825e8e88aa04,0,0,8,3,0,12,4,7,2,4,2,0,2
d67396c4c550689ddcb5bdbbd6192551242984ad,0,1,2,3,0,11,8,7,0,1,2,5,4
f0dda6eba61c8aa36ec27ae92a5deb53f8d79c36,0,0,2,2,0,9,11,10,3,1,1,3,2
1c319672a7ab84e243d997af2cebb381e2d27d11,0,0,1,4,2,9,5,10,3,3,2,3,1
1e34a939e2a2af0b3116563e9d9b96f6f884d0dd,0,0,0,3,1,12,8,6,2,5,0,3,3
21e64cd2f48cfab947c36b5dbc57b75ff45cc03e,0,0,3,5,3,15,1,7,2,2,0,3,2
547b984b9ea113f2b6540eb582811a3fe1e0cd2b,0,0,2,1,0,17,8,9,1,3,0,2,0
5885773bdfd22eb2e4130d3406b21c229a989d96,0,2,1,3,0,13,4,5,4,2,2,4,3
a05ac11e37b992f85d5d56a7a0e4c353ea9be1c4,0,0,4,7,2,5,6,8,4,2,1,1,3
d3b3fbeb5ded3a814ef0b81dc3ed89d41b453821,0,0,3,3,0,9,6,8,2,6,3,0,3
f14cd30abbd4c7f078d8c1adcc64434663d12a8d,0,0,5,4,0,8,9,6,1,4,0,4,2
f9c93824058bffe22fa4460df52546285b83947d,0,0,3,4,1,18,6,7,0,1,1,0,2
20c9f8ad09bb735be0d72ec809d48d4801e638d9,0,0,4,2,0,17,4,6,1,2,4,0,2
216a9e8c4ac587d6ce8562aec70cba76f31ecfef,0,0,8,4,1,8,4,9,1,3,2,1,1
2b63b4e88bf2af04be7d56bc7c764199230c8247,0,0,0,6,0,15,6,8,1,2,1,1,2
399f4a2c2dabf042e61ee62fa5821b6f5eb452f2,0,0,2,5,0,17,4,6,2,3,0,3,0
3bdb1c821f9187f4895ea3c92016a1eaa69fc357,0,0,3,3,2,9,7,6,1,2,2,1,6
778d6caf1b48a2f02b7c36e80bd5197bdcb1224b,0,0,2,2,1,12,8,5,3,8,1,0,0
87efc4ff493afdb40bd2110cdb2150108d8085db,0,0,2,1,3,5,10,7,2,4,2,3,3
9a434c071438ee4d478d039c73e9528eded75c51,0,0,4,3,4,7,6,6,6,1,1,1,3
cbc758698c7a410f859dc4c61b0e42d2b68617fb,0,0,7,2,0,10,4,6,2,2,2,5,2
d488bafe261d92fc2edbadcd655785fd6d3e9fd4,0,0,3,4,0,9,11,2,4,6,0,3,0
d6032531d8e66784b2aeeebc4d79eff411b513c7,0,0,6,0,1,15,6,7,0,2,1,1,3
d97749e9a581c8fa6ebbdd0c23f1e95e26403ae7,1,0,2,2,1,8,8,4,1,7,1,2,5
dd3be69693b0d47bc640566c2c38db8b80281eaf,0,0,4,2,0,10,8,6,2,3,2,1,4
e245741e3c1e95e8952bf3b947d87981616c813c,0,0,1,3,0,12,6,7,5,4,3,1,0
2008d286a3d6e7702be90d627731f06bc5934df6,0,0,4,1,2,9,14,6,2,0,0,0,3
43bb48268a8d5a3321db2cb5de791475881c0801,0,0,1,6,0,5,14,6,2,1,3,0,3
48f34a90d9ea3261d8350a70cee5ac3fbe56c5ee,0,0,2,2,0,19,4,4,4,1,1,2,2
4ce01c9b7b8e01b0109d3e0f30321d93df0bbc3a,0,0,1,2,0,11,7,9,3,5,0,3,0
58ba9afccf53034094fe6b05eaaa1a5e0b2e4c4a,0,0,0,6,5,8,6,9,0,1,1,1,4
5face80fbb82a8f59340407d6ccd97ec455c4bb4,0,0,2,2,0,11,8,8,3,1,1,2,3
615686cf90f85b5959810324430f754dc9f5cefd,1,0,0,3,2,16,4,6,1,3,3,2,0
66aba1b68a83f4f2b4316f08fc53d20368944c74,0,0,2,4,2,6,6,10,0,3,0,4,4
66c5097428666fdb43f826d94fa36cf76a30242f,0,0,4,6,0,7,6,8,3,2,1,2,2
7de848b6303dfeb163b90fa1cf86ec5807db004e,0,0,2,2,0,10,4,8,0,5,6,2,2
9528185b74630856f2b6daebccc12f9246a22619,0,0,2,3,0,15,10,7,3,1,0,0,0
9585cf703cfd045610acd4f2eb82a6e1b27adc06,0,0,4,4,0,7,8,5,4,2,3,1,3
a39a9e903e5cb456c75599a6b248e7066b565b00,0,0,2,6,1,21,4,5,0,2,0,0,0
b151d3d5b87be0d120fac374f5cc0436de1e2b9c,0,0,4,1,0,13,6,7,2,3,2,1,2
b728b282a4ac7a42ea0a58832bdadf8b57615dde,1,0,3,6,0,8,6,9,4,2,0,2,0
c7348fe1fa280fd677feccbf5c9f73e2737efff3,0,0,6,2,2,8,5,5,3,8,1,1,0
d1adff2a2f8accb6ab1abb893eeb1676109866f5,0,0,2,3,2,8,8,12,1,0,1,1,3
fbf6d4e7bc056cf16ae4d8293fea59a14caafacb,0,0,2,3,0,14,7,11,1,0,0,2,1
00d44a50b0e7b2340f46c53b4318696bf7fcf428,0,0,5,1,1,14,2,7,2,1,6,0,1
08cd2535c1457b8eaf5acfeea5562a80c7f4fc1d,0,0,2,5,1,18,4,4,0,2,0,3,1
0a58b605a356b5f661a810410fbc2b8f466f87ee,0,0,2,1,1,9,2,3,4,10,2,3,3
1ed766f7c0164e1ca11e6715e0b4c5ec92a576bd,0,0,2,5,1,11,2,9,2,2,1,5,0
39791c13eab1505553c3e49f8eccd909ec6f809f,0,0,4,4,0,13,7,3,2,0,2,4,1
4e00ec2f67076a7773857e53d13a427f3b179f52,0,0,4,0,0,17,4,10,2,1,0,1,1
58e9775e81f040ae7a0ae985b10de52091925358,0,0,4,2,2,11,7,5,2,3,1,1,2
64c3592ac6eab90d198776798254f545fdc72930,0,0,5,2,0,16,4,1,2,3,1,5,1
6c134733e16ed61681de04b90ddb75583edb68e7,0,0,3,2,1,10,7,4,3,5,3,1,1
923c84633f89ce209739cbe0a2446510fd56e078,0,0,1,4,2,7,9,9,2,0,2,0,4
dc779d449a6d23778d439d99cad53f3f275f3864,0,0,3,2,0,9,9,5,0,6,1,0,5
e366473025515d672b8f62b92a9536ee121b32d5,1,0,0,5,2,6,6,11,0,3,1,2,3
f5cd5b6d3d79593dce56b052b954e142b1ae0d55,0,0,4,1,0,11,2,15,0,2,0,2,3
04ecb200c00796e8fbe4faf13f7b71bbf24a2e85,0,0,3,6,1,9,7,2,3,0,2,6,0
344939470e4b08f25012bec994de3f31cd8eed7d,0,0,3,3,0,11,6,6,0,4,1,2,3
3e6c14a1de38230eca8537c414a2bb6fdadb7277,1,0,1,3,2,10,9,5,2,1,0,3,2
5c5f2d2c741ac83da38d3d7f34c98d0da207e0b5,0,0,5,4,0,11,5,6,0,0,0,4,4
5e8764361149f1e5eab1bb64177f63a1d0bdaf69,1,0,2,3,0,4,6,11,2,0,2,1,7
60a9bc003c81aeef503af5ab2f164378cda2b780,0,0,0,7,0,11,3,7,1,6,0,0,4
6be1c103a725383ea72f193576ce86c4a17a1ea9,0,0,0,2,0,7,10,10,4,3,0,3,0
6f8d3b3690ebd555bd2e33a4f7dde3257b1ae5c2,0,0,2,4,0,5,5,10,3,2,1,3,4
72450fcfa4a3b0e1e397f6b3146d6282fddc132a,1,0,2,5,0,8,5,6,2,0,3,4,3
74de56695a18c4347d9019398a822142ffbd6f43,0,0,2,1,2,13,3,10,0,1,2,2,3
a1daecfbf32f52b49af7d9fa52998121a4efb269,1,0,4,1,4,8,6,7,2,2,1,3,0
ac65065c5e7005b97746b96d76e36d8e84224dbf,0,0,1,3,0,9,6,8,4,5,0,1,2
b37ed9fe8ca89c0d0a6b733676a02b7010c4203c,0,0,1,2,0,7,10,8,1,9,0,1,0
c97313a8887b79160e43ea88c09352edfae12338,0,0,5,1,0,6,8,5,1,5,2,2,4
ce28bb117ad9215bc0939ea74cd0f93f8c7a16e4,2,0,5,8,2,7,2,5,1,4,0,2,1
cf914699c68705d0d77cd252b36412d83b117557,0,0,3,4,0,16,5,5,3,2,0,1,0
d4e3bee1f6371d0a836ead6d5cc034e6361a421a,0,0,3,4,1,9,3,9,4,2,3,1,0
df3552660c32ac5e59b21e3010f645cfdc642aea,0,0,2,2,2,5,10,9,3,4,2,0,0
e44c0b7537cbccdb1d36a3ccc1cfa9cd76a63e06,0,0,3,1,0,14,4,7,0,4,0,4,2
f014aad5610b16e0045ddabdc4eb046d189cbdb6,0,0,3,4,0,9,11,9,0,1,1,1,0
1011a7464cf06880f98529200ce1c0269fa62eea,0,0,2,3,1,7,9,9,1,3,0,2,1
23b620dd57fe00974fd4911ae7255bfc0fc7a4b0,0,0,5,3,0,13,4,8,1,2,0,2,0
41cf4bc0c905d0fa25800a97b2d3fde4ec5800ac,1,0,0,3,2,11,4,6,3,4,0,3,1
4531718fb5d28bbd945d770b7421e282ab670943,0,0,3,6,1,9,6,4,0,3,2,2,2
5142e8a95d3c679fb83903a60916661cb4778e43,0,0,1,4,0,15,7,9,0,2,0,0,0
6293eb625015a1c2b1e8804615840ec184df4666,1,0,1,3,2,5,11,5,0,3,4,2,1
650642dd13a6892381f7f4eabddf86176a618f6e,0,0,2,0,1,11,5,4,2,2,3,6,2
6b148b40d97b49abd5dcd9101c05cb629750222e,1,0,2,2,0,6,9,12,2,0,1,1,2
704e39cac6fbd92693c437d742200f8039dcc84c,0,0,1,2,1,10,5,7,2,2,4,3,1
7460ee6e744015a37fd722f4c5abe7092ebe6eb3,1,0,3,8,0,3,5,8,2,3,1,3,1
7a79534597328ec6e1ffa20ea698cced394f691d,0,0,3,0,1,14,4,5,0,7,0,0,4
83cf78eb2cab5ed373d0ae5d4b569b1395b45d74,0,0,2,7,0,10,5,8,1,3,0,1,1
847a600b94a24bb268a2094fe4ab286613ddbaa6,0,0,1,3,0,10,3,11,0,9,1,0,0
945375f41642841ecfe8ce44b1c2b9eb422b6157,0,0,3,2,2,12,1,9,1,4,1,3,0
b372cc44f9baf496ec88b4bb8b969ecc5430498d,0,0,4,9,0,12,4,2,3,1,1,1,1
c07e2e1154ca53651be319a4315480e322fe9ed8,0,0,4,4,1,7,5,5,3,3,2,0,4
d7da99deef7da7d8f11c225cb695df8dc2b99c22,0,0,7,2,3,10,3,6,2,0,4,1,0
d80d10830ec248555281e4232c87a34ee1deb531,0,0,1,1,3,15,3,3,2,6,0,3,1
e670e3ebc5326b73c664a88bea83dd88eccf1fde,0,0,0,2,0,9,8,9,0,6,0,1,3
fd7c9e8cf1fed33d1f75d6da6c026c7ed2ea03ec,0,0,1,4,0,8,7,7,5,0,2,3,1
03cb840073ca576e453249c9ed307a67a8b904c1,0,0,1,2,2,4,2,3,6,9,0,3,5
0995a864b110706963df3b66a68da61c625f3070,0,0,0,4,1,5,9,0,2,2,1,5,8
0efad3a1a2b3b4218f4b5aef5aec5d7daf2e6bd7,0,0,2,3,3,7,9,8,1,0,0,3,1
2e539de2129688da2c55b4267ed8858cdf1914bb,0,0,0,5,0,8,8,7,4,1,0,4,0
34a9c513cf8fe42782392766b41c49e454a1eecf,0,0,2,2,0,10,6,10,0,3,0,2,2
4404bb355ae9ab86ccc57e3a0616e5031fbfdd15,2,0,4,6,0,11,3,4,2,2,1,0,2
47bd37e419d955a303c87acf7e5e499a68a95d10,1,0,0,2,0,12,6,5,1,1,1,7,1
558242253315b083a4110734db92102233b3c572,1,0,1,2,0,13,3,9,4,1,0,0,3
619695ce5cd216cba896b4bc5018b751f17a8556,0,0,2,2,1,10,5,7,0,4,1,5,0
63595004076c13635f857d82db8e5eb95b9a5b5e,0,0,4,2,0,7,4,4,1,5,4,2,4
70812964794cacc70c965c7ce71f0719f46d49a8,0,0,4,2,0,7,8,9,3,2,1,0,1
78f65e19a67b795473ab6077940cbc8bf8b29a6a,0,0,2,2,0,7,11,5,1,5,0,1,3
80e83391d719ed2551af4ad26ff41f4f7634fbad,0,0,2,1,1,7,5,10,1,0,3,2,5
93a2a9034a13f798f834fc5ce23b4094980fc704,0,0,3,2,0,12,2,4,3,5,3,1,2
a6c160e481d45810f6a715fdaa74aa449dfe06fb,0,0,6,9,0,14,2,3,2,0,0,1,0
bc2dec36296718dfc4fb2daf167283c5011c1d46,0,0,2,3,1,11,9,3,1,2,1,0,4
bfcfeb01e1ae339cdea719454b82947be1649eab,0,0,1,1,1,12,3,14,1,1,2,0,1
c02e1780dc1948ea7c266d26deb6b3a91a127ad9,0,0,1,5,0,13,9,0,2,2,0,4,1
c375c64995d0c8781946f60020c5e5780bd7907d,0,0,5,0,2,6,9,10,2,1,1,1,0
dcd6a82e38021d999c3432d7dbd32a1b03f3897f,1,0,2,0,0,14,4,6,0,4,1,2,3
de541414d1216728d7d89a44a75abd90b4057a0b,0,0,1,2,2,9,3,2,3,3,2,9,1
df47fa923c8ba9255c30ef775086a7b8068d591a,1,0,4,5,0,8,7,6,1,3,1,0,1
e61edd59c7daf983792ecdf4f64d831d79ec1f88,0,0,2,3,0,13,5,8,3,0,0,1,2
ed40502ef1f091587ee1937446f012ecd2c19f96,0,0,1,2,2,14,7,6,0,2,0,2,1
faf2d465118a212d88bfe76edf1418e1f0db6cf4,0,0,0,5,0,13,4,7,1,3,0,2,2
0026acc6e46a07df3337aed52c87cf85f5ffbb06,0,0,0,3,2,11,6,7,1,6,0,0,0
05b0c2bc8da752c61bba61ff4793e42785ee9b9e,0,0,3,4,1,6,8,7,2,1,0,2,2
14e8849796c535517438f223a406a3d7d82b1b43,0,0,2,1,0,5,6,7,3,9,0,1,2
1e07bef9ca0c8633dfb9de80e8bfa967c0b450b5,0,0,2,3,0,13,2,11,1,3,0,0,1
2bb5acbbcb6e7b706bb37b4fd1186f6cf31f49bb,0,1,2,3,0,10,7,9,0,1,1,2,0
2e9171ee7de5501e368f67184ded90b5e4e3f613,0,0,3,1,0,9,11,5,0,4,2,0,1
37d821351b73cf9fe86ef04c1ed74bdf0387dc3b,1,0,4,4,1,7,3,12,1,1,0,2,0
392d6cd217fca4d6dddd252595eabc3f84e93b41,0,0,1,4,0,10,8,5,2,1,1,3,1
399c909c2b18bf5e598f36b2220266b6b04dc07b,0,0,3,5,0,5,5,9,0,2,3,3,1
54d622b22666cb5b4180a8ed9f15d35d1733c729,0,0,1,3,1,10,8,7,0,1,1,0,4
6615b0209ee9bce057581311425e892777b5e4f5,0,0,3,5,2,6,6,2,0,6,5,1,0
672328ef4c1c4301bc235ec029ef40b35bc02891,0,0,3,5,0,6,9,3,3,2,2,2,1
771b1e466d356016ffeed9c911e0aa72ab4fdd1d,0,0,2,1,1,8,8,7,0,5,0,0,4
7c2dc4cc3127941ae2cb76984a83b81733ad90cb,0,0,1,3,1,8,9,4,0,2,2,6,0
7cfaaaf7973993551b623ce0c39ab0a7a16094b4,0,0,3,4,2,7,10,3,1,2,2,0,2
a08ed1f93a3936c47e5bc3372dac6d9dc8a12271,1,0,3,6,0,6,2,1,3,7,0,4,3
a258acc83caaa02ac19d709e65c6d30f4eedd684,0,0,4,3,1,9,4,8,3,0,1,3,0
a57b01cdc48e48b0635a394094fa112aeb4e42c4,0,1,2,3,2,6,5,6,4,6,0,0,1
a89da79db35887dda97129c742b9293fd09e9a2b,0,0,1,4,0,15,4,6,1,1,2,1,1
ab180897f13a29368c92fa4ce02bee1c0f77ad05,2,0,5,3,0,8,1,6,1,5,1,2,2
adf56a09e599dbd0fef6ae9ff4f1ac440e928161,0,0,5,4,0,8,5,5,1,4,3,0,1
ae653ca694e961101c8ee7cf274c3253b555f540,0,1,3,3,0,6,12,5,1,4,0,1,0
c1d9aeed63b1426e20325bbabab122514cc7c892,1,0,3,1,0,11,4,3,5,4,2,2,0
ca88bd99e8b27125dc74f50896f1103b1ee0baec,0,0,1,2,4,11,4,4,3,3,0,1,3
cb01e838547d3ac4316c5b5f40d0062f1c315b58,0,0,3,1,0,12,5,6,0,4,2,3,0
d102936d8610195caef2cd43619f209a762dad6b,0,0,2,4,1,7,10,8,0,3,1,0,0
e36144dd19e12ae4267c58bceb770fc5fc24e557,0,0,2,4,0,10,5,5,2,3,3,0,2
e3a00ab0ac2775681323259ca8ad1e77e16f93d1,1,0,1,3,1,10,5,10,2,0,0,3,0
e8cb250cc762a2a1e43f7e36842f363c90dde03b,0,0,2,1,0,6,5,12,4,1,1,2,2
ec21e2796a92989b55084cba0b7933a494010435,0,0,4,2,2,9,3,9,1,5,0,1,0
f06bb9e6948b5441823a3a020699d8362b45e524,0,0,3,4,2,10,3,3,1,4,5,1,0
f7edffe645c350ed58cacc425d0cc59d328c3748,1,0,1,6,2,8,2,8,2,4,0,2,0
f9d88e0b947cf144b35e4b76df9f34e470291fb0,0,0,1,3,1,9,6,6,0,8,0,2,0
093b8e6808b584a07868846bf614c243d2b97f42,0,0,2,3,0,10,7,6,0,3,1,2,1
0e5b5401009cfaa4ddb24020efa9700969d5cbbb,0,0,4,1,0,15,1,6,0,3,0,1,4
1a238c102d9edc6a29dce1d0af91497abdf7dbbc,0,0,2,4,0,10,1,6,1,4,2,5,0
1b12bf4102b75a1bf86447bc77ae256049a991e6,0,0,4,2,0,5,4,13,1,3,1,0,2
360e7a643dfdee3be0942ca40e236f53049c12e0,0,0,4,1,0,13,3,2,3,4,0,0,5
51019edc7ff845b7f6c5c105bb1f9fa9809ea4ec,0,0,2,4,0,12,2,5,2,2,3,0,3
60638d5ea28aeaf32a9c8915f53cbba503d1da15,0,0,1,4,1,13,7,6,1,1,0,0,1
6fa20406a544a0a8566353c797fbf3a11311fdaa,0,0,2,4,1,9,3,10,1,1,1,2,1
74cabe013e08eaadfe8c459ab353331ef543221f,0,0,3,2,0,6,2,10,3,8,0,0,1
7d974140819de9f94883f85c5bd65d6d6aa41b21,0,0,3,2,0,3,6,7,7,5,0,1,1
8478cc402a442ed507b5752a9823f8af09f1206d,0,0,5,1,2,8,3,5,2,4,0,3,2
8847c34cb8a35aed3572f64b5b7bd3fb2d6607f4,0,1,4,4,0,5,5,6,2,1,2,4,1
8884d3e9f1059e2ab5983197b5343e0116ca6a24,0,0,1,0,0,11,4,8,0,6,3,1,1
a9f09d51701087dff06bfd2c624e7685a09a7870,0,0,0,0,0,14,5,11,0,1,0,4,0
b44acf13efdb1f13c74cbf5f6a36f310017cb0dd,0,0,1,2,0,13,11,2,0,3,1,1,1
b5a5c611eb583048e26c75ab00c8fb45f77e21ed,0,0,1,1,0,10,6,6,2,2,1,5,1
b8dcb301734e3210e6ebeb62bbf72201be9c45f1,0,0,7,2,1,11,3,7,0,3,0,0,1
bfcaa8b69f10ab6059a5543190950dba2510e78b,0,0,0,5,0,18,5,4,0,2,0,1,0
c552fdc45527e5d1560f076754f5cf0feb2f7a36,0,0,2,2,0,12,4,6,2,3,0,4,0
d0f0b20c70a371d1121a6ab835512aed9de13aa0,0,0,1,3,0,9,7,9,0,3,3,0,0
dbc1d5e2d0fbe35f17af05573a4efece187f241a,0,0,4,1,0,5,5,13,1,3,0,3,0
e02a414026951ff17ffa5b9e2afbee48657b49ba,0,0,5,4,1,3,6,7,1,1,0,5,2
e08d664422bfab5c6fef8c227dc62b8c733ef014,0,0,1,2,1,7,2,11,2,5,1,1,2
e91a4815ef675854da7e3656f48232a327d4311e,0,0,1,3,2,10,5,8,0,1,0,0,5
edd62f9bbdbd377fb8de3f384ad8528c1f8312fb,0,0,4,4,3,7,6,4,0,0,0,5,2
f122c1a1536c933d826d74276d294f0a980425c9,0,0,2,3,0,9,3,13,1,1,0,3,0
f24c0fff5e535565afd404b21d7796007dc2ac58,0,0,5,0,0,8,5,11,0,2,0,4,0
fc2302b85d9279b66e020cca34c07391afd913ca,0,0,4,4,1,9,9,2,2,0,2,2,0
fd823313cf31483c398510378c1d35292f18715c,2,0,3,3,1,7,2,7,0,4,1,5,0
02e3e8a27d2c2e3b97b7aa9de507f6555a8463c6,0,1,1,1,1,8,4,5,1,4,5,1,2
069a722bd042f3712297c89469ebfbfd6bcc4567,0,0,2,3,1,4,5,6,2,4,2,2,3
0cd5afbdbc51ec213edb146a4680ab75bde21c37,0,0,4,3,2,3,3,8,2,4,0,2,3
0fe8a01decba3929d4b34eceaed7d64dd161fd6a,0,0,2,5,1,8,7,7,0,2,1,1,0
1331b9fd7d42d858672f64b51bb52e2e0c2fffb6,20,0,0,0,0,0,0,0,6,8,0,0,0
136603f43ac3ebd9dfe889f8abefb518fd031790,0,0,2,4,0,11,4,6,2,4,0,0,1
1afd43a57c3bb3d5ac5c9f19f733f81d1985b9b0,0,0,4,3,1,10,10,5,0,0,0,0,1
1dff829854c6d0672a1a9da8ac529fa75febdbe2,0,0,0,1,1,12,5,8,0,3,0,4,0
202019b53864ad8ed505ec6e766d97906543bc1a,0,0,1,3,2,8,6,12,0,0,0,0,2
226e5a56625a56322030730df55aa64220133b2a,0,0,1,3,0,14,1,4,0,2,2,7,0
263c2d157d710c99f228a42b8b306b7e4d8defbb,0,0,1,4,1,13,5,7,1,0,0,1,1
293c64acae96dd0990fabf57b3d27365001637b6,0,0,2,1,1,9,3,5,1,5,1,3,3
2c932058757d932e1ff1d722264f43024767d9b9,0,0,2,0,1,6,3,5,4,3,2,2,6
31b06a21ea3754ffcedb9212fd8ad126b773a757,0,0,4,1,0,9,8,4,2,0,2,4,0
337ab1a485b483fde534591932149a071a6ec1b6,0,0,0,3,3,5,8,8,0,4,2,1,0
380577a9042c2b2e43f79756ea17ecd32e8e681b,0,0,2,4,0,8,6,7,0,5,0,2,0
3bd5ada6bd244beec26a6d0a7f6de5eadad1aabe,0,0,0,2,2,4,8,1,0,8,1,4,4
3c7a891c6c7dff98e456f0bb544dbde57da4fbe2,0,0,2,6,1,9,4,7,2,2,0,0,1
40bd23ad5f86b93833b658fcd5ff41bc4dbb8017,1,0,0,5,0,9,2,10,2,3,1,1,0
4496ac0f725ed46ef64be700cab0ce9794c2c99a,0,0,2,1,0,14,6,5,0,3,0,0,3
44a9e41f038a787d68d47c388a326bb98cea282d,0,1,4,3,1,9,13,2,0,0,0,1,0
46bda91eed14b8f3b0927ca28c32fbd71fe7a9e1,0,0,2,5,0,4,5,6,1,5,0,2,4
50d2ea5cf80ee094f73c06fb4ae4fced417ca8d7,0,0,1,4,1,5,7,8,0,2,1,3,2
528ba755e0124999c83ccb69b845d3cbb035daad,0,0,2,4,1,7,7,7,2,2,0,0,2
5928dd54b00f1f888ba1b386378586399547df0a,0,0,0,2,0,6,9,3,0,3,1,5,5
63598fe3f85487c78f9ffa803f4f0fec81896ca9,1,0,1,1,0,6,6,6,0,6,3,3,1
638859ffdbc910f00f7e75e017dc17cca6e09a30,0,0,1,3,0,12,5,6,4,1,1,0,1
666bf054aa79fefd983d2e8e470e7cd95b36d656,1,0,2,1,1,9,5,6,1,4,1,1,2
6af864782e3131a541fa2200565b1ad6428ed731,0,0,1,4,0,11,5,4,4,0,1,1,3
6c7946a92e4a63811c53f3d8de5dce2a44f601db,0,0,0,3,3,3,7,5,4,1,3,2,3
74bce2d9e6fa8b3023a21ac831a5bc3ce7afc71c,0,0,1,3,0,12,7,5,1,1,3,1,0
7e2d288d760d61df640abff79e2b256a7bf0fdc1,0,0,4,2,0,9,3,6,3,1,1,2,3
8c2e2880c6e3c24b0dee5a0a890f873889166c6e,0,0,4,3,0,9,7,4,2,0,1,4,0
a11e0fde6c2f361e133a3ca5618f603151eaef9b,0,0,2,0,0,7,9,4,0,6,1,1,4
ab35dc44c24b778cdf83b7679d6ab80223f8c598,0,0,3,2,0,9,3,4,3,3,2,2,3
ab57c139e43647374aa7aeae0d68f63a352591ea,1,0,3,3,0,7,2,7,0,3,0,3,5
afe638e9cb3f5bbad4b1fcd88b7962a6ae3624e9,0,0,0,2,1,8,8,10,1,2,1,0,1
bdacf5dd4df0a51af2d8a22f98027b6e385d2006,0,0,1,3,0,9,9,5,1,4,1,0,1
bea57402a75f3fb05edacbb1f809e29bfb45d06f,0,0,0,2,0,9,5,1,0,8,0,0,9
cb054798cb7dc4a6a2346c43f8b33a3c57071c54,0,0,3,1,1,6,11,2,1,1,2,4,2
d4d25639598ff8b10d614d63513af26feada0968,0,0,1,4,0,9,9,6,5,0,0,0,0
d588a75d22d92eaff97821f4e3f786771b11ec97,0,0,2,0,0,6,11,11,0,0,0,2,2
e053b9389f3175556789bf4a55c10fa657727e40,0,0,2,0,1,8,9,4,0,6,2,0,2
e1ecd7c15d621224f21e963ac71b599e485f99b4,0,0,2,4,0,11,4,5,1,2,2,2,1
e7bb11338514bd060afc631fa48946a7000cc3bb,0,0,0,1,0,9,7,3,3,6,3,2,0
e8b680d8bb5392df68f43ec65163183d53038953,0,1,1,2,3,8,8,3,2,4,0,2,0
0430877ea3eb6ae0be9ecfd8cdf08a3dc6ec74cf,0,0,2,2,0,9,4,9,2,1,2,2,0
0b174f349b1828d381574b7b4dee91ee7d2f2289,0,0,1,2,0,13,3,2,4,4,1,3,0
0f80846478ec3bed6aa53e1bb3f0f2812bd6203c,0,0,6,0,2,11,2,6,0,3,3,0,0
10211b76070437c8b2f1d73d33534c9606c680bb,0,0,1,5,5,10,2,6,0,2,0,1,1
13b54bce01ed753a415b1a12507aec9c1e179026,0,0,6,1,0,6,10,5,1,0,0,3,1
1def9c76c03c8c32ffa22dcf46681aa181c18ed5,0,0,2,5,0,8,6,9,0,2,0,1,0
220df904bd2eee054dee1ed1c858bac5ce7f6697,2,0,0,3,0,9,4,5,1,2,1,6,0
22533d77c9080517820bf1f7254c84c4c915f7b2,0,0,0,9,0,9,5,4,1,4,0,0,1
254b0d4e33796c0acde24b783f73cf41edf3e3e0,0,0,2,1,0,13,6,4,1,3,0,3,0
28fe8995a46393d3f6e761a59192d90493e0d65d,0,0,2,3,2,14,5,1,0,0,1,3,2
2967996b2e8ce26d767b8625e954d356d8a002de,0,0,3,1,0,15,3,1,2,3,1,4,0
360ceae9bee010c45424eb9b2478b3e47bd51e73,0,0,3,4,0,11,3,9,0,2,1,0,0
39f7bb69bc7891a63abd394718e7751b9bcc3704,0,0,3,2,0,8,9,4,0,0,1,3,3
3cf95ed4f1d43e97b8a98eb941832267b54eddf9,0,1,5,1,1,12,3,6,0,1,0,0,3
477e4be9495b9d223356d2733dd5127674822770,0,0,1,0,3,14,5,4,1,2,1,2,0
4d63f35c85407af69366d4b4fcce6a901bfc4191,0,0,4,2,0,11,4,4,1,4,0,2,1
588dea61f416ce91ffcb93eb49dd466d98a640d4,0,0,1,4,0,7,4,11,2,2,0,1,1
5fd39efb1e18db78231e213a785342ab37d18052,2,0,2,4,0,5,4,3,1,3,2,4,3
7ccac0eac5e4cbd7097863ea6cce3e3e5596d8ba,0,0,2,0,0,6,7,5,2,9,1,1,0
852d2c593ff7547c1f17176b1c1b1d6f99752798,0,0,7,3,1,6,4,4,2,4,1,1,0
89d68b142c78d28b81b2e5d5033cb5a3e0351151,0,0,2,4,0,11,2,10,0,4,0,0,0
9743265b6f56190e7fc721e37895896a48751666,0,0,3,0,0,8,8,5,1,5,0,0,3
97731db2b8cf6e3f3198c66862b212d9a8e22905,0,0,0,3,0,7,4,7,4,5,0,0,3
98ba3e7345015633dfb6944e49ba77413d08dfd7,0,0,3,3,0,7,8,5,3,2,1,0,1
abb63771be9785fd48d81e7f03975d312eef084d,0,0,2,1,2,9,5,6,0,3,0,1,4
abf26a4f71db2391e2dff0f46df02926c7cd4c6e,0,0,0,1,1,7,9,4,1,2,0,1,7
acd0e4545b66b85e9bfd2cae4f6d25d5900f9e4c,0,0,3,1,2,7,8,3,1,8,0,0,0
b54d3025e7b3e39983e4ba25a76b2d28438792d9,0,0,6,2,1,6,7,8,0,2,1,0,0
b68dbcb6b1538e1f64ce4d6a502ed2bf1d0d6cdb,1,0,1,1,2,13,8,3,1,0,0,0,3
be15d859e170c3bfc7d149e0b6fee1868404b16c,0,0,1,10,1,9,7,1,2,0,0,1,1
c5b54dded036e3c4e132a66317fba7a63f6aef9b,0,0,3,2,0,6,4,8,0,2,2,4,2
cc9ef7594780d41473d55cb3d3bd18a51dc4a999,1,0,0,10,1,7,2,1,0,6,2,1,2
ddaba85062d996471ebad8bffda9e70d01e7f18c,0,0,1,0,1,14,4,7,1,3,1,1,0
df1cd1de83a49c24fbc2412499a3d58319867130,0,10,0,8,13,0,0,0,1,1,0,0,0
e48cf4a14511c69a53917f418ecd5eae0063b0d5,0,0,2,3,2,11,4,6,0,1,0,2,2
e92ba1534bf1bf37bcbd21f6f9803733588a78e0,0,0,4,2,1,10,5,7,0,2,0,2,0
eb393f153533d7b5ea38af2e9e7b30a80e23ef45,0,0,1,5,1,9,7,0,0,7,1,1,1
ef60be6ee1e1a4507403dbc0c2bb429d079961dd,0,0,2,3,0,11,4,2,0,5,2,0,4
efff26d8724f4ac7b519367108c512bf9eb0cb9f,0,0,5,1,1,9,6,3,0,4,2,1,1
fce332b934784c9960d26df206ba5b849775e665,0,0,1,4,0,10,7,4,1,1,1,4,0
fd7f0793def70d2b3340c1635cb909cd51b21c63,0,0,1,9,0,6,4,6,0,3,2,1,1
004969b22247ab246b3759906ec4859e7a99f89c,0,0,2,2,2,9,1,9,1,1,2,1,2
06ed71e5da94f853d780afb5639127b929f99554,0,0,2,0,0,10,1,11,1,3,1,2,1
17fedca8c568b613e083c1c5470d38c97c65679a,0,0,2,1,2,9,6,1,1,3,2,1,4
1b2327c082d8b229695e1f00400cc3d899b01276,1,0,2,4,0,9,6,6,0,0,2,2,0
1f6c492886426ba285331b3b0b5aadc8064a919b,0,0,3,2,2,8,6,7,0,1,2,0,1
22289b8d191e0e02913ae0dcc7c8c7f1d9db2848,0,0,3,5,0,12,1,3,5,1,0,0,2
3d142e988e9f909401eeee16165da56f7736d3ac,2,0,0,5,3,1,8,3,6,0,2,2,0
40169fe5c62b271dc01c3263157c788e39a6b2b7,0,0,3,3,2,4,6,2,1,4,3,1,3
437ec028838fce501aba0d6a9f12487368036fc3,0,1,3,4,0,3,6,7,1,4,1,2,0
4d8c82a05ea0b492d6bc8e397c867e6ed503ec55,0,0,2,5,1,4,5,5,2,2,1,3,2
4ff9cbcf5ef4846fce9d1503f3cdfa466cae2ce5,0,0,2,1,0,7,3,11,4,2,2,0,0
5c214a17c8d6a716cd1b51a249f0c4153ffee54f,0,0,1,4,2,11,4,4,0,4,0,1,1
723d1a3dddd8540540d0ea414e5557d12a60639d,0,0,1,4,0,6,1,8,1,6,1,1,3
8fa7cb9b74f4fbf615095d4998a918360a5f5e57,2,0,0,1,0,9,6,5,1,3,2,0,3
926143b80db11c2cd32b2a795ca05e8c4a4f7b2a,0,0,1,1,0,16,5,4,2,1,0,0,2
9648d56a309b13dc1732629e7a2fe9085a320baf,0,0,1,3,2,7,7,4,0,4,1,3,0
9c8af1ceedca0fa661dc08e5e24fd6858d769c21,0,0,0,0,1,12,3,8,1,4,1,0,2
9eab67344030dcca647d1558b2b3c04c57222f4d,0,0,0,3,1,8,7,5,1,2,1,2,2
b4ab77e713cea93cbea18de316e7a8e909a1ca49,1,0,3,3,0,8,8,1,2,3,1,0,2
b6055f508e54a9fdcaff23b57ac82d7733ad9445,0,0,4,5,1,6,2,3,3,2,0,3,3
bbf5c902406dfb3a618af1c0d95ea55528157296,0,0,4,3,0,9,6,4,0,1,0,4,1
c42ed3ab710da0ff3dedd6bbd4d74598811ab57b,0,0,4,4,0,3,5,4,2,2,1,3,4
ca761c934d87b69e603eddf56cf7e91e4a21aaf8,0,0,3,4,0,9,6,3,1,4,0,2,0
cc44d879a6346ccba34225684ee184aff778f53a,2,0,2,6,1,3,7,4,0,3,2,0,2
ce994ec4bf1d470024d3bfc32c0a9dfe8544dd29,0,0,1,4,0,10,3,8,0,1,0,5,0
d29f3aee656cb5f6b1add15b1a7d531d70fc5b37,0,0,2,6,0,4,11,3,0,4,0,1,1
d79da4ca29d64f53526752050e9076e872b970cd,0,0,2,4,0,10,3,2,0,4,2,4,1
dc1c830eb09ef897ea4d47ef6adca61e8a475412,22,0,0,0,0,0,0,0,0,10,0,0,0
df571236f4ce643f03482da17a74da6ef6b1a499,0,0,2,1,1,7,10,4,0,1,0,3,3
e0c12c6d6ceabf5e47aeec13b311053b05a2f768,0,0,0,7,0,8,6,2,0,1,2,2,4
ee1a2e05274b7308973c9ab0c6f2d1e5f0c72df3,0,0,4,1,0,8,4,9,0,3,2,0,1
f4a35261d6a51d6b4e40d7d6e0a43a80270806fe,0,0,1,4,0,2,10,7,2,1,3,0,2
f4e95c5230d0f707a7dc867d8125cadb0e981e3e,0,0,6,0,0,10,7,5,0,1,1,0,2
f582932ed24c37a8a91176110206190f4d1086fb,0,1,2,7,0,7,3,5,0,1,1,0,5
0415b5cf0fd6b165d145cf184e6e1da4629d8923,0,1,1,6,0,4,5,5,0,4,1,3,1
0e32ec6954b56c7592113c1b7286f62942e63e8a,0,0,0,2,3,11,4,2,2,3,2,0,2
131b50e18601173f6f7de6b8f4729a5bb977311b,0,0,2,3,0,6,4,5,0,2,0,4,5
135f75b9c2d02871838b0720f364c2b6f7c39880,2,0,1,0,0,9,1,6,1,4,2,2,3
152f63d2394cc4e72728dfe2c402a2385e1c8c45,0,2,5,1,3,6,4,3,1,4,0,1,1
18bd08117c272703c3b352a98319583d0d0d30a5,0,0,3,2,2,5,5,8,0,4,1,0,1
1b54a0722f82686766c624c376c0606c94eb79fc,0,0,1,3,2,5,4,12,0,0,1,1,2
1e9c7f809b7f35bd67d2e28308da983f96450c1e,0,0,2,2,0,7,5,6,0,0,2,3,4
24f5a275d541279d36fd6c005e8e49277bbe6e68,0,9,0,8,12,0,0,0,1,0,0,0,1
261f2ce5c1389b2c5c8ec14054126abb63e02780,0,0,1,1,0,9,6,3,2,1,0,3,5
269fabaf87258cb0a4cc1bedfb0e920a02bd4c25,1,0,1,5,0,10,5,2,1,1,2,1,2
27ea4a3a1bdfcea0e8e455f7e3b12d3c2fb22f98,0,0,4,2,0,7,5,5,4,3,1,0,0
2ac5aeb90bdb82b5cc77d3b92c4d2d927a21bbe7,1,0,2,4,0,9,4,5,2,1,1,1,1
32ee542fac28849ee6c2d11f4b9143bf12603e0e,0,0,1,0,1,10,4,11,1,2,1,0,0
38c19f355fd9eb10afd02bda03d94f20a6c8bbf5,22,0,0,0,0,0,0,0,3,6,0,0,0
3968a6635e0d1e6d31976b0b4013986b997227dd,0,0,1,3,2,2,5,4,4,1,1,6,2
3d5bd4471d8c4083a2c08a72496976cb8163c6ad,0,0,0,3,0,9,2,5,2,5,1,3,1
4562fe4b184aa2d0c53a8418a2df362b90813f19,0,0,3,2,0,9,0,6,2,3,0,4,2
47d932be77c584f4f43df24ff2c8a637992eb225,0,0,1,2,1,7,7,6,0,3,2,0,2
48939b60f1ee3cdfb80b6bf1e5a83fce8d09efb0,0,0,0,2,0,6,5,6,2,3,1,5,1
4cb5293132496509a4f6cc151f2c5af5047fa67b,2,0,5,0,1,10,1,5,0,0,1,4,2
5f9197d0c41446008878026c988155424239af62,0,0,2,3,0,12,3,7,1,2,1,0,0
62eee11dd0bfd259b573a6606a5d7f3b3adabf8a,0,0,3,0,0,5,6,4,3,3,1,0,6
6f12334eae897da041b97eb87b9c01f0cadb703b,0,0,2,4,1,6,5,7,4,1,0,1,0
7859c777d8e8ceb0408f3be49e29da63ed565a3e,0,0,2,0,1,11,3,5,2,3,2,0,2
7898af67b98884aac76c7f878fc407e36472b741,0,0,2,5,0,13,0,7,1,1,0,0,2
7bf3a3c4757483a36c13d9f3720ea6e9b99fc215,0,0,5,1,0,7,6,3,1,3,1,3,1
87ae3060641a88bd01149726de7d37f2d6e30259,0,0,1,1,0,13,6,4,1,3,1,0,1
8d97a85ca812a6ae48473254a4307079817c5c17,0,0,0,3,3,7,4,3,0,1,1,2,7
978e02a007816371c4d9a9d6df0171b608ea247f,0,0,1,6,0,7,2,6,1,1,2,2,3
9a41ac5eb0a2b9baf6cef81e4dfd20238e58c86a,0,0,2,1,0,10,5,10,0,1,0,0,2
9a76b08cffb1664a3b04becadc0b852583eee0a4,0,0,1,6,0,5,8,6,4,0,1,0,0
a7d470d8a0b2138197a5e7580ba2b2c5d042279d,0,0,4,4,1,6,5,6,0,2,0,0,3
c7dd69f85b443f2b02e72048484c5cc177e3360b,0,0,1,1,0,11,10,3,0,5,0,0,0
cf2cc02503fc720875ba130c1c341fc69758f493,0,0,0,0,4,4,13,1,2,4,0,1,2
cfa0c360bfb7379f988ff25ec5ee5fe5613ff06e,0,0,2,0,0,11,3,3,1,4,1,2,4
d853df540bc7dfa880e0625a116fd488c2ee428a,0,0,2,4,1,0,7,5,2,4,0,1,5
da3c9bf94925d64953b191f97d3940ae664142da,0,0,2,4,0,7,4,6,2,3,1,1,1
db928be03e6a73171fd7faec642e7f6ed08504dd,0,0,0,4,1,14,6,2,0,2,0,1,1
ddcef0fa5e46e0958fda0a5118b8dfaf0035505e,0,0,2,0,2,7,8,9,3,0,0,0,0
df4e4d1b6239b23173adf9ddfdbe74d37522d5b1,0,0,3,3,0,9,5,3,1,3,1,1,2
f6191daecfd68bfcae5eb14917269f8e08815c16,0,0,3,3,0,2,7,4,2,5,1,2,2
fe84f52ee04e8f0999fd26e5d876a4e6914e838b,0,0,3,5,0,16,1,1,0,1,1,2,1
006db4646dc2b92bb257eacbee82a791ac63e657,0,0,2,3,1,5,5,6,1,2,0,3,2
03ac19541baf1d1ed92cc25bff9a3d1db52ddee6,0,0,1,3,0,10,4,8,1,1,0,2,0
04dc21a997bddf10f83d6ea19acb0d3f026b9fd1,0,0,3,2,0,10,0,6,0,2,0,4,3
059e3722557fdc0dc901b24e0f8101dd2ee9c1b0,0,0,2,5,1,10,1,4,1,3,1,0,2
06c9b17d2f1a636d8e8f2f4c60fba6f84916efe5,0,0,4,5,1,3,5,2,0,8,0,2,0
0dc15fb127046649952f310111b9d35059036b4f,0,0,2,4,1,6,2,8,3,3,1,0,0
0e25af64cd2bf670178db7afa106d41f8eb05fcc,19,0,0,0,0,0,0,0,7,4,0,0,0
1179a652d34527d8dec028c8e4c1db0938b7bd80,0,0,1,4,1,7,4,4,0,4,0,3,2
157780ed52603deadaa3c0084d37ccc52e373f30,0,0,3,0,1,5,6,5,2,5,0,2,1
19bf6d53f598f1dd43cd5134d63d5b2fdd9d9a2d,0,0,6,1,0,6,6,6,1,0,2,2,0
1a2e3460bf6dbb066564202abe4a917bbfd5eae8,0,3,0,8,12,0,0,0,1,1,3,0,2
2f9f6424a069d702c85d8e9f37acca6fd3aace88,0,0,4,2,0,10,3,3,0,4,1,2,1
309c19f7fb7b20e28feb02b2db15249d689ad9a6,0,0,3,5,1,3,8,4,0,1,1,2,2
370c769b47e8be6ee83c43351bd71c8bef4fa1c8,2,0,1,2,0,7,4,10,0,2,2,0,0
3710e8b34dd3ec34a250e3c53fbe024f59c6c9fd,0,0,0,2,2,3,3,9,3,1,1,0,6
379a6cb53925dd82f2f2bda1ca7faeab21c1d781,0,0,1,2,0,7,3,10,2,4,0,1,0
40f33053c752435d588fccf1f42abe4bded56fde,0,0,2,2,0,7,6,3,1,2,0,4,3
4781506d43d15cf281bd59f208c52acb0464084d,0,0,0,1,1,8,5,9,0,2,0,2,2
4a51d4b9291ed1fc4a3d367fd74847c400e26669,1,0,2,3,1,9,2,5,0,4,1,1,1
4a64bed49ecdfe488423b15b32879eddca123a34,0,0,4,4,0,3,4,4,0,3,5,3,0
4d1304601ace342c750e4398772d010b561cf501,0,0,0,3,2,6,7,4,2,2,1,1,2
52f09b25c7a0f8adc31d865967e16ae7d4d9c2ca,0,0,3,0,1,12,1,6,1,2,2,1,1
532678e4d8708087ab5d12429309951d21d87157,0,0,2,4,0,3,8,5,0,5,0,3,0
55d670d1110693e7fb5eb8cbde3c7fcad45ce77e,0,0,1,2,2,11,3,4,0,4,0,0,3
591bfadb9b15dbc2eb68af17cf2bc88b8c24ff77,0,0,2,8,1,4,3,3,4,0,3,0,2
664134ee700e8f70c5f8e2c35efa6bdefaba2924,0,0,4,3,0,6,2,6,0,4,3,1,1
677cd2fc904ec4609c5f171b7cd973cf9687081c,0,0,0,4,0,4,9,8,2,0,1,0,2
67a3566dc45f636414b2584642202eefd6043006,0,0,3,2,1,4,6,8,0,2,3,1,0
67ed866f9a0d646c8c81682c641e79d973beedb2,21,0,0,0,0,0,0,0,2,7,0,0,0
6fea794e6cc1447077fd22b263a4adbd893ae703,0,0,2,4,3,9,3,1,0,0,0,3,5
706743b9a77686c642ee93312f1da30b655ee740,0,0,0,3,0,9,8,1,1,1,0,2,5
7378e7c4e659017e62a99f0f818a51f4f1c9315a,0,0,2,5,0,6,3,7,1,3,0,0,3
75021f9647c949db89cf26b908c7a722661b7687,0,0,1,3,0,6,9,3,3,0,0,2,3
770142a5ae7f35c93487b9d3588e44c6cd97d6a9,0,0,1,9,1,6,2,2,1,4,3,0,1
79d4213c9d17b0202c04147e686b906135785a94,0,0,5,1,4,4,1,5,2,1,1,4,2
7a15005d87d7cbc430532a52157b9ff9b4fa890c,0,2,2,3,0,5,6,4,2,3,0,1,2
7cf86d97785e1a2216ede5668e9a1eeab6b5f64e,0,0,1,5,2,6,3,4,0,1,1,4,3
7db6a20122d1284bbe2d8e411313626288d71531,15,0,0,3,0,0,0,0,3,7,2,0,0
83d0ebaec5e371481afdab3a5e0049f2fe2d18a5,0,0,1,0,1,7,7,7,0,4,0,2,1
9215876cdd5d1d78f2a4ce055c3b48c77c68e41d,0,0,0,4,0,11,5,5,0,4,1,0,0
99504b53018b27d59586afd85839cdf3bccab031,1,0,5,2,0,5,6,4,0,3,3,1,0
aae88689d31a93c8ae6ab4727549050418a21504,0,0,0,8,0,6,2,5,3,1,3,0,2
ab38a2c344f1b4805f6e5bad1923dd9cbfea3745,0,0,2,2,0,5,6,5,1,4,1,4,0
ab5b01b9b8cb842d746aa41a944ea8ea2332619d,0,0,1,0,2,7,4,6,1,4,0,4,1
ab8f844b6c9df6fe5b162b73bb0fbb0f73130b92,0,0,4,3,1,6,5,4,1,0,2,2,2
ae8feeb5e3a74d544f4b2841147c59fb350c26b2,0,0,4,2,0,2,4,6,3,4,0,1,4
af08d29148b5691ec2f5943093ba3045e5568b18,0,0,4,3,0,6,2,8,0,1,0,2,4
bf45b90a1aacac6ce87fe42ca25389a41292286a,0,0,5,1,0,6,5,7,2,2,1,0,1
c10229de43c551a9ac3121ef339397cba2b10c65,0,0,4,5,1,7,2,4,2,1,2,1,1
c89ceda9b3b7aac497a1bd4605947d0984fc78f1,0,0,3,3,0,4,2,10,2,3,1,0,2
ccb05fcb77baf763883b960a0689922fccca4c4c,0,1,2,6,0,4,9,1,2,2,1,0,2
d79bd3efe504deb151ae18e3667ff47b6f765698,0,0,0,1,3,14,2,5,0,2,0,3,0
da5dca209101cf07cbeb328a938b627eedca7e75,0,0,3,1,0,2,5,7,0,8,0,2,2
dafd337b9240c43c8a086bebc2545ccf952a0a68,0,0,3,4,0,8,0,5,1,1,4,1,3
dcaa5fe635e96cda636a65b6efa2a49ff04905e4,0,0,1,1,0,9,9,4,0,2,0,1,3
dcee7f3b4b37690e5fba78fcc47a97a12cbf11dc,0,0,2,0,0,15,8,3,0,0,0,2,0
dfc8b2c8ac0c3cc580cf72650474e4edc8bd2251,0,0,0,1,0,5,5,8,2,2,0,6,1
e840318a744ebad1a5c5297583b75cc4e29dd547,0,8,0,4,17,0,0,0,0,0,1,0,0
e9986a8eb5aed7605f6e3a8d78bc3f2902a19377,3,0,0,2,1,7,6,4,2,0,0,2,3
023e8ab56aa62d874469183b5096830fd9f2685a,0,0,3,6,1,4,3,6,0,2,2,1,1
0600f75307c91d4fe99e4a860a2f715e24df0aeb,0,0,0,5,0,9,3,5,0,1,2,2,2
078f522329b4121e8f996ab3541e1951eed2a6ac,0,0,1,3,0,7,5,4,0,1,0,3,5
08bfede08a852e9bf4cb6c12a3874a0e54c734f9,0,0,1,2,2,8,8,4,0,3,0,1,0
1367203d613d40512e94944c359644d88026c8eb,0,0,0,3,0,8,2,9,0,0,1,1,5
17a9cc1abf1a2ae833fe1e2e4d51ba6f29174e54,0,0,3,1,2,11,6,1,0,4,0,0,1
1d96b6ac1f0c2a280ecba343077fc8dcd76654a0,0,0,5,3,0,3,6,3,1,2,1,5,0
1f4af536005a820468ed6a5249119430b3e06271,0,0,1,3,0,11,6,4,0,3,0,0,1
22b21ca0cd5ce3ab19199c4a88d479c64ab9da94,0,0,3,2,0,9,3,4,0,0,2,5,1
2749b5e8c5ae455d7bb43fb05ddbbe6bb00e87ce,0,0,4,2,2,9,2,3,1,5,0,0,1
29ba23d0a1d9e59ece9f71f407bfba2eda1b1f18,0,0,1,2,1,4,9,6,0,1,1,2,2
2b345bb808869b846a69f4d5ecaa796db814acf1,0,0,3,2,1,9,3,1,2,2,0,5,1
2d0ef8ced0c342098b4e6d22581ad1b993af3ac4,0,0,3,3,1,7,3,5,0,1,3,0,3
2e4697807a3d8fe6512d076d916dda1a8a29756b,0,0,2,1,0,9,3,3,1,3,2,1,4
335c7214f0c0edec89151368b33fceccd4bf0e5f,0,0,0,1,2,0,7,3,2,6,1,4,3
335c73f0a6f400f72829d52328da5783d0b5f876,0,0,2,0,0,10,5,1,0,1,1,5,4
3ade101d6d3b887b91b8a17be4bd1193d9a840be,0,0,3,2,0,15,1,3,1,2,1,1,0
408ebfef800e31719b51817f39b607fd80e2bffc,0,0,1,2,0,8,5,5,1,2,1,2,2
4906ecbd22ccffa41d742494c6da93cd59c81456,0,0,0,1,1,8,6,7,2,0,0,4,0
49934572d458aa0aa923b50210f2a5bc108b2769,0,9,0,8,8,0,0,0,1,2,1,0,0
4a6df9411ec03a5dedb685cb09e4be0d2a239ecd,0,0,2,1,0,11,6,7,1,0,1,0,0
4ae486f6d8da557528f4f67d8a2b6abc191aa33e,0,0,2,1,0,13,4,4,0,1,1,0,3
4e40407e8ae3f761ef4a2e24d38e8e5ec0bacf60,0,0,3,1,1,8,2,6,0,5,0,1,2
511c8ef0c28d1f6053ea489cd804a08566ad2f8e,0,0,0,0,0,7,8,3,0,3,2,5,1
5e2f74f5fc489e06a09ff770e61ddd5187bf567b,0,0,2,7,0,9,3,3,0,1,1,2,1
5e619e2fcadaab889afb3883c17b4a1010d29563,0,0,2,5,0,9,2,6,0,2,0,2,1
5e9e82b7a2f0d24cd7d97562712f13e6061848ad,0,0,2,3,1,10,9,1,0,0,1,1,1
676c2e782047e4e044219c1fd2e7739f338eb3c6,0,0,3,3,0,6,8,2,1,2,3,0,1
70f942d4e855345586b84dd182b8d121dd849fcd,0,0,0,5,2,6,1,7,0,2,1,3,2
827495820a66fcd2fd53de0aab4597129aa04ab9,0,0,3,2,0,8,6,5,3,2,0,0,0
82782c376694e51a3ab1916c7f9b9762e42eb3a6,2,0,0,0,1,8,2,5,4,5,1,0,1
91ca1197ecce2c2d9121fd180042e7a2a698ad76,0,0,1,2,2,8,4,5,1,1,2,2,1
9d59ffac25a175ad3ca6377d370ac662f88b84c8,0,0,1,3,0,9,3,8,1,2,0,1,1
9f828ed56fe96c4fb6e7bb91bf8f80c214943752,0,0,1,2,0,6,4,5,0,1,5,1,4
a1867cf34c0620a9f511d6f10a37aa66ff5959e6,0,0,2,3,0,7,6,5,0,2,0,0,4
a43389c5bc285752f93ed4fc7be5ad468eed5430,0,0,0,0,2,2,9,3,2,3,0,4,4
a64bcdda30c0fc2348c03cb447601067c375f7a3,0,0,2,3,1,7,3,9,0,2,0,0,2
a6be62eb2045cbf3bb19a9cab0295702acd6c798,0,0,2,3,0,10,7,3,0,2,0,1,1
a97f73e9e52ac3f9aa54de63f854a3e33c101953,0,0,2,4,0,8,6,3,1,3,0,0,2
abb438ca8d584fe30c65a4e7b58d574ec316f8ab,0,0,3,1,1,4,7,4,0,3,1,3,2
ad7e7966c03d10a87fc803fc9211bc6c7634fd83,0,0,0,4,1,4,4,4,0,4,2,0,6
ae82f6eeacd0961bdfffa3c3d6cc27d2cfa47b16,0,0,2,4,0,6,4,9,0,1,1,1,1
b4c621e1332d01822ac79ee4756ee8ecc40d9bd4,0,0,0,4,0,13,2,4,1,3,1,1,0
bc66ba86a240f9474ac957ecdb86efd045a53d42,0,0,2,2,1,7,6,6,1,2,0,1,1
c664c1da03edb88ac2fa1177153f3387c9910279,0,0,2,1,0,4,7,6,1,3,5,0,0
ccbe83059697e29a680f5a95c23acad81a840bf3,0,0,3,1,0,8,5,4,0,5,3,0,0
d28ae1e42f072c44a2d3e2e3d6a52d53fec3341c,0,0,2,9,0,4,4,2,1,1,3,3,0
d7a9b38c8210e863e8589766b4634128e4320395,0,0,1,4,1,4,6,4,2,0,5,2,0
dab14b65a5bcc000ccb3186a90f9e01c38de0eb4,2,0,1,0,0,5,6,9,1,3,0,0,2
fabaf4c1ccc58171916c569e65b825371ce6b225,0,0,0,2,0,7,6,5,2,0,0,5,2
01bd5b2b0504937bc819484a83d3c32bb898a98d,0,0,5,0,1,8,7,6,0,0,1,0,0
03af9d4b7aedec0347b7ba79351edd7bec570f82,0,1,3,2,0,6,5,3,2,1,0,0,5
07f4b95686c9ed311a356a5ab48f4729a8e1fe0e,0,0,3,0,4,4,1,4,0,2,1,1,8
0f7f250178875069265e30d3313598a772235028,0,0,1,5,1,6,7,2,3,0,0,1,2
1223ae8d5a02df3032c20d85cc4e0e573799655d,21,0,0,0,0,0,0,0,2,3,0,0,2
1360776fa939394415a08300bfbd2e80c55e72fd,1,0,1,0,2,5,5,6,0,1,2,2,3
207634ea01898debe58172618cfdeec08d01d417,0,0,4,2,1,3,3,2,1,5,0,5,2
22f9f113de3a8245df9aad1f4a2bec62930ee145,0,0,2,0,1,8,1,3,1,4,0,6,2
2566b076ae0198c79394ecd23ee77554cf64da71,0,0,3,4,0,5,5,3,0,2,1,2,3
2a5a60ea44095495df37e239079a6e264136082e,1,0,2,2,0,7,7,4,1,1,0,0,3
335605f1d16bc6ae7890ee9491e58b9b86fca743,0,0,0,3,0,12,1,7,1,2,0,2,0
3396508eceb351a947a6a0d548ac96c71b40e053,0,0,2,0,0,9,6,4,1,2,1,2,1
39025800315e1115b631064e1d42997683e2e08f,0,0,2,3,0,7,6,5,0,2,0,2,1
39e4b570c19c6e452572e17dbb9e033dae166f2d,0,0,2,1,3,4,6,7,0,1,0,0,4
415f6cc124d7271263d34d6af450a604f0e90c88,0,0,0,2,0,8,4,4,1,3,3,0,3
42a71eac26d313cd77e2deaf690ff89ff4319de2,0,0,4,2,0,4,2,7,3,2,1,1,2
458449f4d15574934009d6b97b44196450ce9489,0,0,0,1,4,1,6,5,0,1,3,6,1
47c5a9d9461f476f2bfd986fbed729bfc57581a7,0,0,1,1,0,12,6,7,0,1,0,0,0
4bcc95353525cda193394316bf3b2f7ec045bd56,0,0,1,1,0,6,2,5,5,1,3,1,3
4db3ce96ac9251f9d2fa3d03bbc2b9a6874b13af,0,0,0,5,2,5,4,1,0,5,1,0,5
5005e1cf1a33db19fa302b8a73aacf0ffb5cd6dc,0,0,1,3,1,7,9,2,1,0,0,0,4
5133ad743f395524322e2ba7d5584d9db9c700b9,0,0,1,2,0,3,2,12,1,2,2,1,2
543a29b20b32355f5a18465d18b66f34f1f46545,0,1,0,1,0,8,3,6,2,6,0,0,1
562169bcf7c6eff03b4c1979629ab17d3cd40a5a,0,2,0,5,10,0,0,0,0,4,3,0,4
584ead4ab92f086e452759eeaeae9b6b50c8f6cd,0,0,3,2,0,6,3,8,1,2,1,0,2
5940622185759f5b30980cee3097ff684081a7e4,0,0,3,0,0,7,6,7,0,1,0,1,3
5bb4e644b3ccb9a0c59a2d6d9510111024718b8d,1,0,6,3,1,7,4,1,2,2,0,0,1
5bc1ae5d22d9132f5497c9ac6f545fb25a34adae,0,0,1,3,0,5,5,7,0,4,0,1,2
5cf103fe31b080a4c1ad2282b092117def1ed2d2,0,0,5,2,0,7,1,4,0,5,0,0,4
5e4a07486906b18e5a6e5c3b029e2650189ee8bf,0,0,0,4,3,2,6,3,3,3,1,3,0
6ac5f38834e87e54c0fd51170ad9a0aa6d76d4ca,0,0,3,5,2,3,5,2,0,3,0,2,3
6d67b10aa43ddf546f3c75bcaf75214effaecbda,0,0,3,3,0,10,5,1,3,3,0,0,0
6f1a221c4725777ba82b7046900300c74fc33a43,0,0,3,2,0,6,2,3,1,4,1,1,5
72ce665f3dc70c5db6a6ad452b3fd05351b015ae,22,0,0,0,0,0,0,0,2,4,0,0,0
7688443db178061a1c9b63598f69596960afca1f,1,0,1,1,3,4,4,11,0,0,0,1,2
77f36b07dbd9d452a833311f5f0a7c5ceeea40aa,0,0,2,8,0,5,3,7,0,3,0,0,0
78dcb32c9ebb59f2cab8477dfed959ced8396784,0,0,0,1,2,1,4,3,1,5,2,2,7
834335bd3deffbe7e776f9f665e1c567485378a4,0,0,0,3,1,6,3,4,2,5,2,2,0
870de0d9fb6c072639bccd73a883bb41418ca30d,0,0,0,1,3,4,8,3,0,0,3,3,3
8840e1974037c4e5ecf4cefc661118d6e81f8d2b,0,0,3,3,0,6,5,3,1,4,1,2,0
8b165ad2160d0743fa591521b21fbda14d56fb4f,0,0,3,1,0,11,1,4,1,1,0,5,1
8e470f2dba61545785f69e0ed7017d4199208b27,0,0,0,1,0,9,7,3,2,2,2,1,1
934b6da21195544dc1c18cf5fad1c6656694ba5c,0,0,3,4,0,6,0,4,1,3,1,6,0
93b76ef2d6fdc3ad04cc4f90328f250f243f427d,0,0,0,4,0,13,3,4,0,4,0,0,0
9439b9d3e80bb07af06121b5726a49bff30e9802,0,0,3,0,1,3,3,9,0,4,3,1,1
957a28919382cece677ea8d85cf8064c3eaf9c03,0,0,1,0,0,8,4,7,0,3,0,2,3
9bca2432be8a73f297f559aefe3cda64a89d968e,0,0,1,1,0,5,4,4,2,5,1,4,1
9be5c744d9b542281dc82af210f21cda9b5a725e,0,0,3,1,3,4,4,7,0,2,2,1,1
a126d9b816658ba0dfcd89f47229f23b56d10567,1,0,4,1,0,8,5,6,0,2,1,0,0
a1f3683bd51e68c3f071290a6d677c22618ac1ab,0,0,0,1,0,11,2,6,0,0,5,1,2
a420c210f35a174628e44d5273f8c8f149ba6d88,0,0,2,4,0,7,1,3,0,6,0,1,4
a530a1c72f243821d97ebeb91db90b81d07a8666,16,0,0,0,0,0,2,0,5,5,0,0,0
a8448c9fe46799606fa15613d62d155cac22c358,0,0,4,0,2,11,3,5,0,1,1,1,0
b01e815b8c8f58b55aa05d98c7835f98ed7e2465,0,0,3,2,0,6,6,4,3,2,0,1,1
b01f80ce761d5a7801d0d34e879b5fce074e2d0e,0,0,2,0,1,14,4,3,3,1,0,0,0
b034826ebf0448479afbc3585d79a2fb1f643de2,0,0,3,4,0,4,2,7,2,2,1,3,0
b045f853b8ec8cd695027fe772f53271a7ccadca,23,0,0,0,0,0,0,0,2,3,0,0,0
b08022b94052b7a9c7846dd4d26110c8ca0add26,0,0,1,2,0,10,4,8,0,1,2,0,0
bb9e617d6287b545526d88eb089fa39d3cc9bc22,0,0,0,2,0,8,4,6,2,3,1,1,1
c70635baa6314da1c58a2a4f07a02b7c833c44d6,0,0,1,1,1,4,4,13,0,3,1,0,0
caade772ec4adefd3c733e49d492370027930fd9,0,0,3,3,0,4,4,2,2,3,0,3,4
ccb1ea0ad221a0567cb985552a35b7cd66a39b5f,0,0,2,3,0,6,4,8,0,3,0,1,1
d2720aa81a97cc69e5f0eb2d50702d686b546868,0,0,4,2,0,5,4,4,0,3,1,4,1
dc2dce4688dec9fa14a689975ebcc7a5d5ffc4d9,0,0,0,5,0,6,4,4,2,2,0,4,1
e05b43aa6ad38050551333cb74bad819b0113fd5,0,0,2,2,0,4,7,4,3,1,3,2,0
e11a9472ddae675fee84fcb7787ac41b9c098bf8,0,0,1,0,0,10,8,3,0,2,0,0,4
f74aa9b116bd4159604cb9efb4479c01976465ee,0,0,1,0,2,8,9,3,0,1,0,3,1
fc8d46d904b859642442397f092f4661981faca2,0,0,1,3,0,9,5,1,1,4,0,3,1
fe75f5b555d06be58fd7b897678c8e17e424dbf4,0,0,0,2,0,10,4,2,0,5,1,3,1
ff81af5a9ec8817284a7ae52d028519e1b333cbe,0,0,0,5,0,11,4,2,0,1,2,3,0
02a42c8943bbd5f9e6baffa02d66dde8ca8ed5ff,1,0,0,2,0,3,4,7,1,2,1,0,6
04fbfd10b1894d139421a4733bf4c20d917c651b,0,0,2,2,0,5,7,2,3,1,3,1,1
09442f35aeb22da83814b41112b9a9dcf143abd2,0,0,2,0,0,7,4,4,1,5,0,3,1
09be2f2ae06b268b9e15b0f30c4967ffa26a7f4b,0,0,0,2,0,9,6,1,4,0,1,0,4
0ffa3db12a87cfffcee368aac02589571551bec2,0,0,0,1,0,7,9,2,3,2,3,0,0
13b507773e697618f42f7dfb70f7ec2239bac318,0,0,2,1,2,5,6,5,0,1,0,4,1
1444896c32444bd13ab949f1be12137dd3f7ab6d,0,0,1,0,0,3,5,6,3,6,0,1,2
14474dbb8045e59598607a67892bc2b2e58f2065,0,0,1,2,2,10,3,5,0,0,1,0,3
15fbef86904c1f85cac88739ef73734d71cb2c63,0,0,2,0,0,0,2,8,2,3,3,4,3
1dd5089016472f5efe38f0f2eb63115d469b3a9c,0,0,3,4,0,7,3,4,1,2,0,3,0
200803e5c1a11e2bb982a3a5de46e71d9b367dba,0,0,3,1,0,6,5,2,1,4,0,4,1
20e52e11eecb213f39f2bb645c8a353d06a1d7e8,1,0,0,2,2,7,2,8,1,3,1,0,0
2830b09c8681f120353630e25a15be5c155da3f7,0,0,2,1,0,11,5,5,0,0,1,0,2
28b9f7cff3538ad1673f90b3384583f00d277cf3,0,0,4,0,1,6,6,4,0,6,0,0,0
2f7ab08b036b6d2f78701c4707574d8d0c630cad,0,0,0,1,1,9,8,0,0,4,0,4,0
3069b20f0585dcdc8a80f3f0b2a8c86bdf1c65f2,0,0,1,2,2,4,8,1,0,3,1,3,2
3215107182fbfb994bdd7aaf8ab8b035ce1f43a5,12,0,0,0,0,0,0,0,3,9,3,0,0
39bd51c922b99919fd6904c1d6be3c58a086f68e,0,0,1,6,0,2,4,9,1,2,1,0,1
3dca8fef18326024f66c198d08ce8ecc4bb7d640,0,0,1,0,1,6,2,6,2,2,0,1,6
43a6142ad0c3a1190aaa1ed4d59f27be549ba775,0,0,3,1,1,6,6,4,0,2,0,4,0
4c8be17f0093fbbf9f98645febf2e52e777d4f6d,14,0,0,1,0,0,0,0,3,9,0,0,0
4d387a7e280821030440382734850b9a72419b5e,0,0,3,6,0,6,4,2,0,0,0,2,4
4d84fa62560d43296de5c51e90ffd546edee9f19,0,9,0,8,6,0,0,0,2,1,1,0,0
4d96e8aa899c04d4786102b9d596a32e1cb4b574,0,0,1,3,2,8,8,2,0,1,0,0,2
4e82f7b867fe8d0deac8a96c8de8d10312e2adcc,0,0,0,0,3,2,5,2,2,1,4,7,1
4eaa9fcbd8c642a7c420643ada64221508cdc9ca,19,0,0,0,0,0,0,0,3,5,0,0,0
525a2f2df5985408f0b521b8480a71894657e2e3,0,0,1,0,1,7,3,8,2,2,0,3,0
547f3e91713cc7252590a3f3cd383e3849ac9e62,0,0,2,3,0,5,6,2,2,2,0,4,1
577f2785b0af100a1063ab1a13f252c4993e6667,0,0,1,0,0,7,9,4,1,0,0,2,3
5e6199309079ef391c22676e653797c72b671c19,0,0,2,0,0,6,3,3,1,2,2,0,8
641acd2f706f069106716cefbea912da8ff2bc25,12,0,0,1,0,0,0,0,4,9,1,0,0
65f0430104b6e8ffa83bdd1d97da2514240a0af4,0,0,3,2,0,6,1,1,1,2,4,5,2
6de92c567e769edeb37e6f4ce283ea193f10a24a,0,0,6,0,0,9,3,5,0,2,1,0,1
6e4694c62eb549cc42ed784f9a6431a915fbe99f,0,0,4,1,2,5,5,5,0,3,0,1,1
70c709e035fda7061d6c22f3255f5044b7cfe2ec,0,0,2,2,1,8,4,5,1,2,0,2,0
76164b22b3727b2214ed044943e49fd33bb5d622,0,0,0,1,2,10,3,5,2,2,0,1,1
7662ba42a5390d5721fe39171b121f91f22fcca4,0,0,5,0,1,6,5,2,0,1,2,2,3
79ac1a3eaae4d437d2b0297d947e8c97c8e17df7,0,0,5,1,0,2,4,9,0,2,0,2,2
7be544ed68b386db6ca78e2a30e8767eec755b69,2,0,3,3,1,8,2,4,0,2,1,0,1
7cd16d0c91b3832cf8c3808e58d3cf5c17a25554,0,0,2,5,0,7,3,6,0,1,2,1,0
824253b2beba4206e9a0d92bf7990d4608f617b3,0,0,3,0,2,7,5,3,0,4,0,3,0
83817aa4e8f7c6de866571bbcc5c525ae8bf48ed,0,0,0,4,0,6,5,4,1,3,2,2,0
85ca5fc1c8b67b1357cbb08993ef10836aace126,0,0,1,4,0,10,4,6,0,1,0,1,0
901b930f523def0398fb8698429db691c3127f57,0,0,2,0,0,9,5,5,3,2,0,1,0
93f1077fb547a26e839c9a293605b8c19f482878,0,0,0,0,0,9,5,5,0,7,0,1,0
973f1136bd6a23a45f11282220fe4c59984abc1e,0,0,1,1,0,10,12,2,0,0,0,0,1
97b0a0ce8f12e146b590f375aae262da88d40ecc,0,0,0,1,0,11,5,5,1,1,0,0,3
9b89b6a8a08e186f0d8e48408df84ca8b6b0be29,0,0,2,0,3,4,7,5,0,3,0,0,3
9e46ce96fccf9b584652ae2f96a071b4a12d4754,0,0,0,2,0,15,4,1,2,0,0,0,3
a0989c1696550cfc31094773c136d0b6943e64f6,0,0,0,2,0,10,7,3,1,1,0,1,2
a142fc9a193ce2d62d202b74b6bb402d45453dd2,0,0,0,5,0,6,4,5,1,1,1,0,4
a1a5d017a3ec5f8a96326736f1e39cd31091d43a,0,0,2,3,1,5,1,5,1,3,3,3,0
a350c2c42ab1aeb641b01208ec0c26ca4d4ba538,17,0,0,0,0,0,0,0,2,8,0,0,0
a66d021cb8f7f0ed6323233b8e13a43b506b41f3,1,0,0,2,0,7,9,3,0,1,0,4,0
a6d6a6badb882a02304918481b90afd9382dafb5,0,0,0,3,0,6,4,6,0,4,1,2,1
a86d521167b1f7c61dda999ce5d492bd5b417c91,20,0,0,0,0,0,1,0,1,5,0,0,0
a8bf83a5065173a7e39e6d91f2a4bc3c7aaedfef,2,0,1,4,2,3,6,1,1,3,0,1,3
a9f4b99fc53ecd251ca8d9fc14b28c0dd1972f9c,0,0,0,2,1,7,3,8,3,2,1,0,0
b5bc05286744a7625a623bf4aeb3e6777dae8045,0,0,0,2,1,5,5,6,0,4,0,0,4
b67911143306ea3d8d84d603974b3949c508c30e,0,0,5,2,3,10,2,3,0,0,0,2,0
ba057321d096bc87374993148aba54f331376b8c,0,0,2,4,0,3,6,5,2,0,2,3,0
bb24bd32428ef66bdd496eb5e5e6274a0c499872,0,0,1,2,0,10,9,2,0,2,0,0,1
bc19d49ab3e5abac18699d0bf0e001dd21974d60,0,0,1,5,1,4,8,2,1,2,0,3,0
be713f3eecafc30f20f81e775536a3a45cd4e2a0,0,0,0,3,0,3,4,0,1,2,5,7,2
bf63fb0408f282daeef02b6d948c68fa3bcba65c,0,0,1,2,1,6,4,4,1,2,2,3,1
bfbacf77756a28a4a040e2ab1d2c7953ee92116a,0,0,1,2,0,7,10,4,2,1,0,0,0
c2464544cde733c9bd86cba2e36bac876b76ba72,0,0,1,2,1,5,2,7,1,5,2,0,1
c2992a291dfa8c5083d8a433ab22c41041904d01,0,0,1,2,2,8,1,5,0,3,1,0,4
c74112016cdb6b09bb3c3dd35c5fd86256c4dcde,2,0,0,2,1,4,4,4,0,2,2,2,4
c8a52a9829857bbeb0c1afa39edaa8f3c06564d3,0,0,4,0,1,7,5,9,0,1,0,0,0
cb5fb5cee0a86162dcca9f464f00e719f134217a,0,0,2,1,0,8,2,5,0,2,2,0,5
cd767a894cc4645bdc88733c20106f829cf8365e,0,0,6,1,0,9,3,2,0,3,0,2,1
ce6009a2cf2e926c22aae1dafad850699a5f23c2,0,0,1,0,3,7,5,3,3,1,1,1,2
d2199a56c975beaf93ac5c5796f7746a6f622b3d,13,0,0,0,0,0,0,0,3,11,0,0,0
d231e7b3f61dd7a806821be42aca90de8aa55e87,0,0,2,3,0,7,9,2,1,0,1,1,1
d2e3ab0a01ee388dac490318c0a67a68ed2050e8,0,0,2,5,2,5,8,1,0,1,0,3,0
e114ae57875f09e7beead8f6fcd0cbad7f572e67,0,0,1,0,0,6,1,10,0,3,2,0,4
e279bfd65e2174a1242901daae8c77dba4cb191b,1,0,3,1,0,3,2,9,2,2,1,2,1
e744c57fac5ccc5d9e4e4e70f7ca2472bcb1fe6b,0,0,3,3,1,6,0,12,0,1,1,0,0
e96e68598a0f3faf62967464f3e5f9a3394ac2a2,0,0,1,4,2,5,4,2,0,2,0,1,6
eb06498e7b7d6dfa2f311896722b4cf87fe3c009,0,0,1,3,0,10,4,3,0,2,1,1,2
ed56ed5d3cd5857a086d1d1933d096a5a0e6b91f,0,0,2,1,0,3,1,5,0,6,1,5,3
f2dc918b8bac28a9e19ad04ff7d5fe5058ddc2ff,0,0,1,2,1,5,4,2,1,3,2,1,5
f2fe62ac5e79e9dbb261a6aabc600a061d9a562c,2,0,3,0,1,4,4,6,0,4,0,3,0
f3d32d63ccd0915bc41dcf7a06961f5050e6e03b,0,0,1,5,3,8,5,2,0,0,1,0,2
f4f11017c5c8b42f6005e2fea21dc3fc00f5603b,0,0,1,1,0,11,3,5,0,3,0,2,1
f860175a85a044cdb1866f1bc439ae9b9e501dde,0,0,1,2,0,8,5,5,0,5,1,0,0
fd83b174028cfe8e6d8dd576705f0dd34d6faddf,0,0,0,0,2,2,6,3,2,1,1,7,3
033f56e20fddcf8d4a854cfd500cd27003cf6980,0,0,3,3,1,4,6,8,0,0,0,0,1
067e66555976e39b8d14ad6a5292f212b5a44824,0,0,1,3,0,10,3,3,5,1,0,0,0
06bd31ca258a122d8b0934ab9353929b9712df84,0,0,0,1,0,5,3,5,2,6,0,0,4
0bd01bb978042b1edef985a406f868ad26a49019,0,0,2,0,1,14,2,3,2,1,0,1,0
117701a53c9e2516e9462426ef51e54e43ad06f7,16,0,0,0,0,0,2,0,2,6,0,0,0
1532a51978d36984448b38352a40ab5fbdcf364b,0,0,1,4,0,10,3,5,0,1,1,1,0
1885e6306cbb61a4b2594a309242db988000b144,0,0,2,2,0,8,4,1,1,2,0,2,4
191cbbd71091e934d3f82fafeb5836ca7a2f6b1c,0,0,2,4,0,4,1,4,1,6,0,2,2
1b63c510e4d3494763254cf65e23a47b85a38dad,0,0,2,2,0,5,6,3,0,3,1,4,0
1e6c79c9acb14bea4657213491c85381c259551d,0,0,2,1,0,2,11,2,2,5,1,0,0
1f8652791021563e9889ca4e638fc95366fb318b,0,0,1,2,0,7,2,7,0,4,0,0,3
2332b43e429487a51bab7480c51cf81f26bd5926,0,0,0,9,1,6,4,4,0,0,1,0,1
2b8eb57ee8004ac18bb45f1efd186f55293d21f7,0,0,3,0,2,11,1,2,3,2,0,0,2
2dd2c2722ec5acfa89fc83b799eba3c90d086181,0,0,0,3,0,9,3,2,3,1,1,3,1
337f182a7203ed6e705a3f443536a9883d687530,0,0,0,4,1,8,2,3,3,4,1,0,0
39c9dbbd3af489db5cd6a301344548165909e82d,0,0,1,2,0,2,8,7,2,3,1,0,0
3caa695768cd774339a894cb797b5bfed2cdfeec,0,0,3,1,0,5,8,3,0,0,0,3,3
419b16e2a01f2de605ceb89303ab5d772352948a,0,0,1,0,0,4,7,4,2,2,2,3,1
47a76ab80030bf97d45c7ad329229038f7c31751,0,0,0,0,0,10,2,5,1,2,0,4,2
48f0a66e48c33e086aa1b2d1866c83040388e952,0,0,0,0,3,3,5,0,3,0,3,0,9
492c547a353cf4a83c344e37ff86fbdc68f52c6f,3,0,4,2,0,5,2,6,0,0,2,0,2
4c950e04cc41d0e880a33f8374c2f1044e2df1a3,0,0,1,4,0,7,4,4,1,2,0,2,1
4e1748d9d6aeffa129c0953e3c1723764fd3927a,0,0,1,1,0,5,2,9,1,2,0,2,3
5214eb451d3cbc31615af1fd21f97b50348c2ba2,0,2,0,13,6,0,0,0,0,1,3,0,1
57b1b3008749c89c59102dd1fcc16eb537c8829c,0,0,3,0,1,6,10,4,0,1,0,0,1
57d08109933733fe304eaa04d6a28c4e2c8af144,0,0,2,3,0,6,1,6,1,0,2,2,3
5ae374752f0e918ba80d3690af561a002abc3785,0,10,0,2,11,0,0,0,0,1,2,0,0
61ff9cd8b91770c2dd3d09c36d56912dc66fe797,0,0,0,0,1,7,6,3,0,4,3,1,1
634efef10179c166f8d7d329ce119e0efc57849d,1,0,5,2,0,5,5,4,3,1,0,0,0
63d611ccfdd9da0ead17991e4bde4dd9ba34692a,0,0,0,2,0,8,4,8,2,2,0,0,0
6c5fbd53c2458d1ec9e176ba709a3893729a60f2,2,0,1,0,0,10,2,4,1,3,1,2,0
6d29a9d4018ca20f6e7bc300de683adeaf5012bd,0,0,1,6,0,4,4,4,1,2,1,1,2
7228712282fb600c2fa0be37ea674ef5b2ed3d6a,0,0,3,1,0,10,4,2,0,2,1,3,0
74f0738d7b86fde695a7074762ac43173d329ada,0,0,3,3,0,6,0,6,1,1,0,4,2
76370af41ddce1eb6ea8b180ce9c61e1c33fc385,0,0,6,1,0,12,1,0,0,1,0,5,0
7929f3b6cbf23131b34b7da3eb2d0d4589ea92ce,0,0,3,5,0,6,1,2,2,2,0,2,3
79e497714be39a61f0ede0cf2bf8273f4a8eba31,0,0,2,5,0,10,3,2,0,3,1,0,0
804289670f6d58e594ed135bdedbf5fdb1b09bbe,0,0,4,0,0,10,1,2,0,6,3,0,0
88c5a56393145676ae7b94fee96ab80a6d227881,0,0,3,4,2,2,3,1,2,0,0,5,4
89669888786f868f00b20eae4300b43fa6e4fd9f,0,0,1,2,2,9,1,2,1,4,0,4,0
89b2901e15fedc6b0bc5c9abd6765345669e9cd5,0,0,1,2,0,6,4,7,0,1,2,0,3
923122cacc7eae2fb613e88843b7661ce0aedfc5,0,0,1,0,0,5,6,2,2,4,0,3,3
9437a2e2995fc9921f30f00df6229dee4397ef70,0,0,3,2,0,6,3,6,2,1,1,0,2
95f05104cd5a537aa33be15f5d7063dc2b31af45,0,0,0,1,0,4,7,5,0,1,2,3,3
976ba353adfa8838e56d19bd07e8f96ab48d950e,0,0,3,0,0,8,5,1,1,1,1,2,4
9853e53121ea6584856957e6545178056576ef48,0,0,4,0,0,4,4,7,0,3,0,0,4
9872e6b7cc441cc3264986db2ee7f286fa7d0403,0,0,0,1,0,8,8,5,0,2,2,0,0
988a94a6985c132aa9bb3d7d00f51df970751137,0,0,2,1,0,6,4,7,1,1,1,0,3
9cb56b0c354fcb72fa5366de507bf86c7012ce1d,0,0,1,3,1,11,3,2,1,1,1,2,0
9db649a29544798e6849a5bf0c63c7c99869665c,0,0,2,3,1,6,5,6,1,2,0,0,0
9e620e157dced811c4b45ec336bc5b3b081fa8e5,0,0,3,1,0,5,1,7,2,4,0,1,2
a528e8bd6fe0d30ad5fdb1ba5531f52977468491,0,0,2,1,0,3,8,5,2,3,1,0,1
a797be0a21b5e657e5b9dee1da6eed8e6c0eeb7d,0,0,1,0,0,7,4,8,1,1,0,2,2
adc8a420d5a9bd7a6965c7f321008c5ac9540bc9,0,0,1,3,2,5,3,7,0,2,1,0,2
adf244ef13369cca3233c4778e066300a7d7d577,0,0,2,1,0,4,6,1,2,7,1,0,2
aed12194ccba10bd2b9ba19841492cb29d7d3921,0,0,0,4,0,2,3,0,2,1,2,4,8
b4d2d0e0a302759153b6317e9626f01b06c9c0fd,0,0,1,0,1,5,8,5,1,2,0,0,3
b8bc9d34fa313c786c1f08795b74dac13393cde7,0,0,1,1,1,13,2,3,1,1,1,0,2
bb04ff1855009f7d803e6d9eab22a81122f7075d,0,0,1,1,0,8,2,3,2,0,1,5,3
bbb75be240aedac2558fd6c38e2c652af76bdc1b,0,0,1,3,1,3,4,3,0,3,1,5,2
bcde082360814b3113b8d226d4dfae3ab31a8d48,0,0,2,0,0,11,3,6,0,3,1,0,0
c4cef3c6a73d34df70ab56a8c68464efec3a4843,0,0,1,1,0,5,5,9,4,0,0,1,0
cd7b03a6480abfdb922fb9ce5bbc8a318274c1de,0,0,2,2,2,8,2,6,0,1,1,0,2
cfedf1f18849688e0bb993b0e076778620328d08,0,0,2,1,0,8,4,3,0,2,0,3,3
d45213932b6afe1d216320ca351438a4950eae5d,0,0,3,1,0,6,2,7,1,2,2,1,1
d74c3dfad89aac1b40ce52ab8b078a5c010cc154,0,0,1,3,0,10,2,4,1,4,0,1,0
d86d5e3c41f0d9128792b2af290daddfda97ec2a,0,0,3,0,1,9,5,5,0,2,0,1,0
de262e333c830ac122096c13c2f52c2c26eef57e,2,0,1,0,0,10,3,4,0,2,0,4,0
de4e5eafc1b1ee8edde3fcc1f4ea1daafb12755d,0,0,2,2,0,15,1,2,1,2,0,1,0
e2a85c2ef0dee5629661ad8b7f2da74a5d701a12,0,3,0,12,7,0,0,0,0,1,3,0,0
e68fdf6b10cceab1e06ef48857edc3127551189e,0,0,1,2,0,9,2,4,4,2,0,0,2
e70ff9d643cbda3508d8e1460cf152bcf1460eab,0,0,0,2,0,7,5,10,1,1,0,0,0
e73e48b28d737cfd7dd3a7571416a08180994d02,24,0,0,0,0,0,0,0,0,2,0,0,0
eb18091e8f4caf0ef52e12fa9b38fe55b8182832,0,0,0,2,1,12,3,3,0,1,1,1,2
ecc0364d3b61d5fbae81e936174f6fc04dfb1052,0,0,8,0,2,8,3,1,1,2,0,0,1
f25272bd5f42791f03c756057481e67a23cfd0fa,0,0,4,4,0,7,3,5,1,0,0,1,1
f4928cad44337e06b0e95c9d2397ae27b845ef97,0,0,1,0,1,5,8,8,0,1,1,1,0
f517438ce0a822814adc8c62660b7436086ca1a9,0,0,2,3,0,10,6,3,0,1,0,1,0
00983961cf36f2ee24734f9594870ac7554729b8,0,0,0,0,1,8,5,6,2,0,3,0,0
022942440c63db480822762d59d37ccc0d6ba7e0,0,0,3,1,0,6,1,7,1,2,2,1,1
0360936071d56d28997c19e981a6f78921c069c6,0,0,4,4,0,7,2,3,0,1,0,4,0
0573dc3fb22f017343fc708205e8823dd653500f,0,0,0,0,3,9,1,4,1,3,2,2,0
0875a903933f9e9938d62071621f983e8816c5b6,0,0,2,0,0,4,8,6,1,3,1,0,0
0d0cf890947af705a1c71786a05e0b38c41c3c6b,0,0,1,5,1,5,3,1,2,1,2,2,2
0e090f2aabeb58d20022f227f699e345e95c84d3,0,0,1,0,0,7,6,7,1,1,0,1,1
0e26083b5c5faec93c7faeeb0ee46f16feac3809,0,0,1,2,0,5,1,2,1,9,2,1,1
10994d7252cdda20e704c8d37c2b97ed8c09967e,0,0,3,3,0,6,6,3,1,2,0,1,0
11bc61131b61cb62712708c43fcfe0cdec0b59fe,0,0,1,3,1,7,5,3,2,1,1,1,0
11f98092452e38b9eabe0521c115bae2008c0a0b,1,0,1,0,0,8,4,4,1,2,0,4,0
13a57668e8220c6de926ee9b4ce31461d8d6dbf6,0,0,1,2,0,7,5,2,1,1,2,4,0
15581c16e105164e00f72156cef920c7b1b8d459,0,0,2,1,3,6,3,4,0,3,2,0,1
16508a5b0fa4fd02790fbee74e152c97b806d5a6,0,0,0,2,0,10,6,3,1,2,0,1,0
1680afacbfa65d53ca929780ea5cc2a76dc111a4,0,0,3,2,0,7,3,2,2,3,0,3,0
16a84888d4fa5ee88b48ae57b067c227194340f1,0,0,3,4,1,5,3,4,0,3,1,0,1
18c60f3eb05496c01f30d639442a1617c5b7745f,0,0,5,0,1,3,6,3,2,2,2,0,1
19129445c320125163e9f665d9c55b5f64cacba6,0,0,0,1,0,8,4,2,0,2,1,3,4
1eb57a2c0f850a3e71324908a8b4d4943a6713af,0,0,1,2,1,4,8,0,0,3,4,2,0
1f6a600834161f2562c9893ebcfde3e9dcf41ce1,2,0,2,3,0,9,3,1,0,3,1,0,1
2238ca73f325bd12668cc363ee7580a34ed3a6e8,0,9,0,4,7,0,0,0,0,1,0,0,4
240da3be2ef5e3a64616c6d409d9f24e5ebb8a81,0,0,2,2,0,5,7,3,2,1,1,2,0
252baba5299a578e37cd0290540e5ee29833761c,0,3,0,11,8,0,0,0,1,0,2,0,0
2a0f367bad1c91c2721e3b4220a4f7e17347f530,0,0,4,0,0,10,2,7,0,1,0,0,1
2a8ea408ae48ef3bda36a2982956baafa3d4b737,0,0,0,2,1,1,5,1,2,3,2,4,4
2c2425dd04d8badf561c73d072c770a399b18844,2,0,0,0,0,7,3,2,3,5,0,2,1
2cd100d5da83e22737ea2446ed58e64efb95fd74,0,2,0,9,7,0,0,0,0,0,3,0,4
2f26216f930ac0b1cdbfac3873ca75f53286baab,0,0,2,3,1,4,4,1,2,3,3,1,1
2f98bc0fa1603cec3ce9c9050211b56847072bc7,0,0,2,1,1,7,2,1,6,3,0,2,0
32e36fe723cfe00b2d084684b28a8de15f600adf,2,0,0,1,2,8,4,3,0,4,1,0,0
339ed0598bce07419e37b1f9fbcc7b7840500539,1,0,4,0,1,9,4,2,0,1,0,3,0
34e54e196d35d1d89de1671b12d1b3ca2a3319a2,0,0,1,4,1,10,8,0,0,1,0,0,0
3aeef7818181a726319a13e9b7b8673b7a719aa8,0,0,0,1,1,9,8,2,2,1,0,0,1
3db04b025cf8563cf902924fc6c78bbbd61bcd62,0,0,1,0,5,3,6,0,2,0,0,5,3
3ea6e71de13b35abb7b078f35ea5c6787e9ac40a,1,0,3,5,2,8,2,3,0,1,0,0,0
3eed6e05202556217a5d0ed1169f95da72efae5d,0,0,4,1,1,2,4,6,4,1,1,0,1
4013caaab561510d064e245d7079e39fcd07094f,0,0,2,4,0,9,3,3,1,1,1,1,0
43aa5d6623ef63326e42d4744966dcb5922279b4,0,0,3,3,2,1,3,8,1,2,0,2,0
455ed99e1bbf183806f1dab052642a5bacc1eb3e,0,0,3,3,1,6,1,3,1,2,1,4,0
46672dba506a587613954f1c70cad03ab0debc8c,0,0,2,2,1,10,3,4,1,0,1,1,0
474660118c3cce01d6054459408c653e0f8e6999,0,0,0,3,1,5,6,6,0,0,0,2,2
489543ca6dfcaaef9abdf47e81835d11f85e8740,0,0,0,0,1,4,6,7,2,2,0,0,3
4d8b598fe1a6b0a1c255430e5021a738bcd6f567,0,0,1,7,0,1,8,1,0,3,0,4,0
56aa6a08aa913c95dfc5c4091846e5b055b672c0,19,0,0,0,0,0,0,0,0,6,0,0,0
580b2941e7415ef90369ef30b4e519c0d941d8ff,0,0,2,3,1,11,5,2,0,1,0,0,0
5bf987825f7616236deea5a7ca0e91603e846151,0,0,3,2,0,6,4,3,0,2,0,4,1
5d719be73f44a22ccb47adde1e7a36393e768d7e,0,0,1,0,0,10,6,3,1,2,2,0,0
5e526bf0663c5202305688bdd68aab37825a76d0,0,0,1,3,0,6,1,7,2,2,1,2,0
6244c891a8f6a116594d11c5af290f02650f9b6a,0,0,4,5,2,3,4,5,0,0,2,0,0
639c94da5c354e9f225b25070734c79c80311f9c,0,5,0,8,10,0,0,0,0,2,0,0,0
63eda6f7edbb3f8a8a574388169f613b74c0bc51,0,0,0,3,1,5,4,2,0,3,4,3,0
6da0f86dff1dfe97683d4c8459b152c2e2c209de,0,0,0,4,1,5,4,1,0,6,0,1,3
6fd23c7a8c00fd90f1c78249d28bb197a667c0fd,0,0,2,5,0,5,5,4,0,3,0,0,1
710a89c19347afefc31a0687c1d9079acdeb0b76,2,0,5,3,2,5,3,2,1,1,0,0,1
74a3830eebc8ebef8ec902a162938a60b9ddc728,0,0,1,1,0,7,2,11,1,1,0,0,1
75bc1b6207ba960aa0c18f23dad418c1008da5d6,0,0,0,3,0,7,6,6,2,0,0,0,1
777be3ad5f7a361ee1717a206f7e08d68d26205c,0,0,3,2,0,6,2,7,0,3,0,0,2
77f90428a2285d05675a2e643bf44489eb9a3e16,0,0,4,4,3,3,2,7,0,0,0,1,1
78dbb69e849f6f74e8d2e4e643f7b302c1878a04,0,0,0,1,3,4,5,3,2,2,0,4,1
7b9086514a05a890c009eb4199809e23b07e3f54,0,0,3,3,1,2,3,4,0,3,0,1,5
814b0efaa7d28b77cf9ae1224ae5d87ce86cbcc4,0,0,1,0,0,9,3,5,6,0,0,1,0
832c95468ad865084ea4eeb165a66fe67bce70aa,2,0,4,1,0,7,1,5,1,2,0,0,2
843fd08ee8d506dcb00a25533312bf962f1daf0a,1,0,1,2,1,4,3,4,0,5,2,1,1
84da1146c6b56a4c2a37ae9d177db8618ac71505,0,0,2,0,1,9,2,4,1,1,2,3,0
89d5d8a247c65e1a56441ae5322e5bc1c64c65de,14,0,0,0,0,0,0,0,7,2,0,0,2
8e21fb030a18cda856b71e55804c4fe36380fb1f,20,0,0,0,0,0,0,0,0,5,0,0,0
8ea54e059937aa732ba7544d2fcad51c7062d745,0,0,1,5,2,3,1,7,4,2,0,0,0
8f62245293c22db9077fda839cba4b9b0ac204b8,1,0,0,0,0,8,5,5,0,1,0,4,1
9171e03f3a1890247db3fb454df1b5208e0b186c,18,0,0,0,0,0,0,0,5,2,0,0,0
91a771182c832a468ca80c08a2708b9fe5b4239b,0,0,0,0,1,3,6,1,1,4,1,5,3
937a2e7a983a7c054982481e409b488ebcf9544d,0,0,5,1,0,4,5,7,0,1,0,1,1
958e2a3f9c36b9878bfcbafa5cb80ec44fb8da6f,0,0,4,1,1,1,3,5,0,5,0,3,2
97919e22f767766ba6522fd23f7cbb55595d39a1,0,0,1,3,0,11,5,1,2,0,1,1,0
979b29027885f5b61d1965b8b6a7f3f1bc37ae47,0,0,0,1,4,6,4,3,0,4,1,1,1
98c8635bfc64ede3ff73dad8aca682b7f0e526c2,1,0,0,0,0,4,2,9,0,3,1,4,1
9f3f3d3c84516c4801306919eea75b433ebd6471,0,0,3,3,1,4,2,7,1,2,0,0,2
a0377a3fe7600fa6c45ec0d39233a2170b1006b6,0,0,2,2,0,9,6,3,0,1,1,0,1
a0e5198d7cd9eddfd691b2da5c70e6821442e3b2,15,0,0,0,0,0,0,0,1,9,0,0,0
a4519be845e015dca3a023b99e976476e3f9abd8,0,0,1,0,0,7,2,4,2,4,3,1,1
a72c26ba617c53fdd9bc6335ab438bda14466bd6,0,0,0,1,0,2,4,2,1,5,4,3,3
a83083efb134be0498a304dcf5a3d00ca7617d30,0,0,1,2,0,3,4,7,2,3,1,2,0
aadde3fb7d1fc834903da3911b5a1fac00d50069,0,0,2,2,0,6,4,3,4,1,1,1,1
ac685e7a36ebe1894eb82a1c5afaa1e59b2ade56,0,0,3,0,2,5,1,9,1,2,1,1,0
adbd758868339ca851bb88ba25b55053a2fb0787,0,4,0,8,9,0,0,0,0,0,1,0,3
b029af1d2b59397b751e0a0de80839305a85da34,0,0,3,1,0,8,6,1,1,1,1,2,1
b7f67e1b24bbf0fb86e072c5473bd87824f4ec16,0,0,1,1,0,6,3,7,0,5,0,1,1
b84d05510c73f235643c61958695d3b30ca7f8c6,0,0,2,0,3,6,2,5,1,0,1,2,3
b902e2b99b901d8f55275fb23fb9c68b4e6cae13,0,0,3,1,1,5,2,2,1,6,0,1,3
b930f391457c909bbf2ec123a8b90ea1a3895568,0,0,1,6,1,9,2,0,1,3,0,0,2
ba34ff4efa22382fdf9ff89c467a7c640d781508,11,0,0,0,0,0,0,0,7,7,0,0,0
bfbddc7d2be2e248c0a6be7e9873a8ae6961ac1b,0,0,4,2,1,5,6,5,0,2,0,0,0
bfbe9132f21fd6f3c497f40318e2b9f012caa186,0,0,3,1,1,7,4,6,2,0,1,0,0
c1673212db12d5db79643c920aba586d71b40fa2,0,7,0,8,7,0,0,0,0,2,0,0,1
c40b30030fcd4222674a1a3c1921e9b76f113c85,0,0,3,1,0,6,4,2,2,1,0,2,4
c9044aa2306b07f8be2523b948df792277573bdb,0,0,0,0,1,2,3,2,3,3,1,8,2
ca10543171e29aab4f6955234ee2b1fcb5ad7a19,0,0,0,1,0,3,2,0,0,4,2,6,7
ca87442892226dad7961f2476db3ed79fc620a91,0,0,3,5,0,5,3,4,1,0,2,2,0
ca98996f0d31570b2382c413bae9acf1c49a6c68,0,0,0,1,0,7,6,6,0,4,1,0,0
ce778b05281d4288012a6813ae9bdb29dbb6a6ae,0,0,0,0,0,9,3,6,3,0,2,2,0
d08bc5a010de8e6f0af0dfda88795de295e575d1,0,0,0,5,0,8,1,3,2,3,2,1,0
d16237f6aa32b5daccc9078ac5b484f656a65327,0,5,0,3,16,0,0,0,0,0,1,0,0
d2064e4f6f0cf640715aa9871b3110e0f4d23088,0,0,0,2,2,2,4,1,2,3,0,8,1
d5c1e5bde728dd2c92f66dd12ab81e71df64893a,0,0,2,0,0,6,6,4,1,1,2,2,1
d64913a0ed33df09da0a784607abb3f93570224f,0,0,3,1,0,1,5,10,2,2,0,0,1
d9998a91332d098f049d894255c0bfa4b8f82e1e,0,0,0,2,1,1,7,3,1,3,1,6,0
de0002b28e33b36be363803cc4b39ce5aab795c9,0,0,3,0,0,3,2,7,2,6,1,0,1
de7b63bf947dfdfc4386739bf5a5a8e1219e9c5c,0,0,0,0,1,2,10,4,0,2,1,2,3
df1061e88f4cbf6d957fe5ed5ef3e289b8b6a7d2,0,0,1,2,1,7,5,7,0,1,0,1,0
df7060d1c84a087c0fc40bef4d8bf34bef9cf063,0,0,1,2,1,5,2,6,0,2,1,3,2
e1ff0a51dac24a18199a5659c3aa66a381b5ef17,0,0,3,0,0,11,5,2,0,4,0,0,0
e6fdd5cf0c2afaa9883b267e1bc0aafb431192a8,0,0,2,0,0,7,5,5,1,1,0,3,1
ed9570ca95b13fd8451bbea5284d2d33f4747aca,0,0,0,0,2,5,4,6,3,5,0,0,0
effae8fa86e195091bf8d40ced47b7dad7ff24dd,0,0,0,1,0,0,7,2,4,2,5,2,2
f417f27e3ed4f48441fe87e628a75b25da37ab72,2,1,2,3,2,3,3,4,2,0,2,0,1
f7790b3e4a82c0faf0f9591aaf17d4a2720cbb4f,0,0,1,1,0,5,8,4,0,0,1,5,0
f9b2b1e388becff3d74764dce1d0978c40e8c49a,0,1,1,1,0,4,5,2,2,3,2,1,3
fb3a9a7f88d92ef50fdcdb0a4577a229eea4b41d,0,0,8,2,0,6,3,1,0,0,0,0,5
fb720e0baeeca5a88445712fd932e813042ac131,0,0,0,0,2,2,8,3,2,0,0,3,5
fd3b90248778b77f1e25641282795a7bf7340b98,0,0,2,3,1,7,3,6,1,0,0,2,0
fd630b202ff5c714435acabdcb001a66df955313,0,0,3,0,0,7,5,4,2,2,1,1,0
02e908cf670bacf8c7f47989969b01df90f52979,1,0,1,4,1,3,6,3,1,1,0,1,2
0302b34752593327befff62bdfde15ab1c15837f,0,0,2,1,3,3,1,5,2,7,0,0,0
03b20ecca777110f1387f80c4c02c824c213db25,0,0,3,1,0,11,1,4,3,0,1,0,0
0cd564b758bb494d32f0b9ffc5e3329d7f00eb86,0,1,1,3,0,3,5,4,2,1,0,2,2
0faa609011c21764b9031b1cdfeee22c72ab502e,21,0,0,0,1,0,1,0,0,1,0,0,0
108e22bbd68a33877240923a914a9f9664e3adb9,0,0,1,2,0,4,7,6,1,1,0,1,1
1107972d03d82d380e8091a8c09409c787a3f9fe,0,1,4,3,0,7,6,2,0,0,0,1,0
113f85e01d8d80b82cc3c6601aa0c7b46879076f,0,0,0,0,2,2,5,3,0,0,2,3,7
116a9e09242a56fcaa762927c1b73d393ab32041,0,0,4,1,0,6,1,5,2,3,0,0,2
13057c7710c459790f54f42c775e3c7b133991e4,0,0,2,2,0,3,4,3,1,4,1,2,2
194d85edad22909f9ede6369475e2fe935f24372,15,0,0,0,0,0,0,0,1,6,0,0,2
19ac480e783c4ca77bed0c3914612e52a2d75280,0,0,1,4,0,6,7,0,0,4,0,0,2
1b3ee69139d3776bdbb4fd8e4aa837e3c9b29435,14,0,0,0,0,0,0,0,4,6,0,0,0
1bc8730994e59bfaac68884c257152d65eaae01f,0,0,3,1,0,11,3,2,2,1,0,1,0
1e53a1e76e25bdac54eb357b5e793002c8275b53,0,0,0,4,1,8,5,0,2,0,1,1,2
21e049aaa8b1d1e017de7a6ac73bcc2d091ec564,0,0,0,1,0,1,4,9,2,2,0,0,5
21f98bf8d31f1a74e0416648f23b43695351a17b,0,0,0,5,1,3,1,4,1,3,3,1,2
29946154432bab3faeb1616bd1b4676eb7decd1a,1,0,3,4,2,2,4,2,2,1,1,0,2
2a994cb8e6a5b401b7efd9a426dc94d8ae876492,0,0,0,5,0,10,1,5,0,1,0,2,0
2aa629386f8447219758e78c01400beaf859d65a,0,0,0,5,0,2,5,2,3,1,5,1,0
2d89df30e2a98cad33e29dfe17bae3e28aafdbbb,0,0,1,1,0,7,6,5,1,3,0,0,0
2e7069432ee8f13bd47998976236e7453a637b58,0,0,0,0,0,7,4,7,1,2,1,0,2
2f82ebf4655720f8e67bbd200777793cfd596cd6,19,0,0,0,0,0,0,0,3,2,0,0,0
332a9205695f42610e895762b0c829a4fd4839f9,0,0,0,1,0,10,3,5,2,2,0,0,1
3959c5382e5f5890436adb38b609d59dcd62f904,0,0,0,3,1,5,7,3,1,2,0,2,0
3c34cccc97d56243bc346dc29470d0f4badfbfa1,0,0,1,4,0,2,5,5,0,3,0,0,4
3e794b8e27b81143f990a01e0306f6484006e2c1,0,0,1,1,1,10,1,5,1,1,0,2,1
3edda56a46b00cb1756dedd373b9182baa3f9726,0,3,0,6,11,0,0,0,0,2,0,0,2
43a26e3f3e894f3d9ae36465414000d73e921eb6,0,0,0,3,0,9,2,5,2,3,0,0,0
43a9bac9568a1d8bc7cefdd5a1d8b43d41e3823a,0,0,1,1,0,14,2,0,0,3,1,2,0
44c581eaddfabf31a80e536588c957844962d602,0,0,1,5,0,6,1,7,0,1,0,2,1
44c9dece70dd9cab0b379435f4bf7b64fea2286e,0,0,1,3,1,9,0,5,2,0,1,1,1
4784e553521606cb03ce8d185983ed4c00d82ca9,11,0,0,0,0,0,0,0,5,8,0,0,0
47eb53e1f3b8e31b1b41cd43396291d9038ed2ed,0,0,0,0,0,9,2,8,0,1,2,2,0
481d68399dc3a79087b4bab7658d4621821bc13c,0,0,0,2,0,8,4,3,4,2,1,0,0
4b59678e4bd34d786f21d479a1cdb8522d3f8f58,0,0,1,0,3,5,1,4,2,0,2,5,1
4dacff2a097f4df46d532f2a0686e3c9575c482a,0,0,0,1,7,1,2,1,5,0,1,4,2
5099ef7708d1f7658dc5c1aecf4bd9cf78592adb,0,0,1,0,3,2,0,8,5,1,0,3,1
518a74513021175edb1a103d3aaf2c688a0657e7,0,0,3,1,1,3,2,5,0,4,0,1,4
55674e1642d8a90e83bc68d8c0d9d68bba605798,0,1,4,0,0,7,3,8,0,0,0,1,0
55e18c93c8f0ff5926d8ccab64647cae319c6f6d,0,0,3,0,0,6,4,3,3,2,0,0,3
596a3efa3453ddece1f14f4eec7663dcc8f42cb0,0,0,0,1,2,2,11,3,2,2,0,1,0
597bffe105e86dfe24f2a8100705337c3008ba42,0,0,0,2,0,3,6,6,0,3,1,2,1
5bc8fef68d5a43f1e3355397961577147a31b193,0,0,1,0,0,3,10,2,2,4,0,1,1
5e127ff6afe7e67d78d688781ce5faed3d791c3f,0,0,3,1,1,6,3,5,0,1,0,3,1
5e5b8b1087b9141f4ac3f8654873d1074e33c169,1,0,0,0,0,11,4,4,0,2,1,1,0
5ea587de08998f3dfcde23f93013878b3716b629,0,0,1,0,0,10,4,4,0,0,1,0,4
5f6de474b99f58745096ec18e2d5bdc2e602f3a2,0,0,1,2,1,9,5,2,0,1,0,2,1
7030a9ca75da50104a37b43db9ef1d01438d114e,0,0,2,3,0,8,3,5,0,2,1,0,0
70b04ba595a86a5e891de5a23821f8369c351dd6,1,0,1,1,0,8,2,9,0,1,0,0,1
7122f151ad0d21ca260cd6bc28413f10d6c6bb57,0,5,0,11,8,0,0,0,0,0,0,0,0
72a778e6c189b18321837777217232bd7ca8d07c,0,0,4,3,2,5,3,2,1,3,0,1,0
730cc87c8bdb4e88d4b3d8d9f923e7de48b3bde4,0,0,0,0,2,3,6,2,0,0,1,4,6
735959cb5fbf9ad0d6ef31e46c217b94ff35a311,0,0,1,1,0,7,3,5,0,0,1,3,3
79f184ee226ea1dfc116124bebd0b052136427e1,0,0,1,3,0,8,2,5,0,2,1,0,2
7a059ee62113bf68f358987b1949a09e52b76c05,0,0,0,0,3,2,3,3,0,2,0,4,7
7accb54f3d3318e0c313f21bc5a2f0b95d674021,0,6,0,6,10,0,0,0,0,0,2,0,0
7e8344d086a156458f8529e0fa9670c51bb4862c,0,0,1,1,0,9,4,7,1,1,0,0,0
7f8fea57027dc28c61cafb3e29684434bee870da,0,0,0,2,0,2,8,1,0,1,1,9,0
7fa28857475e878a19ef7ca6c9c7840de7aa6528,0,0,2,4,0,7,1,7,0,3,0,0,0
80c29b45eb4912eed50783aad5a848ac216c5210,0,0,0,2,0,8,5,4,1,3,1,0,0
882e8d07bff2d213c5b6659b447357b5e58d7b5b,0,0,1,3,0,6,6,7,0,1,0,0,0
8958e23a30d1132d57ab80690c544075e3970b72,0,0,1,3,0,3,5,3,3,1,0,5,0
8a28c72c0d175ce212b389c9825c816ba75a0e2b,0,0,0,2,0,8,2,1,2,4,2,0,3
8d1b38a3694b5754f2df612f7e7b7d2de45dc9fd,0,0,2,2,0,8,4,5,2,0,0,0,1
8e0243b475c1f178e9f12cbdc6a2e2109b32d936,0,0,1,2,0,6,5,5,1,1,0,3,0
918e037c5efe473fdf500d9d384028e4e9e48758,0,0,4,2,1,2,4,9,0,2,0,0,0
91ffbbea23e514065d8abe75579f43da706e3a78,0,0,0,5,0,6,4,5,0,0,1,0,3
947641110ecb983f6509d4db1ae3edc676d612d9,0,0,3,0,0,7,3,5,2,1,1,2,0
9a4c4065174a8ba8d53097e7b441cede65cce54e,0,0,4,2,0,7,5,2,2,1,1,0,0
9ec9d87033cc8494f27df03c15aa218ff955dd46,0,0,0,0,0,5,5,5,1,2,0,2,4
a10e2359d554435e73695df291cd70bd89b92add,1,0,0,1,0,3,8,5,2,2,2,0,0
a28ec848fb5555aa14d4811f91f2eb556691f3a5,1,0,1,2,0,11,2,4,1,1,0,0,1
a3526b8d363990d00a726a0c813f9dd2a25264e9,0,0,0,2,0,4,3,4,2,2,1,4,2
a37e7e3353e841f937e7d5008ad6c491098dc6f6,0,0,0,4,0,9,4,5,1,1,0,0,0
a4d5ea7fd37b817baec976b9709b75f58e3de744,0,0,2,3,0,5,5,2,2,2,2,0,1
a5a7086a2a87340061749d08c85bea10a46c5e43,1,0,3,0,0,6,6,3,0,2,0,1,2
a6023c4f4dd29078e39da530bba41d74e5da7a32,0,1,1,2,0,12,2,3,0,2,0,0,1
a7f269f28252a717590ef7670c8a33de0f82af16,0,0,2,0,1,5,0,7,0,3,2,2,2
ab98ad5b10e3b51c34e2086375cb61edfbf2bda6,0,0,1,0,1,3,7,6,0,4,1,1,0
acd5ec9163a46752cf13fec7627da5f8cb1b5554,0,0,4,0,0,6,4,4,2,3,1,0,0
addbeb8dca9614d279e325d1f397582d3c925ae8,0,0,2,2,1,8,2,5,2,2,0,0,0
af1b9ae4c9650a25214601b09820a19bd56b55f6,0,0,1,3,0,5,0,8,0,6,0,1,0
b29dd63695a8cf619f315cef99828b21f4d27806,0,0,0,3,1,1,8,1,0,0,2,3,5
b2c8eba6945a46db1a11ea356f9837a922ea2b1a,0,0,1,0,2,8,4,1,0,2,2,4,0
b6393160d4ce977785370cb59e75c5ed8f2b14c4,2,0,2,0,2,5,4,3,0,2,0,2,2
b8f87505f6598ff692d5b9d4daf934ce0e34afba,0,0,1,3,0,4,1,6,0,1,4,1,3
b9db3faf1ce97d0f4453e908ca46ee1936b40f8c,0,0,1,2,0,12,4,2,0,1,1,1,0
ba4d1ee46fa0373f8323d8eb81f2258a89a196e1,0,4,0,6,7,0,0,0,1,0,2,0,4
be2f33ee01605185bf2b0a33316494fa3884182b,0,0,1,1,0,6,3,9,0,3,1,0,0
bff53addeacc7c181b93228bca1d88b11528ab3a,1,0,0,2,1,4,4,6,1,5,0,0,0
c0a8ace10f32b823d764b973fd7a5f2c92137b6c,0,0,3,3,0,4,6,4,3,1,0,0,0
c6f86e5e426e810f600ceb1e6d39f7cfa5f61f85,17,0,0,0,0,0,0,0,0,7,0,0,0
c7a1a3a1f370b127d27b85edc8e67b37cb235c38,0,0,3,0,2,3,2,5,0,5,3,1,0
cafe51facb471151ba1f1f3834d62fafc7f620f9,0,0,1,4,0,16,1,1,0,0,0,0,1
cb29a9c3f96cb6fefced21dc67d5f73091b7a45c,1,0,0,5,0,6,4,3,0,5,0,0,0
cc27f6dbea560b54192fb59e8b8038d272ea8f77,0,0,0,1,1,3,7,0,0,0,1,5,6
cf8ecf28686aa423e4a2427a17942247dcc772f4,0,0,1,0,1,9,4,4,2,1,0,1,1
d0b08f83ea8a83aa1c84b7714ba6047b630df1f5,0,7,0,6,8,0,0,0,0,1,0,0,2
d175b86b47563523f503462ee49c30001dda9cbc,2,0,6,0,0,8,2,3,1,2,0,0,0
d1ce387e45f1df22a038f56ec49ecee48bbf3d01,2,0,2,2,2,3,0,6,2,5,0,0,0
d3dbdea9dd674006a6f4a44f416354e51275014b,0,8,0,4,9,0,0,0,0,0,0,0,3
d552807769b1254a9e79bb54ee92b528c415a487,1,0,3,1,0,5,2,6,0,0,1,3,2
d90dd39c4a2aab395f344b9771bc54e6436a0394,0,0,0,1,0,2,5,4,0,4,2,2,4
e650d54996434bf7bf68d616ad2d92c918efd05c,0,0,1,2,1,1,10,2,1,2,2,2,0
eae3395de7d23e1977e6e1779f816a8935d4c338,0,0,2,0,0,5,6,6,0,3,0,2,0
ed8b6a8e5074171d641eb14755b33fd59cc3c5bd,0,0,2,4,0,4,7,2,0,2,1,2,0
ef15c68716f834a871398905dbb38c1ea882cb5d,0,0,0,0,3,5,8,0,0,2,1,5,0
efaeeb88aa8748188ed6c7e14a014ce3e66271b3,1,0,2,2,0,5,3,7,1,0,1,2,0
f0df0db0ba1c6d375279377e9ee79815972d7009,1,0,1,1,0,3,2,8,1,4,0,3,0
f416a40c2775df96ddfd5505c98fcc2853fefb10,0,0,2,0,0,1,6,9,2,1,0,2,1
f435ba9f4d06165d6725df132ede22331c9cc106,0,0,1,5,0,9,6,1,0,0,0,2,0
f966e26fa87d672a32afb77d6d507ca6312dbd51,0,5,0,10,5,0,0,0,0,2,1,0,1
fc9f08a9cac49774951c29c687891bcf5dec1b9e,0,11,0,5,5,0,0,0,0,0,2,0,1
fd8bf6b61cfc5631d8d343e3a70d9d7e45d2aa37,0,0,1,0,1,7,3,6,0,4,2,0,0
fd934b705a4fa09751a83b43fccf1eb3993a2fd1,0,0,3,3,1,7,2,2,0,3,0,3,0
00fc190d4ba3f5603b6694acac90610ea769bc92,0,0,2,3,0,5,3,6,0,2,0,2,0
0211a86282fd57e16a16e50e7901ac6c6ac19d86,0,0,0,1,1,9,5,2,0,1,0,3,1
0386532d59aa7d88c3e8f98bbf1a8e9b6e2531ba,0,0,1,5,3,4,3,2,1,2,0,1,1
03fda27a2cb2c481fa74de594bd3d2bd433c92ad,0,0,1,0,0,3,6,5,2,1,0,5,0
09e2b8ed00d011b1097dcdce6038802b0968c027,0,0,0,2,1,4,6,2,1,0,4,0,3
0a5d04cbc50019fb22f57d9c1bd768e2b2b4d7c0,14,0,0,1,0,0,0,0,4,4,0,0,0
0b2e59456c088739a0a6c963b9089503cdf93a98,3,0,2,3,0,3,1,4,4,2,1,0,0
0cae0f68de8fa5d38b10d77e60e9d76a39f655c3,1,0,3,1,0,6,1,5,2,1,0,1,2
0d18cf07435635d7b96e94902052cbe898ff3c51,0,0,2,3,1,7,4,3,1,1,0,1,0
0dd9e44e7bff78613a67c40bf6861d8703f72e31,0,0,1,1,0,5,3,3,1,4,0,1,4
0e5bfaa544b0bd0daa9b5fd3ca22b91c2475dd79,0,0,2,2,1,3,3,5,0,2,0,2,3
12f44e502b46fd7b59546b33bcaf89815608237d,0,0,0,0,0,12,1,5,3,2,0,0,0
191acdfdfe3c68e691f18069eed0872c69be93a1,0,0,3,4,0,3,8,4,0,0,0,1,0
194e716736159a6cc8875e406587761c6facc1d0,0,0,1,0,0,7,3,5,1,4,0,1,1
1a181f04304290f70e9e36dd6d27b4acf20e669e,0,0,1,0,0,7,1,5,2,3,1,1,2
1c17ea6eb23e5c173f39c00b2846b8ed191f8fdd,0,0,0,1,0,5,7,1,0,2,0,3,4
1e7d98392789cc247d782ba331d0d61185f3763f,0,0,2,1,0,5,7,4,0,2,2,0,0
1fbf76c4fde778f2c7596382487da47d4664eb8a,0,0,1,3,0,2,5,5,2,0,1,2,2
221495b4f2f0bb87c6c4da09d6d721656c585de0,0,0,5,0,0,7,3,1,0,1,3,1,2
223033dbe243a8b9031195f55498424889810478,0,0,1,3,0,5,5,3,0,1,2,3,0
24663d3812553327bb39582a7bba64f2af0d0708,0,0,0,1,1,4,5,3,1,2,1,2,3
2584d9e9142198b374f72b285a98fab087c619df,0,0,0,0,2,3,4,1,2,4,3,1,3
27c9285bed6820c9afc484c01b351531deb98e83,0,0,3,2,1,4,4,6,0,2,1,0,0
2b0425d2578c86a85d4f5b3300f2c08981a67c9d,0,0,0,3,0,3,3,3,3,0,5,3,0
2c01007835d36a7e25f0b29c71a0ce153f03629f,13,0,0,0,0,0,0,0,1,9,0,0,0
2c74ff19adb2a559dd38ebc618606df93ef94cdd,0,0,4,1,2,7,3,3,0,1,1,1,0
2dbaae9c4bb4d117b3f353de4a8244a8ca0a8e24,0,0,0,1,2,6,5,2,0,6,1,0,0
2deabe767288a5eaac75802bbee8fcd9ff6a8fb6,0,0,1,0,1,5,8,3,3,0,1,1,0
2e195e9edbd853d7eae7593a55406bec202004b6,0,0,1,3,2,3,2,6,0,2,1,1,2
2e2ca0733fc4ba4c4df23b0133ca1e268b0e1db6,0,0,3,0,2,8,3,3,0,4,0,0,0
2e3851c8c1780aea172fe271815f065ccdac04bc,0,0,1,2,0,8,2,7,0,1,2,0,0
3025e5539cff4023ec34f211233cf8cee95ac156,0,0,1,0,0,9,2,5,1,0,0,5,0
326b0e5da99fe886b58c7d179c3d4c38dea823de,0,0,1,7,0,4,6,2,0,1,0,0,2
32c574ebc68743dbd9e07933632d91b9e50d35b7,0,0,0,2,0,2,10,3,0,2,2,1,1
36f5ab5ddde5636797e3720ebf10f10aacf2bbca,0,0,3,3,1,8,4,2,0,0,0,1,1
399942e03225aab091d492bf5d78f768ed555907,0,0,4,3,1,6,6,2,0,0,0,0,1
3b417d8b20e0e4eac2a28c69eaaec988b29f14cb,0,0,4,1,0,10,1,6,0,0,0,0,1
4089fda770a42f36e8e94a9f1b2fac1d87e3336d,0,4,0,6,7,0,0,0,2,2,2,0,0
43ed67632a761c8ae23f3ce7b3003603b5394e77,0,9,0,5,6,0,0,0,0,0,3,0,0
46e7d5fff44569531a0f5245d33cad3508bc924e,0,0,0,1,1,0,6,0,2,2,1,3,7
46f13d8c1b2086c03563e166b65addb39d096bb8,13,0,0,1,0,0,0,0,2,7,0,0,0
4b41c19359f670769de7f16652d5d8777dc1970b,0,0,2,2,0,6,5,5,0,2,0,0,1
4c856ba9a8c11b8cbb66ed67543a114b93f6862b,0,0,3,3,0,4,5,4,1,0,1,1,1
51e7e569f113831eb920b652e88d69b9a0507609,0,0,1,0,0,5,3,1,0,2,2,4,5
546e0295b22d43c1e12697543c19cef75a4353d7,0,0,0,2,4,4,3,2,3,3,1,0,1
57f00c2c924ca23090d07bfd5ff5c10f2ade8e0b,1,0,1,1,0,5,4,3,1,3,0,0,4
580176dccf039484dc1595567c3c7e436d14574a,0,0,0,2,0,4,5,3,0,6,0,2,1
599f5a691221170cce7cc46a27f7707f74cd6536,0,0,0,1,1,7,1,8,0,4,0,1,0
5b9a80de7f01f73ec00f787c7ed75630bfe161f1,0,0,2,0,0,1,6,4,0,1,2,6,1
5d0229821178d12a9a37111ad36d61cd3781756a,0,0,3,1,0,3,3,6,1,3,0,0,3
5d2b33e8668adce9042d9cb23347d8a86c2d8c09,0,0,3,1,2,3,4,5,1,2,0,2,0
5ddabd7031d21adb8e4011c48770d5872dc87f12,0,0,2,3,0,7,2,4,0,3,1,0,1
5df04c806fefa870d689a05b4f1fa383aca31fef,0,0,0,0,1,7,6,1,0,0,1,7,0
5ef04495c55a43060c7e9ef786b3b45e036c6228,0,0,0,1,0,6,2,4,3,3,2,2,0
5f6fbcdf1937528c06cdb1c4321acd90d71c0b6b,1,0,1,0,0,9,3,5,0,2,0,2,0
61243f5a26e99bd5432555af4937b7793bef74ec,0,0,2,2,1,5,6,5,0,1,0,0,1
64cfc6dc0aa5b9843e3f9729b8c634404bc7bd8d,0,0,1,3,1,3,6,5,0,1,0,1,2
661bbf62624a835591f6a7f75f86185a1eb82c2e,0,0,0,1,2,7,4,2,0,3,0,4,0
691d5355b1656c73ccbdb770c9d95032f744fac8,0,0,1,0,0,10,3,5,2,0,0,0,2
6ae64cf10f7fa7bccfc0083caba5bf6bb3003f00,20,0,0,0,0,0,0,0,2,1,0,0,0
6b390f8c1724e30c927ed500dbfac06daca4b3a9,0,4,0,5,9,0,0,0,0,3,0,0,2
6b4ce06e09c034f2f2f37d1e98729caf83213839,0,0,1,6,1,4,1,2,1,2,2,2,1
6e0f3477dfc9cb2e89146af6e32a335e7d023434,0,0,2,4,0,2,8,1,2,0,0,0,4
765018718153a5780d2fd4c942f10dfe972bdc73,0,0,2,4,0,9,2,5,0,0,0,1,0
76ecf1a23a9e68a75cbfb5c5552899d5e66900d2,11,0,0,0,0,4,1,0,2,5,0,0,0
781a9113fd71dabb6339fee244acfe250dcd589d,0,0,0,2,0,1,6,8,0,2,3,1,0
787e978a8fcd9455e745a19339d6843285040176,0,0,0,2,0,4,2,5,2,2,1,3,2
791520ca96b726338e309050fd8e2d9285fab949,0,0,1,1,0,6,3,8,0,1,0,0,3
7a2345041701dbab91178ed88a55310d3099bc27,0,0,0,2,0,10,0,2,2,1,0,4,2
7b07464bb5fe21d8f9761f328c374455917564fd,0,0,1,1,0,3,6,3,2,1,2,3,1
7e18c60d037ec6c9a822a72850c267a03539baf0,0,0,1,1,0,8,4,1,2,3,0,1,2
86009ac240e39262fc36f05a330e37ac767f500e,0,0,1,0,1,7,5,2,0,4,0,3,0
86a6f840df3415e25cdf281c403a00889ee0f418,0,0,1,0,0,5,8,5,3,0,0,0,1
86ddb18aa8cc9630a6e6818d43466914f907b4d5,0,0,7,4,0,3,2,5,0,1,1,0,0
8849282d17bc083accd7ae408f067699597f9261,0,0,1,2,0,9,2,4,0,1,0,2,2
8a5ce11f487e5e20cb3efd8962a4b30be1a0c454,14,0,0,2,0,0,0,0,2,5,0,0,0
8bce501d6ab631a2f67d663f6ad0caffa69d8621,0,0,0,4,2,4,7,2,0,0,0,0,4
8ee7453138ab5c6dc7733de86d52d3022bbfad2f,0,0,4,2,0,3,3,4,0,0,0,0,7
9083c02ea0d1c215f399304c1fb4e71b9dc99b57,0,2,0,8,10,0,0,0,0,1,0,0,2
91e27bf247bd0a9abde60189c8bec51b9130d83d,0,0,0,3,0,0,6,4,2,3,3,1,1
9441d11384f9654f915ee4d42ee409e7f91304a8,0,0,2,3,1,5,4,3,1,1,0,1,2
9805ae1a5b65f31bfc3ad7cc741cc1db4d3741b7,0,0,2,0,0,6,3,6,1,3,1,0,1
9937129cea2eda6b994a3798bfa607c03db3dd07,0,0,1,5,1,6,1,5,0,2,0,2,0
9b582b9b046a9ef5bbb877c15e36c66f1d801d5a,0,0,0,0,0,7,3,4,2,5,0,2,0
9cefb5f49a738da1de1d0cd81f5b0a35f8b355ee,0,0,1,4,0,4,5,2,0,3,1,2,1
9efb2ce45188d346500abc88bb21dc68740e40c6,0,1,1,2,0,3,7,3,4,1,1,0,0
9f8780b6a9fd8221334c966c6e0337f89a091f54,0,0,1,0,0,6,1,5,2,5,1,1,1
a0c9e94b94723a569844cda52963cf3b7c948d7e,0,0,1,1,1,9,3,2,0,5,1,0,0
a6941e6af5eb6393c6b40a7f3740775203476ad3,0,0,1,0,0,6,4,5,0,3,0,0,4
a6f7da82358053cdb7aca4dcf66480d9d1c9b3ee,0,0,0,3,0,6,5,0,3,0,1,0,5
aa79725d45e961dfd6c22aedd70a149d28fbdd7e,0,0,0,4,0,7,0,2,0,7,0,1,2
ab703c4107deecd00353ab5537673e08cef40774,0,0,2,3,0,6,3,1,4,4,0,0,0
ac376ffa4960155ab9508ddb267e68a500403b47,0,1,2,0,0,7,3,5,0,2,1,1,1
aec910f5740804aea54e3d2134e3fddd638daac0,0,1,1,4,0,4,1,8,3,0,0,1,0
af2f0eff950ce56208a2f23746d5438d92514993,0,0,2,2,0,4,2,5,2,1,0,3,2
aff07dc27ad7e09dad1837e89602b46d89cbddff,0,0,0,1,0,5,4,2,2,3,0,6,0
b1662433f08f9fa4e5b1e87529b5fb2d9d4d0bf9,0,0,4,2,0,4,3,3,1,0,0,6,0
b62297918abc4b984bcdd81441d92597a17f91c7,0,0,3,3,0,8,3,1,0,4,1,0,0
b74f5f852d18b968b77c2d4a34c5cdd856621ec7,0,0,2,2,0,3,5,3,1,5,0,2,0
b7b00c4dd4358e46c24c99452acdaeba157a0885,0,0,1,4,0,2,3,3,1,6,0,0,3
b8a1b05d99243acdf348ded500fed5d84b7c211f,12,0,0,0,0,0,0,0,5,6,0,0,0
b8dd668ba904be27c01ac59c40ffb932a51288c8,0,0,3,4,0,7,2,2,1,3,0,1,0
b92b49bd18cbaba2313911aca520871dacc329b3,0,0,2,1,0,4,3,1,1,5,1,4,1
ba7ab780550199368aea27766c88ce7ffa664d7d,0,0,3,0,0,4,5,8,0,0,0,3,0
bc4d4a9e338c06539f9a1b8490ac56f0b1e42a73,0,0,0,2,0,9,0,7,1,1,2,1,0
c06425ef8ce60a952b6e015d2334537ea88c4677,0,0,2,1,0,8,4,1,1,3,1,1,1
c3d776cdb76bc082a3fe1c2cef54f976780922e7,1,0,2,0,1,6,1,7,1,0,2,2,0
c64e05d358d36ec39ddf463a41fd1573eeaa3757,1,0,1,1,0,7,3,2,2,1,2,3,0
c9bec3a8bba0c65e51f65d2409e2195bf79dbb9e,0,0,0,1,0,8,7,1,0,2,0,4,0
cd7d199632c181687c1841a7bad7bfd2723e3f4d,2,0,1,2,1,5,1,4,2,3,0,1,1
cea207490606e63e883566604bed9a8cbdcca13b,0,0,0,3,1,2,6,5,3,1,0,0,2
d092faae0db7fbdc05caa0a0a8cb5d5ca45bef39,0,0,0,7,2,1,4,0,0,1,1,5,2
d17037c69fb2c795adca5e9beae70f031054187c,0,0,2,2,1,6,5,6,0,1,0,0,0
d23d8b332682ef89a4c07aa79b735986c4f3cffb,0,0,1,2,0,6,1,6,0,7,0,0,0
d3a4ea8ffc2ffff5d3786ccf32008adba69227a9,0,0,0,1,1,11,6,1,0,0,3,0,0
d4cc62262c75650916a2010c288efdc749ba5d86,0,0,0,2,0,0,1,4,2,2,1,6,5
d4e6f5c1d1081ba906b7beb7b32237060a8c31b3,0,0,3,0,0,5,4,5,0,2,1,2,1
d512e21d81b843709c8f4f513f434baf7c8e78b4,0,0,1,2,0,9,3,1,2,0,3,2,0
d65db32b4362659b1cf8cdd0bd95b4aed1fe3f80,0,0,2,0,0,7,4,7,0,1,0,1,1
d881b3da026c9b48fee11750d4eb52b108fe0890,9,0,0,0,2,0,0,0,4,6,2,0,0
d8d5221992697d01c485d402f70fc00d635ca42d,0,1,1,2,0,8,0,3,4,1,1,0,2
dae95eb27a27543afc99eaf8f01f197adfddaee1,2,0,1,1,1,3,4,5,2,3,0,1,0
dbda8553e692c37a90a0f404ccaf9552ceb675ed,0,0,3,1,0,4,5,2,5,1,0,2,0
dce483f58fb7289124d49e402f829d59c0aa63b4,0,0,6,4,1,3,3,1,0,2,3,0,0
e25470ce2d5794c7bc1656def53925b9ca58c9b3,0,0,2,3,1,6,1,7,1,0,0,1,1
e439f9cffdfab786a9379891ea5c339297bc75c2,0,0,1,0,0,7,5,1,5,0,1,0,3
e53ddc7101d5a923c4b1519c04deaf491ef891ae,0,0,0,3,0,8,2,5,0,3,0,2,0
e82738b0b4189a124931802dac3957cdd57d7619,0,0,3,0,2,4,5,2,1,3,0,0,3
eb3aea4e505c0bf4d46fe9ecc93e83acbd789b76,0,0,0,0,0,0,5,5,0,3,1,4,5
ec5de8e188d652c3f0dc8121bf8bf052a1d4e12b,0,0,1,3,0,9,2,2,1,3,1,1,0
f45c857b0616c5d1721c254ad0c42724846bbf56,0,0,1,0,2,7,5,2,1,0,2,2,1
f61a74270cfc2b60f484a23b660678e0320d9d56,0,0,2,0,1,8,3,0,3,4,1,0,1
f6c14e674bdef45ff0930c8d1b7e89e243068db6,0,0,3,0,0,4,7,5,0,0,1,1,2
f85b57199f247e47bafa28a7e8e284639f779157,0,0,1,2,0,7,4,2,0,6,1,0,0
f8f6fbe1a9786a6c4a9511a0fd53a331d92d651d,0,0,0,2,2,3,5,1,3,5,0,1,1
fa276b974a49ab5c577edd1e2aecfb429c9be3ed,0,0,0,0,0,13,2,0,2,2,0,2,2
ff1028f09407cf681a2f352ce80b4f95eef48029,0,0,2,1,0,2,3,6,0,5,2,2,0
ff4bd1910f4c14ac36740fa5827def503c309887,0,0,1,1,1,8,2,3,2,3,0,2,0
016cb2f844e73504bcfb3a4ed5bd28c575a753af,0,0,2,2,0,5,2,5,3,1,0,0,2
02591b4b5352f1e442fe8166c1e489bb0fe6d938,0,0,1,1,0,5,5,2,0,2,0,3,3
05dc15b5a15f039a2a5b98652e521be8055b2d20,0,0,1,0,0,9,4,2,0,3,1,0,2
07f4c0938e5192e0db5883dcfde41e6b5211feb4,0,0,0,4,0,4,4,4,0,2,2,2,0
0da718ea83532b1ff730a03f54a6315ffdbc6d58,0,0,2,1,2,2,5,2,0,6,0,2,0
113f4c799983429f33f9b7d0e880fa9832d4bc32,0,0,0,2,0,6,3,1,1,0,3,0,6
12324fe72b634b41e4a9de4d7cb4b58a35e55dc6,0,2,0,7,13,0,0,0,0,0,0,0,0
12de63359e7cdb51d15533662cb878bdc56a01c5,0,0,1,1,0,5,4,4,1,2,3,1,0
131fd80a9f6ec7959bee859bfa1253252d77d48f,0,0,0,5,2,5,2,4,0,0,1,3,0
163d2ebaf1686113458ec3d7cc525b93df9712bb,0,0,1,4,0,8,6,2,0,0,0,0,1
19f13da7e5132ffff66e06c4f34769b9356a19f6,0,0,0,0,4,4,5,0,0,1,0,8,0
1aabd6db22ebe205ce83c2df2d8371097d1d5afb,0,0,0,0,0,9,3,5,3,2,0,0,0
1ce5c40035da24430489aa99d052acbce3adfdff,0,0,1,2,0,1,5,6,1,3,0,3,0
1dacfd6438742839b782eaf96c549ff2c6f8d54e,0,0,3,0,1,7,2,5,0,2,0,1,1
1e9ef635d5e025d8cc053ee5ea0646b22884fff2,0,0,0,2,0,4,2,7,1,1,3,2,0
1efd0abb8cc13cb7c993ed24970534a4a7b540e5,0,0,4,3,1,2,4,6,1,1,0,0,0
1f6f894902bdf299e2f4f196361a501310447c6f,0,0,3,2,0,1,8,3,2,1,0,2,0
24c2687d4149c0a0e7e75ab814aa2c4abcc9b0af,0,6,0,8,5,0,0,0,1,0,1,0,1
2531fb61e0059d977289d24a99b8276fc02a0994,0,0,0,1,2,0,5,1,1,2,1,5,4
2824385aaf0a68bce5cf7e6e0b6fab1450edc5f1,0,0,4,2,0,4,5,2,1,2,1,1,0
28aa13c45b11f639cb9ee2882a12b420d595c793,0,0,0,0,0,1,5,2,0,4,2,4,4
2a704f2e31c4be30bd872f4572c60234cbb66382,0,0,4,3,0,6,3,1,0,4,0,1,0
2c871b7d747c9bd52b9c3980c1cbadafa8009836,0,0,2,2,0,3,5,1,1,0,2,4,2
2d86ca6022820a70c9fc97eeb2f17d9d6371535f,12,0,0,0,0,0,0,0,4,4,0,0,2
2d9de0bca8a6903cf11f136d1744fe8aa9a47d20,0,0,1,2,0,9,2,1,0,5,1,1,0
2eec4c132bb1da5e55f1ccce922b776d07383fae,0,0,1,3,1,5,4,5,1,0,1,1,0
2f50ba52667fef2e724fa81840331a8d17b65795,0,0,0,3,3,7,8,1,0,0,0,0,0
362491a3284c459a3d9846b9dd3efd85989a8d1c,14,0,0,0,0,0,0,0,2,6,0,0,0
36a562bdd0b30740416f7cff7d76685e21f03f1d,17,0,0,0,0,0,0,0,2,3,0,0,0
37885f0314f7adf597cb6faadf1727a209872a8d,0,0,0,4,1,8,2,1,2,1,0,1,2
3a5d07c1a5f4941b97810c54aefa7f2ecaa2c4a1,0,0,2,0,1,9,1,2,1,1,0,3,2
3a7b47d43182e477ff521fdd9e9a646ad3f53823,0,0,0,1,0,6,4,3,2,3,1,0,2
3c71a59f122deb1bcdb1b773eeae477d094cac85,0,0,4,2,1,5,2,4,0,3,0,1,0
3dcd796e44ac23234f95ee5d4dd41f1af803644a,0,0,1,5,0,6,1,1,3,1,0,0,4
3e31c58994345564f32458f8efa1aa6639735667,0,9,0,3,9,0,0,0,0,0,0,0,1
3f377ecaed8b4e1693209322f3ab962a94e34d95,0,0,2,2,0,4,5,3,0,3,1,2,0
4308516a03682e565c57d216dbd6342f20eef90e,0,3,0,10,5,0,0,0,0,1,0,0,3
430875466b56f51476016c6b062b2493b30a7ff0,0,0,1,0,0,6,3,3,1,6,0,2,0
46f4fe0af33459f3586bfd573aafca34f01d92b3,0,0,0,3,0,8,2,2,2,2,1,1,1
48d047e9c70702901bfd6ba1f0953ad24ef4561e,0,0,1,1,0,5,3,5,1,4,0,0,2
49d29ce9d5bda36f8ff75a351ed57185ac67a4d3,0,0,0,0,4,1,5,1,0,0,0,8,3
4a95c23c6164d298fd826b002066b652d8e69831,0,0,1,0,0,8,2,9,0,0,2,0,0
4e1b048dcc205db78827cce756095b0c77547fa7,13,0,0,1,0,0,0,0,4,4,0,0,0
5a41b7a1eb6d5a61ca24e2c21d5f39c51367f907,0,0,0,3,1,7,0,9,0,0,0,0,2
5ce41d77a678816a1679104e09579bbf0f1126eb,12,0,0,0,0,0,1,0,2,7,0,0,0
5e3f170d8245acbf1a4bb87d80b4bbf14acc4987,0,0,0,2,2,2,1,3,0,0,2,6,4
625135b5a100af231598d9db2b594a723478847d,16,0,0,0,0,0,0,0,2,1,0,0,3
6433a7f1e7210091e4ea9df0a0b1d941e353b025,0,0,5,0,1,0,0,10,0,1,0,3,2
6586b7f668919dd8fb501aa8d4678c2ab48bb546,0,0,0,2,1,3,0,8,0,4,0,2,2
679f6048fb0e2c78c2efdb4be8becfae0fe11170,0,0,3,3,0,5,4,2,0,2,1,0,2
690ae081c35ffaf2b81e2471bf2bcd3bcd97c0ae,0,0,1,2,0,6,4,4,0,0,0,1,4
6961fe1e6205931a9bef39dfbe179cad9ccad56f,16,0,0,0,0,0,0,0,2,4,0,0,0
6ada8fe46bd6821144cc2a738e7900b3b0c13a9c,0,0,5,1,1,2,2,10,0,1,0,0,0
6b0112edd80119216defd48b9dad5adc868cf75c,0,0,4,1,0,8,0,3,0,5,0,1,0
6cb7bfdda0db7927c48d5c7030f68e24729e9b64,0,0,2,1,0,7,3,5,0,2,2,0,0
6d1733d8f2175346c9fead0480debf7047243cfd,0,0,0,3,1,8,6,3,0,0,0,0,1
6dfbafbd37a9a377f74c5bdbce2fc4870e09c4db,0,0,3,2,0,2,4,4,1,3,2,0,1
6e9813f50caf1b6caef8666a6e22625b5e929c5f,18,0,0,0,0,0,0,0,1,2,1,0,0
721f0c39d6c55f67c00704a43bd892c6e62a4361,0,0,0,0,1,1,5,1,0,1,5,5,3
74c8ded8f1b5f25e68469758391adc1ffe4c5f1a,0,0,5,3,0,4,5,1,0,2,0,0,2
7594f3f2262d1c45abf9995a54702e698e439def,0,0,0,0,0,5,7,4,0,3,0,3,0
75ad04d7d8dc57853776bffa135f58b9ecd20658,0,0,0,3,0,6,2,3,1,2,2,2,1
7652bd206c81716ccc4e18a1cbe2b9d90abfec7e,0,0,0,1,1,5,4,1,1,1,3,4,1
7702c0b893fb5d8aeec69635d3b8f2ae632f551f,0,0,3,0,0,6,1,1,1,1,2,4,3
770862dec578d3569ba87e99f12940bf242862d4,0,0,0,5,0,5,3,6,1,1,1,0,0
771cbc1ceae47a4783c39a7ba376dfd13b1f767e,0,0,1,0,1,2,4,2,0,3,4,1,4
7955c8bb157a599ee1547548cb411e61fe818b12,0,0,1,1,3,9,3,5,0,0,0,0,0
7cb67166f9476b34a32f7414dcb427d542dfe946,0,0,0,1,0,8,4,2,0,3,1,0,3
7ed8f1d9f622d7b9b16de91897d562dc5ff38ec8,0,0,2,2,0,7,3,4,1,1,2,0,0
80750988c0ecf533ac0c32fb29fc8b2f4f939151,0,0,1,3,0,6,6,1,1,2,0,1,1
841ed77b81ae3c6cfc9ed7a245cf69c2f1303bdf,12,0,0,0,0,0,0,0,5,4,0,0,1
85a585c8f45a67c0b2b94e0525b2022d19653db1,0,0,4,2,0,3,3,7,0,1,1,1,0
85db69f6c8d00be44672f640703d75ad292fede0,0,0,1,2,0,5,4,8,0,0,0,1,1
883569c491a5f089dee6708af011817ed6b394a2,0,0,0,0,0,7,5,0,1,3,3,2,1
8b5066f0da2ea848a8e56b9b9498fc2c93cdcadb,0,0,1,2,0,6,8,3,0,1,0,0,1
8e841627b0f4f5b8dd5ae8d0b6196fc13a3fb7f3,0,0,0,1,0,1,11,1,0,1,2,2,3
8e9b4b425537853d561e467fc1039a14c61da549,0,0,1,3,0,4,1,2,1,6,1,2,1
90424e22a57e523e07614c4b5a78073cda29ac5e,0,4,0,5,7,0,0,0,1,3,2,0,0
95531231080a60e9cae32037734e8eca326c66b3,12,0,0,0,0,0,1,0,0,8,0,0,1
983a4629d3c62d3511cf9720a8f97b378a86b1a5,0,4,0,9,6,0,0,0,1,0,2,0,0
98ac5ad51e794b5ad048369bcee7dee056c58f1a,0,0,1,6,0,5,2,0,4,0,0,1,3
99b884f3a21e6f51eac75795ba75e3d15edd0470,0,0,2,5,0,3,7,2,0,2,0,0,1
9aacf1f2c2a44a3a84dce2db5edb30f88ac874c8,0,6,0,7,8,0,0,0,1,0,0,0,0
9bc00667bd94b4ee670fe93fcaf3d5e3043965f2,0,0,3,2,0,4,1,3,1,3,1,0,4
9f22d15f4be0ed32e71679ad7c1ec2412016d7ea,0,0,1,6,0,3,0,6,3,0,0,0,3
a00bcfc3a7d673a40ba856f97329ad36fad1f111,0,0,4,0,1,4,1,5,1,1,0,3,2
a0b2398e20201f5995d75a3065c7e5ef380e181a,0,0,1,2,0,2,8,6,2,1,0,0,0
a388226e40c724088808fa25e81871b12ef5d790,0,0,1,0,0,7,0,7,1,5,0,1,0
a3988bead08e083771295c6015ea85e60df8f912,0,0,1,1,0,7,2,5,1,2,1,1,1
a42de11451b2a2afbacadb3a3563c68bd950af8d,13,0,0,0,0,0,0,0,3,6,0,0,0
a43252065ecddac9635ceed832713c1a625acfc0,12,0,0,0,0,0,0,0,4,6,0,0,0
a4e17154be7077b4f8da2723f7791833b0000ea3,14,0,0,0,0,1,0,1,2,4,0,0,0
a5bd655935b0c5973a919ec46eb0c50d207a8f58,0,0,2,1,0,7,0,8,1,1,1,0,1
a645bcb0f25cb949e3075db9287610dbf4a2dce6,0,0,0,0,2,4,3,0,0,6,1,3,3
a98bb286f0f5b3c82c219fe54dfa8c19216fe20c,0,0,3,5,0,2,4,0,1,3,1,1,2
aced39b996085c6cd9a7ccfa6823a8573e3ba724,0,0,1,1,0,5,2,7,0,3,0,1,2
ad516b2c92662a405902f122c650d0f508df5dbd,0,0,3,0,0,6,3,6,0,1,1,0,2
ae9799ba1e9177b696c0f7a0f50cdce124c080d9,0,0,1,2,2,5,3,1,2,4,0,1,1
aea418ef9a34e0d45c1fabd36a98486a51b41b04,0,0,0,0,0,6,3,6,4,2,0,0,1
af5a08de6d9d3c0bed1bd8f39816fbdc47d3c56e,1,0,0,4,1,2,6,2,0,1,1,2,2
b051f09ec0fae89fb4132803708fe51a367bd214,0,0,2,1,0,7,4,4,1,1,0,0,2
b2ef1d3c223703fe4519c99d5356946b10a8fa73,0,0,1,0,3,5,2,6,0,2,0,0,3
b3449daa3c825f5a7db6080a7d6ad6fedbf8061b,0,0,0,1,1,0,4,0,2,1,5,8,0
b365477a5747519c990858612e22bcd2e23cc126,0,0,1,4,2,3,2,5,3,1,0,1,0
b90b493a73007ff30e1c2083461d2f2b944bbbc6,0,0,0,0,1,2,3,6,0,5,0,1,4
c24214bd52aa691bf1ca7b42afd77b5883943072,12,0,0,0,2,0,2,0,4,2,0,0,0
c28ef6f6ee2cfd939a7d575d2e7cc3d4690e353b,0,0,0,3,0,0,3,2,0,3,3,6,2
c6b4f283a18a27df81a8c63665c99c6e12456819,0,5,0,4,9,0,0,0,0,1,0,0,3
c7e7b53556d64baab3707be74a7c125168d883fb,0,0,2,6,0,4,4,3,0,2,1,0,0
c818a10479337b8227c8c6f7d56ba3e7b8482f8d,0,0,1,2,2,3,4,6,0,0,0,3,1
cb4b8982b49537ae28c691c953caa2c29f09d95c,0,0,0,1,0,4,5,6,1,4,0,1,0
ccf586c4f913d85b8ac3bd65800ae43a0cab9929,0,0,1,2,0,8,5,1,1,2,0,1,1
cee6f7c1ed100b62f0ebae8f2e189be2b8b7b114,0,0,5,2,0,6,1,6,0,2,0,0,0
d194e95348b1ca7488bae243171d4615c379ed99,0,0,4,2,0,4,1,1,3,6,0,0,1
d3030aa8629f02645e98dfade2010816e4a0d8f1,0,0,0,3,0,4,4,5,0,4,0,1,1
d35eec856396f3e669dff083caba414e7baaca3b,6,0,0,0,0,0,0,0,1,14,1,0,0
d4d5124b17dc470a176434c68ce82f8394618221,0,0,2,1,0,11,3,1,0,3,0,1,0
d4e1cbfc3311f7df2542bf2c3eb5378a2ead4acb,0,0,4,0,2,5,1,3,4,1,1,1,0
d5403ba4f6be352b40494e01a39abc54662cd9aa,0,0,1,1,0,5,6,2,2,2,1,0,2
d73cda506ec6c7704efd345df9948051f816b543,0,1,0,3,0,2,1,9,0,3,1,2,0
d9ecea5624335fb32e8b6039ea5dba95c27f9dfa,0,0,1,3,0,6,2,3,3,2,0,0,2
dccdc1107da6bd9fe3d796e0c797350f1ca8d556,0,0,1,1,0,7,3,6,0,1,1,0,2
ddd6eec94ab58f04406f672b1149a3bbf4ada63f,0,0,1,2,0,6,5,6,0,0,0,2,0
ddf500b6f4d16f35ff038198191bfdde7e151d1a,0,0,0,0,0,1,7,1,2,2,1,2,6
df41c56e462fcbd6d61239fbd38cd01d0f9b6340,0,0,0,3,0,5,5,3,1,0,1,1,3
e24093cd50d38f35c23ef8ec374b32076dbcf4c8,0,0,1,2,1,8,4,3,0,1,1,0,1
e9123e2981ec813ec38abe29415ef12bb8965dcd,0,0,0,0,0,5,4,6,3,2,1,1,0
eb9219a3a2c96214121c7cbc377eb4c9a8674667,0,0,1,3,0,10,4,3,0,0,1,0,0
f2159397dc506bb077a2f36c2d7596370455f9dc,0,0,0,4,0,9,3,4,1,1,0,0,0
f499cacdba2a6d6cfac5735932735c29ac5a43b0,0,0,2,2,0,2,6,3,3,3,0,1,0
fc286ad9d42859081f8dc03326295f20cb390e96,0,0,7,1,0,3,5,1,0,3,0,1,1
fdbae435b41892f19742cabccc2bde75c8debdf9,0,0,1,1,1,1,6,4,0,5,0,1,2
fdc50705cb4753b3196c712a66a7c396bc47380c,0,0,0,3,1,1,8,4,0,0,0,3,2
00bb376945184e91b2e986c4bbde617320de1fe9,0,0,1,6,0,2,2,4,0,3,2,1,0
01cfeaf0e9dab9b0cc27d0b25ab367d842ede451,0,0,2,1,0,10,1,3,2,1,0,1,0
0695d6fd618eb729769e02a961259e3372a1889b,0,5,0,12,3,0,0,0,0,0,0,0,1
0d6fad43645c7628862120b96c16ce7dd9522bf2,18,0,0,0,0,0,0,0,1,2,0,0,0
0daf419911a7dd33a334f81b69f0899dc4a0da91,0,0,2,0,0,4,1,4,2,0,1,5,2
112faa282ec3c561e3c3a07c1cf7eabf90a31f41,16,0,0,0,0,0,1,0,0,4,0,0,0
12eace8205d4d277c77670cc42d2fbc6b1c0726b,0,0,1,1,1,8,2,3,0,3,2,0,0
14ae941e79a089e495918cda682142cc1c74213d,0,0,0,2,1,6,1,3,0,6,0,0,2
1551a4a1947dbbc8b1c097c830b957473077611e,0,0,0,1,1,6,2,2,0,1,1,3,4
16306652f36d2568a693b9b16d415282502d1348,0,3,0,2,13,0,0,0,0,0,1,0,2
1795a5c25bd5e2c6cfb03e9423cb1c2195ca2277,0,0,2,3,2,4,4,4,0,0,0,0,2
17c69790983fe89e8fc98a115b052f60f969e692,0,0,0,3,1,4,7,2,0,0,1,1,2
18e3233a7b394587650b799bcf41e019066a5209,0,0,2,1,0,9,1,4,0,1,1,1,1
1a432663c20134eccb30351e08e77a16cfa41fd1,11,0,0,0,0,0,0,0,1,9,0,0,0
1ca83df947b3b5d3425ce45ba7738d5917f1b967,0,0,3,2,1,1,4,1,4,1,1,3,0
22ca93c779cb2aa949742c88897d25315885e37b,0,0,2,7,0,0,0,1,1,0,2,4,4
22d9bfa5de0f37623362f48001a1c329c1010dc0,13,0,0,0,0,0,0,0,2,5,0,0,1
25338b65e5cb9b682d659a781dc389f9ba2cb02b,11,0,0,0,0,0,0,0,5,5,0,0,0
259d9c329d183348cccb2bcf85240f68d4161c07,0,0,1,1,0,5,5,5,0,2,2,0,0
25a91083261fa54c6182b80a2b2e00a50757bfa1,1,0,0,3,0,5,5,2,1,3,1,0,0
26090b54399f4deb3b1555d59f8848a08894329f,1,0,1,0,0,9,4,1,1,3,0,1,0
2730c126acf0b0606967895b10499f6e469642ea,0,0,1,1,1,3,4,4,2,1,0,1,3
27a3c4efcd29c5195672cc1c2bca1c9c6af1787d,0,0,1,1,1,0,8,6,2,1,0,1,0
27c3ffdc3a6a0061e4c0d5e47033713944e45047,0,0,3,1,0,2,4,3,4,2,0,2,0
2b0538166daf66b3a4902fc4d3205ea02273c967,0,0,1,2,0,8,3,2,0,1,0,3,1
2c8d13bcda685075667fbc6a9994dfc997a380a2,0,0,0,0,3,1,6,2,1,2,1,1,4
2cae220edb25ad66eb4fb3a44ad765ae7c908464,0,4,0,2,12,0,0,0,0,0,3,0,0
2d28f1f84a46a0814f8c1ee49dff1090171cb635,15,0,0,1,0,0,0,0,2,3,0,0,0
2f3ff616ad5f5152cb863f412d86883246177998,0,0,2,0,0,6,5,6,0,2,0,0,0
30b4f1d00be320634b00281e65cbc53cedc524f6,0,0,0,0,0,6,5,2,2,1,2,1,2
3316685ff680f56984da29cdb23d7bd2f19ec9c8,0,0,1,0,2,3,8,1,3,1,0,1,1
3397c2f708dbd7a163ede99f38d9f41b887bf33e,0,0,5,3,1,4,2,4,1,0,0,1,0
34af3b397a7471ad8c45565a4b2db6b7f749bd21,13,0,0,0,0,0,0,0,2,6,0,0,0
359f55fae84cbd60e162cee706de2f6752959706,0,0,5,2,0,5,3,1,0,0,2,2,1
35ad60ef7c963278769e12db34227d41d4396275,0,0,2,3,0,6,0,1,4,0,0,5,0
35d792503f74d8e96ab0ec74c9087eb26a97f25a,0,0,0,6,0,0,3,5,0,3,0,4,0
375fd9d976d1c64294153bb98c25c351b1eac85a,0,0,1,4,1,3,4,1,1,3,0,2,1
376c1e0e830fd8c9d73d7e9c0c46667948010c8e,0,0,0,0,1,5,3,2,1,1,3,2,3
3a084764f36b27f0f65bbea423b8625043c51588,0,0,0,2,0,7,6,3,0,0,1,2,0
3a0a47610f4693dcd02dc73fda555bb3d276996b,0,4,0,6,6,0,0,0,0,1,2,0,2
3ac3afe1fdffecb6a1e8c32e5b0bbb34b369d2fb,0,0,2,1,1,0,0,11,4,2,0,0,0
3e94730126cd9561197e5750dfafc205cf560e13,1,0,1,0,0,8,3,3,1,1,0,0,3
3fb124e19c485683804aae47a73d761ea6fc7ebf,0,5,0,8,5,0,0,0,0,0,2,0,1
41b113cb1f02c520d4c5594b76941be9bd2b1b62,0,0,1,4,0,4,4,1,1,1,0,1,4
42d1c9a406e6d5de3341787e38b1506e6b2f27bb,0,0,1,4,0,4,7,0,0,3,0,2,0
47dac0dc9607e38cf28426c183b526b759685705,0,0,0,2,0,10,0,5,2,0,0,2,0
49ae1202c464330a7238b7ae43a49e91f8828086,0,0,1,0,0,3,5,4,2,0,1,4,1
4c627b0c6842928648a07759bb50f4d6f1d7de6b,0,0,0,1,1,2,6,3,0,4,0,3,1
4c993ad590f0fc5fb163700aa764477e51f6847e,0,0,2,0,0,8,3,4,2,1,0,1,0
4d746c87163a4dc960041a29f337e9e577c8bb00,0,0,4,0,0,8,1,3,0,1,0,0,4
5129246dc0cce5ae739497a3506f34c1786e5f60,0,2,1,1,2,4,1,4,0,4,0,2,0
51ac9ad2c45b2ec11110e39a657ad61019bb3261,1,0,2,1,0,5,4,2,0,2,0,3,1
51dd0918aefe769cc89214be500e4e0cc6ca249a,0,0,4,2,0,11,2,1,1,0,0,0,0
532922535f0a70f921d81968e50def59fa1bffd7,0,0,2,4,2,3,1,3,1,2,0,0,3
576773d0f6949dc4db504dd2bf6880c013a84ce2,0,0,0,2,0,4,7,0,0,3,1,1,3
58303bcc7d961bfa77ed867aeec0b151384fa93e,0,0,2,2,0,5,2,3,1,2,0,4,0
5979d2ca31abb9a2d26e6e2fd54c7de18d1b6af4,0,0,0,1,0,13,1,2,0,1,2,1,0
59eeae60626d8a63eb3565b08a31f72ecbfd0b9c,0,0,3,0,3,5,2,1,0,2,0,2,3
5a12703e5207ebd4fa6bee706ea9f3ffe64702b6,0,0,0,1,1,3,3,4,0,1,0,6,2
5b76f42a9ab883c2e472c69927a52b41beacb575,0,0,0,0,1,2,7,3,0,1,1,6,0
5e657a436b06dd6795c054f7dd7dea9f81b6c235,0,4,0,5,8,0,0,0,0,1,1,0,2
6019aef440ee6111fb4a83cbbda18ccb148dc340,0,0,2,1,0,4,4,3,1,1,0,4,1
64520e32f56a764b0775e199afa85f1e5549ef08,0,0,0,2,2,0,5,1,1,2,3,2,3
69eb68a40658ab5cf65fec3b62743574d9a45c60,0,0,1,4,1,8,2,3,0,1,0,1,0
6b18406248079d136f5132330e8643a9242392dc,0,0,0,3,0,2,4,2,0,9,1,0,0
6d6ef1d79ddb8bfae577ad6380dcddf9c845b30f,0,0,2,1,0,8,0,5,0,1,1,3,0
6e378eadd8c7de10d3718c1ce04c06c41aa918dc,0,0,0,1,1,3,6,3,1,0,1,3,2
6f0ff117bcfc10c248facc431f406504ba92aeea,0,0,2,3,1,3,1,2,1,6,0,2,0
6f6fa2fdbaf1dae4ea29ada7bfaab1935bf02847,14,0,0,0,0,0,0,2,1,4,0,0,0
70b0dabd6fafe0a2362450e3f9247296061b128c,0,0,0,0,0,7,4,7,0,1,0,1,1
72cead537df0e8054ebcde749a61d8a57de22044,0,0,0,2,0,1,9,0,1,1,2,3,2
72e2abd2e15e4145b6f0cc49253f7ff5725c53ea,0,0,1,2,0,6,4,3,2,0,3,0,0
72f57f7929102d87caa5099fe7c914943a35ddea,0,0,0,3,0,6,0,1,0,3,0,3,5
75a3ec78b78e1983d6770c3202dc4747a2fd9be2,0,1,0,9,5,0,0,0,0,0,5,0,1
75ce7886c05376917fd83b47ed1e07da1a2001b4,0,7,0,7,7,0,0,0,0,0,0,0,0
77696def52b01d12badedb9f9a62718b4f0e4587,11,0,0,1,0,0,0,0,5,3,1,0,0
77e8ae96ea2b6dcc28f629aeed6af4b948c045ff,2,0,0,2,0,12,1,1,1,0,0,1,1
780276600a2c8d09b121e2d0f2f1cddb7876b050,14,0,0,0,2,0,0,0,4,1,0,0,0
7aeecfd91bce481236b06902baea44b993080804,0,0,0,0,1,2,3,0,3,2,3,4,3
7badf451e0bd0e5cc1dfe282704a4327493dda3f,2,0,3,0,0,2,7,4,1,1,1,0,0
7d7fefce1a0c0837ed0d0512e981c927ffd06bf5,0,0,3,1,1,5,1,4,0,1,2,3,0
80abc7e25d5d4d0d44e114f7cfd41535ef20d669,0,0,0,2,0,2,5,3,7,2,0,0,0
827ef61b802a1b942ad6a946884cab74cf398cdc,0,0,1,1,1,10,2,3,0,0,0,0,3
82f736626ba12a9cb9a73a5471579e37ab6ac4a9,0,0,0,4,1,4,3,0,1,3,1,0,4
8489129823e14e11e759d5c89d2f19759d902224,0,6,0,7,3,0,0,0,0,2,0,0,3
858ff3ee76a9f2bbd66c1648b11f59ee9e30e2bc,0,0,1,1,0,10,2,3,0,1,1,1,1
85ef38494cc2e394f88ecd0047c1ffb407008a92,0,0,1,2,0,6,2,2,0,1,2,3,2
86380765dfcb96f3164f5532dfbb84dd4eb2f498,14,0,0,0,0,0,0,0,4,3,0,0,0
8ada74cb36b4c9e4fd35fcfb1580318e8e55fdf0,0,0,1,3,0,3,5,4,1,3,0,0,1
9427eddaa6ec59fece5837742045b1aafe77f753,1,0,0,0,0,7,1,2,1,6,2,0,1
9428bca85a2c373bd385d5421877d08f1b3021e4,0,0,2,4,0,7,3,1,1,2,0,0,1
94874f7269cfdab46dbc97fa6c7ea406d3359c2e,0,0,4,3,3,5,3,0,1,1,1,0,0
94fb4262853480a6653318c652238a7bce80be29,0,0,1,0,1,7,2,4,0,2,1,2,1
971927f9e6041f8ca31392595b977135cd033a5a,0,0,1,1,0,6,3,2,0,5,1,0,2
97b64c5cb65d36dc87299a4753655a66ad9a6c0e,0,0,2,2,1,5,1,5,1,1,0,1,2
9943b0c626cfe0448facca753445598e82fd5ad2,0,0,0,1,0,3,3,2,1,3,1,1,6
9af3522a7325dd865814c568c2b423b2fd31c533,0,0,3,1,1,6,1,5,1,3,0,0,0
9af8509f981dceae9d2ec887956fae21b2384ab4,0,0,0,2,0,6,2,3,3,2,2,0,1
9c26479303b21d8ae56ac763a0968fab72bac423,0,0,1,4,1,6,2,4,0,2,0,1,0
9c847c4e791384d83edc00296c3a813363156f74,1,0,0,1,0,2,9,3,0,2,2,1,0
9d1c5b1affda2ad7987fa4692236cc5f53917324,0,0,1,1,0,4,3,4,1,3,1,2,1
9e02ea6e4424a6f422a4cd7c0e8487886f1d1685,0,0,0,2,0,6,2,5,1,3,0,0,2
9e3bcb61c2e0466569140c748469fe0c137a903e,18,0,0,0,0,0,0,1,0,2,0,0,0
9ea04a1d7bfc11e2cea3efb310556b37100e7671,0,0,0,0,0,9,2,5,0,0,3,1,1
a0c69559ecd9dd80cc2482563aa8805fcfd80e37,0,0,1,1,0,7,4,6,0,0,2,0,0
a1df6c3f4c2ffae1ea55a3c3b7478e39f549e4c1,0,0,2,1,0,9,6,1,0,2,0,0,0
a2777cce278e7fc9679c372dc4115994865a95ac,0,0,3,4,1,4,2,3,0,3,1,0,0
a30bd13b9db82c1335ab5a118e24046cbc962abe,0,9,0,8,3,0,0,0,0,0,0,0,1
a404de8624a999a426c9b6d5e5bcb963545eca29,0,7,0,5,6,0,0,0,0,0,2,0,1
a6032e66b0d7639b9a690f479c9785e4bfc3728a,0,0,2,3,0,2,6,4,1,2,0,1,0
a67ca54b41f77a498c631abe262e074f8406a1df,0,0,1,1,2,8,0,2,1,3,1,2,0
a8b7347530982dc920a7f338d8da55b4e57d0b99,0,0,1,4,0,6,2,3,0,2,0,1,2
ad20c56c496b7779b7cfd101d604f98326e31501,0,0,3,1,1,9,1,3,0,2,0,0,1
b0eb2fc46c344a44bcce0a8f0a436c34fa7bed43,0,0,0,0,0,2,2,4,2,4,4,3,0
b4ac97d8c33b6eadee65d4d8227240fb61f8a6be,0,0,0,0,0,10,3,5,0,2,0,0,1
b598d4ae7f19e38b6e1e5b35affea3247f1bdad3,0,0,2,2,0,8,3,5,0,1,0,0,0
b734c09179c9146ea4f5708b2002924e97b14e14,0,0,1,6,0,7,3,1,0,1,0,2,0
b8bd72db7c1b3e22e79d6f54bf92ec1e52581101,0,3,0,5,11,0,0,0,1,0,0,0,1
b9e32a9bcc9932756173fb28fa3222c941329797,0,0,0,2,0,4,4,5,0,3,1,2,0
be26bc188ddd597dd08a219e81da4e8d0dfe37ee,12,0,0,0,0,0,0,0,5,4,0,0,0
bf53ce9601bcb0d6f2e1a5ed2b2be40ad1870a0d,0,0,2,0,2,7,4,5,1,0,0,0,0
c43237875a195ba70836e6d80345f23d7a99747a,0,0,4,1,0,6,4,3,1,0,2,0,0
c6a5f8a71ddcfb76a3671e48a9a50367128d2e8b,1,0,1,3,2,2,1,4,0,5,0,0,2
c92f580664fce678e059e9e3c2cae7803ffc3cd3,16,0,0,0,0,0,0,0,2,3,0,0,0
c944b9241a02025047970ad7b77286a305a5069f,0,0,0,1,0,1,3,0,3,0,3,7,3
c9f7069fec51e6213b5b6d8d1a9e712f074e0c46,0,0,1,3,4,3,0,3,0,5,1,1,0
ca38ea2a642d28938a107a5c093b2cd3d8693877,0,0,2,2,0,6,3,2,0,3,1,2,0
ca459cb1ad6dea1f9d05847e007f4066acc9c430,0,0,0,0,0,1,2,2,2,3,2,2,7
cbf2e6562f1c6026ffcb2121736f2fa3e7cc7e8c,1,0,0,1,1,4,4,7,0,3,0,0,0
ce90d3f9fad93d4192e2317d0b48c5db4c56e2ee,0,0,0,1,0,1,5,3,0,2,2,2,5
d0c8ebfa0d8a13b53eae70c0ed986652c028a34f,0,0,1,1,0,4,7,3,1,2,1,1,0
d0fef1b918f2177c9e8d46f267d81f75baa40f8a,0,0,2,2,0,3,4,2,2,3,3,0,0
d2a86a9fbceef1a5b113d4b0297b2fb32fc30c49,1,0,3,0,2,4,4,4,1,2,0,0,0
d2acaceed2d0696d6806b2a421322cad54acb05e,0,0,0,1,0,6,4,4,1,5,0,0,0
d3a53d6e3de748080c32e5ecd03b55b1159976af,0,8,0,1,10,0,0,0,0,0,2,0,0
d3c2fc9f2bb8a888d627e6ff7066d70ece466150,16,0,0,0,0,0,0,0,2,3,0,0,0
d6637266b11a1505c082ce37919a0def0c41d7f1,0,0,1,2,0,10,3,4,0,0,1,0,0
d747ce61c80635e2b6f32d87fd12dd50fabc9fc5,0,0,0,2,0,5,5,2,2,0,2,2,1
dac66a53da06be799e1e56da57924fe5cbf10611,0,0,2,5,0,3,4,3,0,4,0,0,0
dcdead8f8d059c5a08630b333f3618a2ff84e08d,0,0,0,0,0,4,1,8,0,4,1,3,0
ddb5ef97aad05dbc65053ee437389ae99c15f53f,15,0,0,0,0,1,0,0,0,4,1,0,0
e01b4b3bd0b052cd4b1461579dde0bf8403fd550,0,0,0,0,2,9,1,5,1,0,1,1,1
e157b3bdf73fe33f1c45015d73c9d6df06d4c8d8,13,0,0,1,0,0,0,0,5,2,0,0,0
e46b4423dc3d87ff0b61c2677fa3920914466639,0,0,2,3,0,0,4,4,0,2,0,4,2
e6048f4d22a3363d741150b766d965d13f2dbf62,13,0,0,0,0,1,0,0,4,3,0,0,0
e63310705797bce00b1fa20272cbfd48000bef31,0,0,2,3,0,4,2,3,0,1,1,2,3
e6a7d2df6cb94ce6d0bf3b7b3432e21c702e0374,0,0,1,2,0,3,4,5,0,3,0,0,3
e6f9413e64ce5de8110c5863f87a04c4a3900a24,0,0,2,1,0,9,4,1,1,2,1,0,0
e88f67624488d2272041f265d409a7b9825eee65,0,0,2,1,1,2,6,4,3,1,0,0,1
e8ec7a969744a1f4a0644e960d0af873d07a2839,0,0,1,3,1,3,6,0,2,3,0,2,0
e9613e09ab93678c408f189f58743c06ac555757,0,0,2,0,0,7,1,5,0,0,0,3,3
ea083c32d1cef2729e95d2d7777cb75d8101ea3a,0,0,0,4,0,4,5,2,0,5,0,0,1
f02cbbb0e5c965b1296f8c9ecea4c9f2520018d4,11,0,0,0,0,0,0,0,5,3,2,0,0
f1b47eeb0f666f697b6125e08de33f0dcb7235d4,11,0,0,0,1,0,0,0,2,7,0,0,0
f3e1c74a1466548082a5d3f8efff88dfea72c3b9,0,0,1,1,0,6,5,2,0,5,0,0,1
f50a7161c6bc38190d76b24e824cdf3209dd4df0,0,5,0,8,6,0,0,0,0,1,0,0,1
f6d3783308192e4140f42323d6e0dbd4967e5a24,0,0,1,1,1,1,8,2,0,0,3,1,3
f6ef63d39694c7b0e42c64f612db38572723a670,0,0,2,2,0,7,4,3,1,0,0,2,0
f7184096e2bb2e8ae4b0817e1684dde9419c3804,0,0,0,3,0,2,5,0,1,2,3,4,1
f72e952115413b8c8dd1c3049fec332c606b57d4,0,0,3,2,0,3,3,2,0,4,1,0,3
fd169c95ac3ab78a23c36e39761985d7b8f5efe4,10,0,0,0,0,0,1,0,1,9,0,0,0
fdf52f1fd8b3f9e14f5c3ab359da40b211b2a57f,0,0,1,0,0,7,3,2,2,1,2,1,2
ff16475d946562eee65d028c807721809c3e786c,0,0,2,1,1,6,1,5,0,1,1,0,3
ff6e3d19630197ff59940662a326f8a63959d856,0,0,1,4,1,0,1,7,0,4,0,0,3
005adca83f2f493ab91dec0f9d404ad8c8f99fef,0,0,0,1,0,2,6,8,0,3,0,0,0
010ec598a0be54ddc64f72ba5b081205ba3c26c7,18,0,0,0,0,0,0,0,0,2,0,0,0
011384cfc15dc572da27dedccd5d49a1228e8081,0,6,0,5,7,0,0,0,1,0,1,0,0
0122962cb362f3fba928d653dc59c92be7c0275c,0,0,0,0,2,1,8,2,0,2,0,3,2
019e5705761dda9d43f7f65a0e771ab769206df4,0,0,2,0,1,7,1,1,0,1,1,4,2
0930456e0759328a51dd2590e3660c188adf5e49,13,0,0,0,0,0,0,0,1,6,0,0,0
0b15152ca735f42a5bf4541fcd3e49ef4675cd83,0,3,0,6,7,0,0,0,0,0,1,0,3
0c293df28e8baad725479effb71b2ae9415feadb,0,0,4,2,1,2,2,3,0,6,0,0,0
0d29f4f6ca53b56831e15e553faab44a841d3ea2,0,0,1,1,0,6,5,3,1,0,0,1,2
0dfcc6638c4fdc1809d4ca556280c8b9c85daaa2,0,0,0,4,1,4,1,2,2,2,1,3,0
0e44f370aa0ca4a0718c24b30dc1aef37c8c86d2,0,0,2,3,0,4,1,5,0,0,2,1,2
10d4403d111ab32b28bfb4d2d832b60418fe130f,1,0,3,1,1,6,1,0,2,1,0,1,3
12d01a8027b1c49478c39fce1e0fd427a7bfac8a,11,0,0,0,0,0,0,0,1,8,0,0,0
13549717de2c037fee71da9b50ff71317b27f819,0,0,0,0,0,2,6,1,3,3,1,2,2
13c6507336b55094fbb127ec60c6a72ca97c6d1d,0,0,1,1,2,7,3,1,0,3,2,0,0
145642f492ee53388e185f8d4b6905862401d5d2,15,0,0,0,0,0,0,0,3,2,0,0,0
148facc0e33f07caa6daec4f8525189aafaabcac,0,0,1,2,2,6,3,3,0,2,0,1,0
14d9a056d79a5a017aa0226dc086a30e05ab8e48,0,3,0,5,10,0,0,0,0,0,2,0,0
16fd9b2f45467b111be5d8c9886183b282028982,0,4,0,4,9,0,0,0,0,0,1,0,2
1d6dd3d591fc5cd124767db5ac77948657301487,0,0,0,2,4,6,2,1,0,0,2,3,0
1da52e95d0cddd1556cf4c7ed37303896cc66b0e,0,0,3,0,0,2,4,3,0,3,2,0,3
1df77e8580605395ada33805cde0168894f34726,13,0,0,0,0,0,0,0,3,4,0,0,0
1eecc7fd58946a0a0cb8598f514f2066ff988e27,0,0,0,0,0,9,2,4,0,3,0,1,1
1f4bbc5bc37c135c0c4b3abdabf2e6b76c3a157c,0,0,0,0,2,1,3,3,1,5,1,2,2
1f9b7de3a2bc5a6a3481444ec83b00f18c78b024,10,0,0,0,0,0,0,0,2,7,0,0,1
21a0bc9d3fad7dcb39342637e8de29ffeb5904e3,0,0,0,1,0,0,7,2,0,1,1,5,3
220613b3589f18740e8c6e6561cbfaa986a58100,0,0,2,4,1,0,3,5,0,0,0,3,2
2292f0833936eea65fdbd2271494dcd49f814de9,0,0,1,5,1,1,4,4,0,0,0,4,0
26dfb94e9fb6d9f521ab8fcab4aaaf5110c3b082,0,0,0,3,0,3,1,6,0,2,0,1,4
27bbf23b1b27beadabd75c371d67d0a9160df337,15,0,0,0,0,0,0,0,1,4,0,0,0
297aef92481e13e47e17076caac9fa134c1f3e85,11,0,0,1,0,0,0,0,5,3,0,0,0
2acb2f332513f6e354b1124300eb37398b39c7ca,0,0,1,2,1,5,5,3,0,0,1,2,0
2b085b6bfe8067382c247d1fcb0f97efb661c12c,0,0,0,3,1,2,2,2,0,1,1,6,2
2b3a03133ff8eab555fd57d1967c8891c4cd49b6,0,5,0,6,6,0,0,0,1,1,0,0,1
2b3fd2a72491b30ecdaf8b81b8b34a266e8b59b2,0,6,0,3,10,0,0,0,1,0,0,0,0
2b4b18ed65ae87cfbfb54e40d4218e2cd8950f75,0,0,2,1,0,6,2,3,0,1,3,1,1
2c2a652beb051f2f9fcb368008f0ecd1b694fb4c,0,0,1,1,0,8,5,2,2,1,0,0,0
2d3760f37052577c67caa33d793ddfc950303aed,0,0,0,0,1,0,3,3,3,2,2,3,3
3055332f717e8d59e7150acab3ef90a08a278153,0,0,0,4,0,9,0,1,0,6,0,0,0
306c9864ebf4e7b69a75e24adefabd908df1013a,0,0,4,1,0,8,4,0,2,0,0,1,0
30a4bf54251275943e45b6c3ee849d3307e51859,10,0,0,1,0,0,0,0,2,5,2,0,0
374d5c54ed72f8c250c087f86dbf167c1199b049,0,0,0,2,2,0,7,4,0,0,0,3,2
383e07655277478edeb94f345df1f94381624823,0,0,2,3,0,5,0,3,2,3,0,0,2
3942974947700908b7e9651c6e67ca127f7d1c8a,0,0,2,1,0,7,0,6,0,2,0,1,1
396fe98e4563a39f0f142bb2fc058f3689d3ac39,0,4,0,4,10,0,0,0,0,0,2,0,0
399eed684c763855b705b5c435334fba42072754,0,0,1,0,0,8,5,3,2,0,1,0,0
3d688d5527af9542c414c68adadf46bad34b6f56,0,0,2,4,2,5,3,3,0,1,0,0,0
3e27866dd4a738fd5033b92bff44f916a64421d1,0,0,0,2,3,5,3,0,0,1,1,2,3
3ed1ad93cbcaf60328d4cb952cb7a7a8a7e3b161,0,0,5,0,0,7,2,4,0,2,0,0,0
41172b164e9cbd71dacb13b572d49cd700ce563c,12,0,0,0,0,0,0,0,1,7,0,0,0
4266ced71305efb0370a5f6d2bb704dee5b5a755,0,0,3,1,1,5,5,2,0,2,0,0,1
438b5caf0a33a909947660d73c1cfe8371025835,0,0,0,1,0,2,4,1,0,3,2,4,3
455f222fffce54c99b1b0f606485319a76d7772b,0,0,0,1,2,3,0,6,0,3,0,2,3
45a08dd6f164bf95d533afc8c11f1d5ce6db8734,0,0,2,2,0,3,3,5,2,0,1,0,2
473621d4aeec30c802acad917a580c9787386fe2,0,9,0,0,10,0,0,0,0,1,0,0,0
47e5d53975aea636589706fb9037df8f75b888c6,0,0,2,3,0,4,3,7,0,0,0,1,0
48cc300d24bd7d03ca8e864a940ebb8c1b6d7566,0,0,0,2,1,3,2,8,1,0,1,0,2
48cfbacd56262897dea9e7917edcf10c875b507b,11,0,0,0,0,0,0,0,4,5,0,0,0
49be019e89be9f49d7175ba53094abd10f463032,0,0,0,0,1,1,7,0,3,3,1,2,2
49f0b3b36fd090b2984646d7f749b2609e7ae555,0,0,0,1,1,2,6,0,2,3,2,0,3
4a06e7ff32906456ae83f8aaa38752cea8492414,0,0,0,0,1,4,3,1,4,1,1,3,2
4bd946f3e0bc3013b1014753c4456d64ccaa2905,0,0,0,5,0,6,4,1,1,1,0,0,2
4dc710cadaa7f2058229eaa4d891d5f7b5c29eb1,0,0,2,1,0,8,2,3,0,1,0,2,1
4ee394cf26d6363f28654b467a606d96bb854cb5,0,6,0,5,8,0,0,0,0,1,0,0,0
530dc01170c3f5110876e116a3e2917228759eb4,0,2,0,8,8,0,0,0,0,1,1,0,0
548a534addc092fe076a96f04d36ef2767882b84,0,0,1,0,0,9,3,1,0,0,1,3,2
556b9349028b70a13b033d3617b19f6b9e8aec59,0,8,0,1,6,0,0,0,0,0,2,0,3
581f2b35e989a08b5e962db74fc861af798b7e44,0,3,0,4,11,0,0,0,0,1,0,0,1
59debec8507c7c5ccbf36373a29ed437cec0ea4c,0,5,0,4,6,0,0,0,0,4,0,0,1
5a753cca2e1233802f160dacb3f7d7b5b65e7eb1,0,0,0,0,0,6,4,7,0,0,0,0,3
5cd26bcc2c6a688f902f03fc40034a9d771653fd,0,0,1,1,2,0,1,1,1,4,3,1,5
5d37f0ea6501c2c25e6285bd4f5a89a5825762ba,0,0,0,5,1,6,1,2,0,1,3,0,1
5f1c688b43b484b30a2d10eae4c91dd33490ac4d,0,3,0,8,7,0,0,0,0,0,0,0,2
610a5e165467a258b8fcbe20596550db97706cd9,0,0,3,5,0,4,2,2,0,2,0,1,1
6588ed8bcd4d3e66e6356e6ec152f761d7110117,2,0,2,0,1,9,3,2,0,0,0,0,1
6620dee17ff8e281d74e471a0c9fec03d83e3ea6,12,0,0,0,0,0,0,0,1,7,0,0,0
66591bfdf5249c859fd82813f212e763e5294839,0,0,0,1,0,4,8,2,1,2,2,0,0
66778eb59c87d084541a76f6210a13554745ea78,0,0,0,8,7,0,0,0,0,2,2,0,1
687d9274b2b522a421d37a08c3d629f1567c98a4,0,0,0,0,1,4,2,2,2,3,1,3,2
6ab0b4d0295fcff63ac1d89368ae61bb0e117470,1,0,0,1,0,6,5,2,1,0,1,1,2
6b8d5d4b62be1e68618bad095f4d5e26e3e58ae7,11,0,0,0,0,0,0,0,2,4,2,0,1
6d60f59bc98a46ac6e78fc9b4c66d744b379ee0f,0,6,0,3,7,0,0,0,0,2,0,0,2
72401df54d63fb9d73c8e4fd02d7035cc9983691,0,0,2,3,2,2,1,5,1,1,3,0,0
73e1c4bce5bcc933e6dd266e8a6f73b21710cf45,0,0,2,1,1,3,4,7,0,0,2,0,0
7531012596d942e2fc5708e70d65c268b8f7becd,0,0,0,4,0,2,3,3,0,1,1,2,4
75be609d96108439547e63dd68f5d1bbb70bdb17,0,0,4,1,1,5,1,5,0,0,0,2,1
76c990e1e248aca539e3d7ccfe1053c6fc1057e8,0,0,0,2,0,3,6,3,0,2,0,3,1
77a7d3b0f26a46ef0588c882da5091f50871fe20,0,0,2,0,0,2,9,1,0,6,0,0,0
789da75fa2cc71edbc78bbbe78366564ef7d0af0,0,0,0,1,2,1,4,1,3,2,0,5,1
78ca9b54213d0113599cd15193c8e57b18958437,0,4,0,2,13,0,0,0,0,1,0,0,0
7b6d697045be87748373dd49dd24f018ce85c5d7,0,0,0,2,0,3,2,4,0,2,0,4,3
7c6c40aea33d4dd981574f4b1d12e5f862d55fe0,14,0,0,0,0,0,0,0,1,5,0,0,0
7d6ff9f17a5bd4c8841db9842ba2dee040e4cf64,0,0,0,0,1,5,3,2,1,1,0,2,5
7e1e1a970da2f31a42a15194a368e19c0a906c8f,0,0,0,0,0,4,5,3,0,2,1,2,3
7e9d78156e181cf59b638fb02eb9440b8c281e30,0,0,0,2,1,2,5,4,0,2,0,3,1
83e4e56ec640a65a19c5b8e15aa8c09993c71150,0,0,1,3,1,5,3,1,0,4,0,1,1
84529f731a87664915ea716962d9cab843cdc03c,15,0,0,0,0,0,0,0,2,2,0,0,1
85b00606f00a6834b832756d1139958764b959ae,13,0,0,0,0,0,0,0,0,7,0,0,0
885755bb258abca4dd7f11b37b4779f27ce48bc3,0,0,2,0,3,5,3,2,0,2,2,0,1
8888d50f63dc76fd399d3f2ca304faed59b3f83c,0,0,0,0,0,3,5,4,2,0,1,1,4
88d8b56f5c80d19b7f6dbd675e72b710ab6ff9ab,0,0,4,2,1,8,0,2,0,3,0,0,0
88f3e626e486c007a73eb28fbcbe0b5b3a63f3be,0,4,0,5,9,0,0,0,0,1,0,0,1
89428e51970662669bcfb63447732664e5115a3d,0,0,3,0,0,9,3,0,1,1,3,0,0
897f1a593eaa99e87727b859fd8da19f7ffd2b13,17,0,0,0,0,0,0,0,1,1,0,0,1
89ba410864247f02d947bfab75ad7be8cc8b23bb,0,0,0,0,0,14,2,1,0,2,0,1,0
8b0660b71797d2bd4f2bc94100f5a8cf0099bf1a,0,0,0,4,0,3,2,5,1,2,0,3,0
8b7b89c1a423150aff3d9a3b142629019d2f560f,0,0,0,0,0,2,5,4,1,1,2,2,3
8d5ffa52e73252df286a9ee62f38dbdda91071f8,0,0,2,3,0,3,4,1,1,2,0,1,3
8d71808ab4f38a2ed6d3f25917d2d4ddfad29582,0,0,0,0,1,1,5,1,1,2,3,5,1
8dc596c86bd1122040c67aa8a15db8b552367d16,0,4,0,8,6,0,0,0,0,0,0,1,1
8ef4072b77f849f156bf090bba3fd94f652e0c5d,1,0,1,4,0,3,4,3,2,0,2,0,0
8f70cd5c016ba840b1a79a173908faa7b10373a4,0,0,2,3,0,1,2,2,1,5,2,2,0
9078a7375b3f22188bd43c6b957b4167ea73fde6,2,0,0,6,0,4,3,3,1,0,1,0,0
90d3e889f168397aab90240a150bf8447a7bb9f9,0,0,3,1,0,6,1,5,0,3,0,0,1
91635ea2cf1eb8de678d47c7bdc194bb0ffa2858,0,0,2,2,0,6,3,3,2,1,0,1,0
9223ef5e8e9dc39c4430d8ebae84b2dd588aef3d,0,0,0,2,2,5,6,0,0,0,1,1,3
932ece00ea72bb9b280fd06324dd97d747ba5b20,2,0,0,0,0,5,4,3,2,1,0,0,3
9589d5f4cbed6607bdada279379e3ba97dc6a50e,0,0,0,1,1,6,4,2,0,2,2,0,2
9712d0ee672c82b4a370f7bf506354f3fec8d14c,0,0,1,1,0,0,4,2,2,2,1,1,6
97776f6727db9daee925668e6a90a42273b7a4f5,0,0,0,0,2,3,4,3,1,2,3,1,1
98371e1a86a34a4e7896916c124963ad8b23d44e,0,0,1,0,0,9,1,5,2,1,0,1,0
98f99ea9c7941b2c6bf9bade551ab461d5f4858e,7,0,0,0,1,0,0,0,3,7,0,0,2
9a6ab2490c9f82440f3dcb1a98a877e754f18be9,0,0,4,0,0,2,9,0,0,2,1,2,0
9c6f8e29afd9ee5e9270c2c4c7213188b4e50695,0,6,0,3,9,0,0,0,1,0,0,0,1
9e339183bc05efb6ef5e6806a92f672efa2600ea,0,7,0,0,11,0,0,0,0,1,0,0,1
9f3517ff292666a505ba3fdcae30af16e1f5076c,0,0,1,2,0,6,2,2,0,2,0,1,4
9f6074983d1da44a3f0623b5f22b41b3d6a925ab,0,0,0,7,0,5,4,4,0,0,0,0,0
9fafa9af92ab025348b8345d2c00e48ee25f01e0,9,0,0,0,0,0,0,0,6,5,0,0,0
a03942ae7f4fbc01e048f15e8d809a693d033c94,0,0,0,0,1,4,5,3,2,2,0,2,1
a098a2baf47c5d039b7435b0f783ffd0f74ddb3e,0,1,0,3,1,5,3,5,0,1,0,1,0
a2161d8a97db967fd79b68c2c345fe2f5fd3cba6,13,0,0,0,0,0,0,0,4,3,0,0,0
a72a443260e8478cb46991379b6d3bfd4b5a3ac5,0,0,2,3,0,7,5,3,0,0,0,0,0
a7e5c0531b7eb0330bc85ba16fcff7c058f35595,0,5,0,2,10,0,0,0,0,1,2,0,0
a8b998538c1b7bb4d34b968ce1e6585dfc6f060f,0,0,2,4,0,4,5,1,1,1,1,0,1
a95f705c7cd6c56bcffcbc2f97be828767a71625,0,0,2,2,2,2,3,3,2,1,0,3,0
acabfc0e47a7ccf452cb81d6638daf3185fcafcf,0,0,0,4,0,8,1,4,0,0,3,0,0
acc919b7c7e5a34adf82483471cc630d0dd81a47,0,0,1,1,1,4,4,3,2,2,1,1,0
adada31636140217f4bd756f18c9079b3ee4ff70,0,4,0,7,8,0,0,0,0,0,0,0,1
adaf06add0a6029dae71be59d77e27e9ec774af5,0,4,0,9,5,0,0,0,0,0,0,0,2
ae4414e1e184cf5831c1e938c9ae3d76b59e19c9,0,0,0,3,1,4,8,1,0,2,0,1,0
ae94cb4d55aac11c9a39b1a5ce85ce319169fe9a,15,0,0,0,0,0,0,0,0,5,0,0,0
af9b58867f850a0c489a6ece9c64c878e64356b1,0,0,0,0,0,1,5,1,0,4,1,5,3
b53e1ca6667052b735a0d2d62f343beda4d015c0,0,0,1,3,0,8,2,3,2,0,0,1,0
b890f3db51f9509c679e95bbbe4a458a60be21bd,0,0,0,0,0,4,5,4,1,3,0,2,1
b8baef7086e4fc1126a534e68926e394464ce2cc,2,0,1,0,0,6,3,6,0,2,0,0,0
b97c6ac213763777f54dacd511e999ce1911355b,0,0,0,2,0,7,2,2,1,1,0,1,4
ba0b2248613abef041ca3af900cdba61a50e8337,0,0,0,6,0,0,4,0,3,0,0,3,4
bb219d86f40a101640b6e39fa58fb8801a9e2c51,0,3,0,6,6,0,0,0,0,0,1,0,4
bcf134fe72967824bdda49b7f5759ab51d871954,8,0,0,0,0,0,0,0,10,2,0,0,0
bd622830ca5ec61158159d5425fff9048708ef3a,0,0,1,0,0,2,7,2,3,2,0,2,1
bdf35ace51c811744a12df614335307eea26982d,0,0,2,3,0,1,4,4,1,5,0,0,0
bfffd6c4ce4ca4e32c0c6daf4201e58ce2870140,0,0,3,2,0,4,5,3,1,2,0,0,0
c0300bbd461a194ab4280d2940fdc7fc1f5c9222,0,0,0,1,1,4,7,1,2,3,0,0,1
c0d08fd4cfe3dc7934ad6f97bb83abdb6ac37841,0,6,0,6,6,0,0,0,0,2,0,0,0
c1be6ad2f8d3049c47ba8bf54de54d3c6e436f1f,0,0,2,5,0,3,1,4,2,1,1,0,1
c1e5a785fcab9aaa0a43a293160b63f8f6e8804b,0,0,1,3,2,4,2,5,0,1,0,2,0
c2599cd4ee329e096b68b65a64575b2cb7f9de66,0,0,1,0,4,5,2,0,3,3,0,1,1
c47df52aaac804eb32c91ea1962fd8c3f5f7a32f,0,0,0,0,2,2,2,0,1,0,2,4,7
c5bca0b2af0d379d12ad11ef98f0c0707d5fe7ff,0,0,3,1,1,6,4,1,0,2,0,1,1
c5e4e7cc59719410accf0b688952bccf241de76d,0,0,1,4,0,0,0,6,2,1,0,2,4
c623698b6511ea69e7681ebb2456be68cb2ffe82,0,0,3,1,0,6,0,1,2,2,1,0,4
c99e47c5c524c2c20e3d9574ab01d8bf39150a24,0,3,0,9,6,0,0,0,0,1,0,0,1
cc2ece891ae307801da7cb777a583320e6a33d50,0,0,0,0,0,11,6,1,0,1,1,0,0
cc6b7c8b8d29e135280acedb26d12720d3980ce7,0,0,1,3,2,1,3,2,2,1,0,3,2
ccaaf100104754ed23ebade9581adf4d3a97162e,10,0,0,0,0,0,0,0,5,5,0,0,0
cce0038bccb1b92618ca8f9d850b8cf8651515b7,0,0,3,2,0,8,0,2,1,2,0,0,2
cf16dab971773343ce7e8d91d496056353829322,0,1,0,4,9,0,0,0,2,0,3,0,1
cfb60e9c420d9aff74d9174eba43c6b92ea650d1,0,0,1,0,0,3,0,5,1,2,1,4,3
d031ede2d0ba33bbba1f49dcd6edb382827f35e4,0,0,3,0,0,10,2,0,2,2,0,1,0
d2cc0dc393f4efaeff94f579f77239ce5299ab3a,0,4,0,3,11,0,0,0,0,1,0,0,1
d2da2325afeea8fc4a4fb66d4b7031daefbe881b,0,0,0,4,0,10,3,2,0,1,0,0,0
d2fd2cef0c86bd3c1759bae200f42d45fc68e5ba,0,0,1,1,0,6,3,5,0,0,3,0,1
d32324a062941e3293ecc154cea15f470a9db464,0,0,1,2,0,9,0,2,2,1,1,0,2
d3fa3c44a11ffc149cfbb00733dbc2af2bcbf3f7,14,0,0,0,0,0,0,0,2,4,0,0,0
d46dfaa63a8bfdd555fe9e427c16caf7e9f8ebe1,0,0,0,0,1,4,5,3,2,2,0,1,2
d4ed3a9fe5f9355fb70eb4675dd0ea30dddecd66,0,0,1,1,0,13,4,0,0,1,0,0,0
d5e1a2d9bfa31fd075d384bfafcedecbb284f1f7,0,7,0,1,8,0,0,0,0,1,2,0,1
d72e1fbca32ec4f6e6e7cc27fde5b1e1b495a02b,0,0,0,3,1,5,3,5,3,0,0,0,0
d82c2be4aed5eebc34a77716b8695aab0e40c7a9,0,0,2,0,0,5,7,6,0,0,0,0,0
d832e9acd9bb957e7a92c44933c55d8e9595d845,0,0,0,1,0,8,3,6,0,1,0,0,1
d8a6051b5e2c97d106f583c1c4de2d10d26f234c,0,0,0,0,2,10,3,0,0,1,0,2,2
d9b8da7e5c522b4b2c6d51bb799d0918e60e00d4,0,0,5,0,0,8,2,2,1,2,0,0,0
d9c592d66fd4cc3f9d986c866feca0bd008864d2,0,0,0,1,1,2,1,6,3,4,0,2,0
da8c5cb1c65522389cd31d7e16910c5e83630397,1,0,0,2,0,4,2,3,2,2,1,0,3
dce7276ae1a59f843a6fe5c0f971e82430154da5,14,0,0,0,0,0,0,0,0,5,0,1,0
de5e522400ffdea1308e84972eb0a5fe56d8d303,0,0,3,1,0,7,3,3,1,1,0,1,0
de911823f94a2d3bb79de7f5b436a020c89916cb,0,0,2,4,0,3,4,2,0,4,0,1,0
df87bd3eb7bcb50f56fd0bd6881634d3028151d8,0,0,0,2,1,5,2,7,0,1,0,2,0
e0604f876344789540e0712b9b2aca0d65add6c1,0,0,0,4,13,0,0,0,2,0,0,0,1
e516331709c750ffdda937846a6d5a74e784eeb1,0,0,1,1,1,3,2,2,0,0,0,5,5
e597e8ac0b0f54d34e53498804f3d70150b60357,0,0,0,4,0,8,1,3,0,0,3,0,1
e61a3a8670f08bce06cd3e97fb44fcce263b5a91,0,0,0,1,0,0,7,2,1,3,0,2,4
e6aa7063f815ee9ac453f06a867691171030bcb7,1,0,2,2,0,4,3,4,0,1,1,0,2
e7aed0474e763e51d3d3b67c88ef69e0c12a8a1b,0,0,1,0,0,5,4,4,1,0,0,2,3
e9fc3a0c70f2db86a27d51721c2cae7a876d7d9e,0,0,0,2,0,2,4,0,0,3,0,3,6
ead744734352784ca3cdb0f5a6edf20f248bb51e,0,0,0,0,0,0,4,4,0,3,1,5,3
eb0057f3f6cfbed65eb9fca33c8eb2fd0f08b0ec,0,0,1,1,1,7,2,3,3,0,0,2,0
eb721616e2b83750e72e1f36d21fe10bc228a963,13,0,0,0,0,0,0,0,1,6,0,0,0
f363e751ddf3dc9a67783fb444aae0252e7f949e,1,0,2,0,0,5,2,3,3,1,2,1,0
f44bd6c3791e74ff5a8be2ec7796e8c36e406969,12,0,0,0,0,0,0,0,5,3,0,0,0
f57991893a6e1faca2ccaaf1f84877b234531d7d,0,0,5,0,0,3,1,6,1,2,0,1,1
f77c481eba01383b150415cb9b71671dde19992b,0,0,0,1,0,7,6,0,1,2,0,1,2
f87044e17eb94087121dbcba63c301f8d9069863,0,0,0,1,0,0,2,1,3,1,1,4,7
f8855c574ff58002372e9df84203eb1b333e38c0,0,0,2,1,1,6,2,3,1,3,0,1,0
fa33b2c4bcd392d7c40eb12193169977ee1f20bb,0,0,1,2,0,7,3,2,1,3,0,1,0
fc15f8ccb2134221d2d049d00e57f8614eb97cff,14,0,0,0,0,0,0,0,2,4,0,0,0
fd92655c42d3dd63982f302532f14c2106e7f0f1,0,1,1,3,2,5,3,3,1,1,0,0,0
fea9dba32f6226d669f501f7481eb94d3cf3f9f5,0,0,2,1,0,5,6,5,0,0,0,0,1
00bf205847b990202565368ae595c45b0c410fb6,1,0,0,1,0,7,2,5,0,0,1,0,2
00d001a1f118abc78fdffb7f9ba5b8bc1bc71138,0,0,0,2,0,3,7,6,0,0,0,0,1
03d26a061eb72984b3feca822382a511bf5182f3,0,0,1,1,0,4,0,0,5,3,3,2,0
0441800b82b584cffa397d2d312232f455fbd6d0,0,4,0,5,8,0,0,0,0,1,0,0,1
05aeee80a04e162474281ba841f396488b4b58b4,0,0,1,2,1,5,4,0,1,0,0,2,3
09e0d8537ebb364c6446630dd5e1b773b2f8f5a1,0,0,0,0,0,8,3,5,0,2,0,0,1
0a664d61adfbe1ac416e9c74591540657e2803d1,0,0,1,0,0,9,5,0,0,2,0,0,2
0adb95a269e14a570f10dfce91b44a43c597956e,0,0,0,4,2,2,4,2,0,0,2,3,0
0beea99b648a86ab7fb7568098af84cdc86b5e1a,0,0,0,1,0,9,0,4,1,4,0,0,0
0cac7c627b7fb9a28635677b9526151f545f41e0,0,0,3,2,1,5,0,2,0,1,1,1,3
0e8a19f7d2d2c0b53acccf38af61499906b39866,0,0,2,1,0,5,1,3,1,0,3,3,0
10d48b40ee50a6ec758ef465ee03950e828f7b01,0,0,0,2,0,1,2,10,0,1,2,0,1
112cf6f39a9973f1523b7655d11c905dbaa86215,0,0,0,1,1,0,5,1,1,1,1,8,0
11e9b21f4b1c244b47d795f188ba9468083d3051,0,0,1,0,0,8,1,2,2,3,0,1,1
138e95ce2febdc9ebf7dca57e5fb31b4a36fb4bd,0,0,0,0,1,4,4,1,1,3,0,1,4
150d34a426ea731d1e4122e8fe27221fa5b1f732,0,0,0,1,0,3,3,2,0,3,3,1,3
15c85e0bc6f8f3508e7ce20b6929d73da29da5a3,0,0,1,4,2,2,3,5,0,0,0,0,2
168707ebc5f1c75a72f053121b3f9616bf851b7a,0,0,1,0,2,2,4,0,0,5,1,3,1
174a7fbc986d71c3d61f146ab6276f3687120cc5,0,0,3,3,0,4,6,2,0,0,1,0,0
18083996552aecb8556f96e5b5dcf514cbe93d74,0,0,2,0,0,6,1,4,0,1,0,0,5
1a62d7785d580dbcf63fa46b2296580e571a84e0,0,0,3,1,1,1,3,1,1,3,1,3,1
1b79b57389c5865da9a7eaf34b44295f76d71e55,1,0,1,1,0,5,4,2,1,3,0,0,1
1bc8ae7deb16465472f00d5b9f924c5eccb7e29c,0,0,0,1,0,2,4,1,1,2,1,4,3
1d7cf1ce76e6ab75c3d4116058299a78a1b4d0c2,0,0,3,0,0,6,3,3,0,1,2,0,1
1f522cee82fe2915d8bda1630bfdc7960ff19032,0,9,0,3,7,0,0,0,0,0,0,0,0
1f6004248fa6a9a9818130544731b39e4b331720,0,0,0,0,0,5,4,2,0,3,1,2,2
1fb76845ae307133339c780a505b1c6a7bc20202,0,0,1,2,0,8,2,2,0,2,0,2,0
2089c75d6ef54c90c6b729ff8ed4259dbb7fb17d,0,0,1,0,0,4,4,6,0,1,1,0,2
2102b7c01bef093227cdfc0ea62652e5d9cc2081,0,5,0,6,2,0,0,0,0,0,0,0,6
2240c6ad145464b0b8e951d7e01186117a18ddf7,0,0,2,0,3,3,4,2,1,3,0,1,0
24998023c228359c13f292764d65b3cdf06c1800,0,0,1,2,0,8,3,2,0,3,0,0,0
2508f8ccbfcace56dec6f394475f5057c431f510,0,0,1,0,1,6,3,3,0,2,0,1,2
26b93eae795ca651f68901433dcf2f7f06181307,0,0,3,4,0,4,1,5,0,0,1,1,0
279233861dd219cb9d3e4a822c7df0d0b25aee23,15,0,0,0,0,0,0,0,0,4,0,0,0
28757917f46b245e3a480ce4c8b8bbed060702e1,0,0,1,1,1,0,6,5,0,3,1,0,1
2949232b8c62d849945b0f17471a69d2c2b432cd,9,0,0,0,0,0,0,0,0,10,0,0,0
299d26441345338990329f4c09ad290868f8eec5,0,0,1,2,0,4,0,6,1,2,0,1,2
2ab2423b9b6e203b06e9991a6a637b3229ef663b,14,0,0,0,0,0,0,0,1,4,0,0,0
2ac94aec95a8ccc9f7128deade213b42bb044615,0,0,4,3,1,0,5,5,0,1,0,0,0
2cc636532419cc7b894d3eec005c3d333c27aa33,16,0,0,0,0,0,0,0,0,3,0,0,0
2cd134c39c52358159fb75dc80a2142e8c7824d7,0,0,0,1,0,3,5,2,1,0,1,4,2
2f1889c4758d1ee3e692421e8dfbe31833336697,0,0,0,1,0,5,2,2,2,1,1,2,3
30755c889a1d17b34b8ad6a55e8a362c1a39aa98,0,4,0,3,8,0,0,0,0,2,0,0,2
307bb1ef77aa3a846b4f5d62fe77c180ff99a213,0,0,1,1,0,9,3,3,1,0,0,1,0
30fb168c435b1540d77e15d6fbc54c8551179512,0,5,0,6,5,0,0,0,0,0,1,0,2
31151e423e817c31f590d1407a3baaab0ba5c6c4,0,4,0,6,8,0,0,0,0,1,0,0,0
32541b9e20e006f88138d87baa30f387625b8f7b,0,6,0,7,5,0,0,0,0,0,0,0,1
32df7277b426c56c5594acc7b4743fd14c279ca1,0,0,0,4,0,6,1,1,3,1,1,2,0
334179a5944d5058e2d51185cbe5c85a643b0610,0,1,0,4,12,0,0,0,1,1,0,0,0
3387c162660d7de01edc672cc578e92d18f03544,0,0,0,7,9,0,0,0,0,0,2,0,1
33de9d5239902b607ce8a2521783f2900e198007,0,0,1,1,3,8,1,3,2,0,0,0,0
3461ee673bf81c891d533ea5f81d172faa1222e1,0,3,0,5,7,0,0,0,1,1,1,0,1
3490f4b190d00ac81b307ed889b9e282e15f05d2,0,0,1,0,0,8,4,3,1,1,1,0,0
34be393e27ec47b2d851291ae2732f366e098171,0,5,0,7,6,0,0,0,1,0,0,0,0
36cb8cb87f5f216f0e2641aff4070ed91cd3fc78,0,0,0,4,1,4,3,3,1,0,1,2,0
37a06f8dd1d87d6dc0f04544072d8fb81ff8b1e5,0,0,2,1,0,4,4,5,0,1,0,2,0
37c9b6e47d2339605bb130cc2c6f3b51d6f5362c,0,0,0,1,3,1,9,1,0,1,1,0,2
3819923702f74523a681fb69416f4809ea02c31e,0,0,4,1,0,6,1,1,1,4,1,0,0
38596e70b4240a83119eaaa17c5bd69624cd605e,0,0,2,2,0,2,3,2,2,3,2,1,0
3869f176c21a5949fc1243cadc9633a3d72ddb5f,0,0,0,0,0,3,4,0,0,1,1,6,4
3a5dba62ba198d58b49451b547484aa21b04e77d,13,0,0,0,0,0,0,0,3,3,0,0,0
3aab7dc121552fde23d658a53a0c295a969365df,0,0,2,0,1,8,4,1,0,1,0,0,2
3ae9d1607438eda853ce41636790eda6c7115feb,0,0,0,0,0,2,2,0,1,5,2,4,3
3bd820cfa9226890ba6a5a8d382c1964d5be6521,1,0,1,3,0,5,0,1,1,4,0,0,3
3bfb173d61e502369cedc01d74374552b3b91fe5,0,0,2,2,0,7,1,1,2,2,0,0,2
3cc039334c41674393b46ab803e7780123314217,0,15,0,0,4,0,0,0,0,0,0,0,0
3f7b51ad275587fedc7d2effb1e439172f9e7e03,0,0,0,1,0,2,5,0,0,3,0,4,4
435aa7abd1f77cf5e6e998b401eadcbe22f3fa4a,0,7,0,6,6,0,0,0,0,0,0,0,0
43e278c0c9fcc148448a423b017ca4008056edcc,0,0,0,0,0,7,2,6,2,1,1,0,0
451fbbb0a0070d341a170019cddc8c5e182f7d8e,0,2,0,7,5,0,0,0,1,0,1,0,3
48c263f1df4cc7277655cfcb1c0dcc5d1739cc48,0,0,0,1,0,4,3,4,2,0,0,1,4
490f95ebc86071307442f83491e697e1b633b953,11,0,0,0,0,0,0,0,2,5,1,0,0
49c8fd3f5bf685ccd8d40f08ed5585ab6c5d16c5,0,3,0,8,5,0,0,0,1,0,0,0,2
4c3ba21cfc12d21b412045419365f9f62831cd9f,0,4,0,6,6,0,0,0,1,0,1,0,1
4c64a3e29b1d252cb3e364c2600f625e9486ac18,0,0,2,5,1,3,2,2,0,4,0,0,0
4c92c878d6d07765de5bc9923d5c7c6fb9d3a05b,0,0,0,3,0,6,3,4,0,2,0,0,1
4cff6bfb52000bbe64a9277e3b85c168def69837,0,1,0,6,11,0,0,0,0,0,1,0,0
4d5e49ca915104768ec2a937535e7a96874d3771,0,0,1,2,0,4,3,4,0,3,1,1,0
4df91c47aa0a7707fdded57a11e6e8c06cfe2e9e,11,0,0,0,0,0,0,0,2,6,0,0,0
4efb5067c9de6901d5f28c601552ff5fce0405b1,0,0,0,0,1,5,8,4,1,0,0,0,0
4f2a62180b6bf25e57198de8fe07a5a51d82c142,0,0,0,0,1,5,4,0,1,3,1,2,2
4f423f6cd4c37aa06827e11dadb4d02224c743b8,0,0,1,1,0,4,3,2,0,6,1,0,1
4f4ddb5bedfc530e80ac7a63446c787459eb27b7,0,0,1,3,0,1,3,6,0,0,2,2,1
5059613a53a43b4db12f6084df45a978f0933dba,0,0,3,2,1,9,0,0,0,2,1,1,0
50a50fbff4806925a2d99c6fdb984ea792af5771,0,7,0,5,4,0,0,0,0,1,2,0,0
51705e7168c79a55504b271b7a3c9e54e75ceb50,0,4,0,7,8,0,0,0,0,0,0,0,0
52530cd5a8c5901078cbeea1453a54704c75acc3,14,0,0,0,0,0,0,0,2,3,0,0,0
537ba9d155b70de6a2a9a43458630e7b66910acf,0,0,2,3,0,5,3,2,1,2,0,0,1
556f851c4ca46b8925f94b460ec8ec0b128d9e80,0,0,5,2,1,2,1,5,2,0,0,0,1
55b8d1976e1246f7e0980e09e8656e264f3ac55b,0,13,0,0,2,0,0,0,1,1,2,0,0
57958e21b6978f0f73b135a2b42fa47748a2effd,12,0,0,0,0,0,0,0,0,7,0,0,0
57e34a73ebe9db10effd4550536114834c62c356,0,0,0,1,2,5,0,5,2,4,0,0,0
587af637a10022e413120084eef7f97c0e31b753,12,0,0,0,0,0,0,0,3,4,0,0,0
59413af920d5de7d624dbab9ce266bc2378372b8,0,0,0,2,3,2,5,0,2,2,0,2,1
5ae1454f2fdab150de33ebe4f3d79464a9c24155,0,0,0,1,2,8,1,4,0,0,0,3,0
5b48574e80ad769cee070aa1deeff86d352f6b43,0,0,1,1,0,5,3,4,1,1,1,2,0
5bc97e8aa28682bbb583d8303b62242ca546c288,0,0,2,1,0,4,3,3,0,3,2,1,0
5c46fc66594c10063d0fadb8a74836c45a435350,0,3,0,2,13,0,0,0,0,0,1,0,0
5cdce5bf3e575c98dfe38b7e5ce19381c623a163,0,0,0,0,1,1,2,0,0,2,1,5,7
5f1a1dbecd317fee4707794c8b996ef64156fce5,0,0,4,2,1,4,2,1,1,4,0,0,0
5f7a71cf3b911a1a47670caea6fc04d3666d9cae,0,2,0,4,13,0,0,0,0,0,0,0,0
5fd495cef42cc3141db9946046121fed3b6f46ca,0,0,1,0,0,2,5,7,0,2,2,0,0
6120e4b65859ebe801610da6db551e42376580e2,15,0,0,0,0,0,0,0,2,1,1,0,0
626bab5976ffacd92d94fe63c9ce4849618afdfe,3,0,1,0,0,3,5,3,2,2,0,0,0
646c427f5491a0d864f9b9b641626750380635ee,0,0,0,2,2,0,3,4,0,0,1,4,3
65668ef8cefc4d54e98f1c7b418152542ddd88ba,0,4,0,6,6,0,0,0,1,1,0,0,1
68b74cb99f9cac609b4dcc873158a7fbfc19d66e,0,0,0,6,2,3,3,1,1,2,0,0,1
69b1a55d845922ba500bf546339bf6c0f763102c,0,0,2,1,0,3,4,5,1,1,2,0,0
6a4d0329c50fd112d7893f4468e712923804abde,0,0,0,3,0,1,4,0,0,2,4,4,1
6a7c28813068b451cf4c20b3f18b6f03f02622d9,0,0,1,3,0,3,3,7,1,1,0,0,0
6cceb3ce78aaac0a2077a1903a5419208f2204f7,0,0,1,3,0,5,2,5,0,2,0,0,1
6cf486bc9246f73bee0ecc71816ccd455efb7fac,0,0,0,0,2,3,4,1,0,0,2,4,3
6e7573fd20c51d525d94aa79b33c9a1862f29ae1,0,0,0,0,5,3,3,1,0,3,0,3,1
70c0febe032b608a226c7dd9a871f400de6eabac,0,0,0,0,1,2,5,4,0,1,1,0,5
7200e0caf69c11d76b35d032fbbda6b2ee5aaf86,0,3,0,6,8,0,0,0,0,1,1,0,0
727305bf41ecdd853a62ffbbdf4925affcbef5d3,11,0,0,2,0,0,1,0,3,2,0,0,0
765becdff368e46fc804c81263499326e5396f98,0,0,0,1,0,0,6,1,0,0,0,6,5
77586c278c4ba5e0c1779b9359a8af39ebc58607,7,0,0,0,0,0,0,0,0,8,0,3,1
7796475efe6c6030dfccd3232fbd382b79e79259,0,3,0,1,9,0,0,0,0,1,2,0,3
7b0f32bc6b85bb38790240ed58e90e4e7ec5d45f,0,0,1,1,2,6,2,0,0,0,0,2,5
7bf60ab546f326b2bf46f790481fbaff95a8d731,0,1,0,10,7,0,0,0,1,0,0,0,0
7c3f54570374fbb0b38b0354052c9f2c050d1101,0,5,0,2,12,0,0,0,0,0,0,0,0
7e531238ee7211ae8a2bdc9f2177a1a9bd38976c,1,0,2,1,0,7,4,3,0,1,0,0,0
7f8ebdf511d753a25f133ac8395074518e2a048c,0,0,0,4,1,7,2,3,0,2,0,0,0
8128f317b61ac5796144e6b8bf19f22549ae3d83,0,0,1,2,0,5,2,3,0,2,3,0,1
8196fc6c6d200ccb0a1a1d1406bbd1ef30d8d71c,0,0,0,2,0,4,7,5,0,1,0,0,0
826fb080b3d4abd82adda8b74af5708c6b1fc0bd,0,0,3,0,0,3,3,4,1,1,0,4,0
8432f5973bdf818c894cde823eb2c31fa52e5629,0,0,2,1,0,5,2,3,0,1,3,2,0
85aed6d11782f270308a0eaaf7fa947ef1527168,0,1,0,6,9,0,0,0,1,0,0,0,2
85ff0289fa3aa8d068c0e3f4594c7c7bb0e1c0f0,0,0,2,0,2,7,2,2,1,1,2,0,0
86539a7a3d4311552fbfade4efa902adb8968094,0,0,1,0,0,9,5,2,0,1,0,1,0
86cf765a71fbf4586540723b09ed730f5b60a443,0,0,0,0,0,7,3,3,4,1,0,1,0
87dcd740abee147ca34e4827f609a961799532e2,0,0,0,1,3,4,3,0,0,2,0,3,3
8821aa110a8e3f1002e0b5aa296b5fec18689429,17,0,0,0,0,0,0,0,1,1,0,0,0
88bedf3beeddab6454d41669ddb19b3b561869fb,0,2,1,5,0,2,3,0,0,1,1,2,2
8beb872773ad34d2671b9715832b83feb2583331,0,0,0,0,0,5,8,3,1,0,1,0,1
8c6228c3d014b285e0693d08a108b5edfbe3c7c3,0,0,0,2,0,3,4,0,0,1,1,3,5
8d5c403f5525e6eed2445486a8700a1aed8c1a9c,13,0,0,0,0,0,1,0,0,5,0,0,0
8f02142a29746381b2f64b24c16894733be18c7f,0,0,0,0,0,2,1,2,0,6,0,8,0
94a6a499bffcf0a01589f49365f69621fe043a7f,0,0,0,2,0,1,5,0,0,3,2,4,2
94e47b773ed1de2e9d462ef3d28d4662d55c634b,10,0,0,0,0,0,0,0,2,5,0,0,2
95ea7b88380f3f3dd74ea9b612565f82af33b9a7,6,0,0,0,0,0,1,0,2,10,0,0,0
968cd825a3da144f6da76ed213169e42d863b3d2,0,0,0,2,0,0,4,1,2,2,2,3,3
986f52206f4099a559065f24ee0d2cdf1d641d10,0,0,2,0,0,2,3,8,0,4,0,0,0
99fafb518d3682b63e961a6460e26df2e0639e9a,0,0,0,2,0,1,4,0,1,1,1,7,2
9b05ed8f0d2e39e9aa735e93a4d5f10f87df9739,14,0,0,0,0,0,1,0,3,1,0,0,0
9c4b9668762bc98b1be817b2257af37a00b6d49a,0,0,0,1,0,3,4,1,0,2,0,3,5
9d8d6b03f8a2c6d79ad554aba17128f8ee9f1c39,0,0,0,2,3,3,2,5,0,1,0,0,3
9e16359c7a5abf9d3a0979932bc3c0b82940852d,0,0,2,1,0,5,4,3,0,1,0,1,2
9e604d7b1def5991fb7dc5c4b02e4b80f97228c2,0,0,2,0,0,4,4,3,1,4,1,0,0
9ee5c86273eb1a34317591f599c144011bb7ecdd,0,0,0,1,0,7,0,4,1,3,0,0,3
9fbb761fb4a16e1bfa5035390c61a5048c873bd1,15,0,0,0,0,0,0,0,2,2,0,0,0
a39428a71b0ac1d23ebc9fe3921916bc7a7265b9,0,4,0,2,8,0,0,0,1,1,0,0,3
a3a6283aed1ebf732c2522f203818ff34deb647a,0,0,0,3,0,8,2,3,1,2,0,0,0
a3aa914c11058e75d1cf94c37fc0694f90004878,0,0,0,3,0,5,2,3,0,0,3,3,0
a4003de50b8792f6044b2847faaac4ed0ba6b99f,0,0,0,1,1,3,2,3,1,3,0,0,5
a4598b090a1493abd54449e7cdbf87d13d361bf5,0,0,1,0,0,8,5,2,1,1,0,1,0
a552cc68d8163cce331fa6e60d4215a400be1166,13,0,0,0,0,0,0,0,1,5,0,0,0
a58b3960215f4def04a4cb01ba8aaf1a130e58ce,0,0,1,0,1,10,1,2,2,2,0,0,0
a682ecaf255cfd7c42d0f8bba0e6a8df020678f7,0,0,1,1,0,5,1,3,0,0,0,5,3
a7d5d70a91e012052d99598bdb9a52da10bbbec8,7,0,0,0,0,0,0,0,5,6,0,0,1
a8e7d44c3761cbf35bc835b2a47493f693c63773,0,0,2,1,2,0,3,6,2,2,0,0,1
ab2706c9b7b0cf9f4ff79457d9d7ce57af2019aa,0,0,2,0,2,0,4,2,0,4,2,2,1
abe148a53735877d97ac71c9822af456ac30a06c,0,0,1,4,0,3,5,1,0,1,0,4,0
ac2eb61376a10e180c797922b03cd9b54f1bac53,0,0,0,2,0,2,6,1,0,1,3,4,0
ac7df9448d749d3de50dae9b131d0dfb3e798aac,0,2,0,12,2,0,0,0,0,2,1,0,0
ad183ab962df5efaf28794bee352f83a70336b5f,0,0,1,0,0,1,6,2,1,2,2,0,4
aeef6baa20ee245b15751c9d70f64b3da917d818,0,0,0,2,0,5,4,2,2,2,0,0,2
af2046305d9c4607d6fccf0b26ec255ccc3af385,0,2,0,4,12,0,0,0,0,1,0,0,0
af398802b2b508208a6b1c9a3dc8f0dd5e92bdde,0,0,0,1,0,2,2,0,1,1,0,8,4
aff9c079f11be2d65ccd9fa943b199b8c5f0ef4a,0,0,0,0,0,4,2,3,0,3,1,3,3
b16bfa09aae8dce9f7a45171e5b611629b02816c,0,0,0,6,0,5,0,2,0,0,3,3,0
b191c181a9ef69852671141973e0a52ecfeb1c40,0,0,2,1,0,5,3,3,1,1,0,0,3
b22343b2c2ce3e6e6714bd3e8dab8238b108e2d0,0,0,2,0,0,2,3,2,1,3,1,2,3
b2245bd9da9aee2ef36578128a197a541beebd9f,0,0,5,1,0,2,2,5,0,2,1,0,1
b31415918eb03ba08c7f6c88ee201fc44def6525,0,0,1,0,0,5,5,0,2,1,0,3,2
b352c328bcfbbeb3bd2a3688e99fd6cb596298e0,0,0,0,0,0,5,2,3,0,3,1,3,2
b42672801d45b51cd9d5b790cd1dde32f8720a59,0,0,1,1,0,1,5,4,0,4,1,0,2
b8484793eae0776c6b7aa576933b491c59972571,0,6,0,7,4,0,0,0,0,0,1,0,1
b85c9c2fa77eb663ceaea962cb2bc550a822c22f,0,4,0,4,8,0,0,0,0,1,0,0,2
bc0358535355ab1d086bcbc0e95097e3ff0762f0,1,0,1,0,0,4,4,1,0,2,0,1,5
bc1043a2276281873d7e65f12523c458e7417127,0,0,0,6,0,6,3,2,0,1,1,0,0
bc475b21779f5bae6f84051230bbe30306637949,0,2,0,4,8,0,0,0,0,1,2,0,2
bcf563a8aa59bc98830c86beba8c08e7d2ae9706,0,0,0,0,0,2,8,0,1,0,3,4,1
bf98dc68da704ea7fc61a52cab65b47726dac1dd,0,0,2,3,0,6,5,0,0,0,1,0,2
c08dc6e05086471568d931e367526970fbbdab9f,0,0,2,0,0,8,2,6,1,0,0,0,0
c0d847493a21aa285b039610a57e14aa6205835d,0,0,1,2,0,5,2,4,0,2,1,0,2
c345242ee24ab433de3aa6984d1a312859c5a255,0,3,0,6,7,0,0,0,1,0,2,0,0
c37fdd17e260be1642f5027d53d4e9b950c5ebf0,0,2,0,7,8,0,0,0,0,2,0,0,0
c50532e1e9b94e4ce883eed4c47623cdbf535567,0,0,1,1,0,5,1,4,2,2,0,2,1
c82822e1c42fa2205ff8f270d99506f57fed1da7,0,4,0,1,11,0,0,0,0,0,1,0,2
c95f2a6e0500ef11031fd9b4425eefed4b4e4810,0,0,1,1,0,7,0,4,0,2,2,0,2
c9f35912c338fe4237fd1d68fb4a78f6efc9245a,7,0,0,0,0,0,0,0,5,7,0,0,0
c9f6bcccb46c0bbf8355969a9c7b5fa5da3c832a,0,7,0,4,4,0,0,0,0,0,1,0,3
cbe81f28e19d7ea56d58ca2c24eab05279cdd55e,0,0,0,3,0,4,6,0,1,1,0,1,3
cc9809062ad30bc7ae97b672bc351cf938da237b,0,0,1,1,0,4,4,4,2,0,1,1,1
ccc0531de8f1fc099c21e9e69134d431f40b83eb,11,0,0,1,1,0,0,0,2,4,0,0,0
cd9b0af933fe9fccc0a877f84e53d8194c3cb6ad,0,0,0,0,0,11,0,5,2,0,0,1,0
ce2f203aca32bf52b4c18bd38c25db0f9007fd38,0,0,0,0,2,7,3,4,0,1,0,1,1
d064cb6c13e09f54b28f33857ce3772f170637e5,0,1,0,7,9,0,0,0,0,0,1,0,1
d126c5ba0fe0ea7a905eeb1fe95521addcc7c97d,0,0,4,0,0,6,1,3,2,1,0,1,1
d23e615ae22c0eb1f9f877addd981cc9811f986d,0,0,0,0,0,2,4,3,0,3,1,3,3
d271ed673ffdb1c07a6e202dcc3bab6769fde894,0,0,0,11,5,0,0,0,0,1,0,0,2
d2a63287e8d8920bd92e55a7e913224f0874aa10,0,0,1,1,0,7,2,1,1,3,0,3,0
d453bf144e5496169c153821ebb65a86e4e7df5b,16,0,0,0,0,0,0,0,1,2,0,0,0
d711648f21fd477a0c4912a5ea20895136c6542e,0,0,0,1,0,5,0,5,0,0,0,4,4
d75ab6f17099adb207c1f401858478ffdc14fe1f,0,0,2,1,2,5,6,2,0,1,0,0,0
d854044b4396f873734b6c5d071b8bce48e2813f,0,0,1,1,2,1,5,2,3,1,0,2,1
d8d9d09f57475e9b1ae706ad2c80b79db2b72c41,14,0,0,0,0,0,0,0,0,4,0,0,1
d99384cbcd1b683ac29283b5351107dec70f391c,0,0,1,2,0,2,5,3,1,1,0,3,1
dc374603888468530702cad3c2019d7c4db0bc3a,0,0,0,0,0,6,5,3,0,0,1,2,2
df4f70eeec146888569bd49109f41a715da99e23,0,0,0,0,2,2,4,1,0,1,3,5,1
df969841a03c9edc6afca02420a58b31acf81c43,0,2,0,9,5,0,0,0,0,0,0,0,3
dfc49d076bb8e6694ed77ad2c38c2f85f246f6a0,0,0,0,4,0,5,0,2,0,4,1,0,3
dfdeadc4e8c0f56c7704234ae7797f9d32f59d24,0,0,0,3,0,2,5,4,2,0,0,0,3
e393983361615ff59ab745b435d676ae8518928c,0,0,5,1,0,4,1,3,0,2,0,0,3
e6def0ea26ee6ea0abf1627cdd7d14f2b7df1331,1,4,0,2,5,0,0,0,2,3,1,1,0
e70873c01d90ecd21e1303f7559cd2aecec78347,0,0,1,6,0,9,2,0,0,0,0,1,0
e84178b8e39ea16380709fec5563b30f2575ec69,0,0,0,1,1,1,4,1,0,1,1,6,3
e8e8e417228baa886d29a6f50686e24445d4a0fa,0,16,0,1,1,0,1,0,0,0,0,0,0
eac509fb38d9a546eafe0cac4d1d9b7502b093b3,0,0,0,3,0,3,2,2,0,1,2,4,2
ec50056aa6bb99479a9c49301e353238753c1bd8,0,0,0,1,0,2,8,1,0,1,0,0,6
f04590fd02910bae14bb54ddccaccc23009c70f6,0,0,2,3,0,1,4,2,1,6,0,0,0
f25352acb0ea4dc6be9dfb8c676f7c1f8a8d0387,0,0,1,2,1,5,5,1,0,2,0,2,0
f2bd9c6c53374c80676a79b3ffa3e41b50e5996c,0,0,0,3,2,1,3,0,2,1,2,4,1
f50201cee066e89d78f098a0af1a43c93cb3a590,16,0,0,0,0,0,0,0,0,3,0,0,0
f7385d909f88d0eeaef231b038bc79d0721a9c3b,0,0,0,2,0,7,2,3,0,4,1,0,0
f85e604edd55036306edf493a6bb0f22e70f8a0e,0,7,0,1,5,0,0,0,0,2,3,0,1
f90663b8653e33e2d2e17bce50762df1c5fe552b,0,0,0,1,2,5,3,5,1,0,0,0,2
fa497724619ac548d97bd1eb6ac356aa20735be0,0,1,1,3,0,3,5,3,1,0,1,0,1
fb3b18e425ff921cd50b91b6f339bd77298a8d9b,0,0,0,1,2,2,5,0,2,1,3,2,1
fb422000334b392ac1a1ffe3c1afe8c6fbbb6f69,0,0,1,3,0,7,3,1,1,0,1,0,2
fb8844f1a17173821484c86ff36ed77a91049073,0,0,2,0,0,4,3,3,0,3,0,0,4
fc502767aa85ca11ad5e42c41277fe3fa6ad89cc,0,0,2,3,1,4,2,5,0,2,0,0,0
fceda08176fa64036c97e7a61165319cface1d4b,8,0,0,1,0,0,0,0,5,5,0,0,0
fd45c89657371c30a5cd026a70065bb8fb3c670f,0,0,0,1,1,6,2,3,1,5,0,0,0
fe4ce7d920b85a3a5dc337fd10110b89f9aeeeb0,0,0,1,3,0,5,3,2,0,4,1,0,0
fee44cda8b2660ad4579ca467270ceb2a0558dbf,0,0,0,0,2,6,2,7,0,0,1,0,1
00b7b9e53a37368a62cc2934d4f17581a2008dd5,0,0,3,1,1,2,1,3,1,1,1,3,1
03ed5b3b8a6b7c5c43b4c0a7a1f85ab54a208182,0,0,4,4,0,7,0,1,0,0,1,1,0
044ec27d639b5358344a5daff498df9b27e5e739,0,0,1,3,0,6,3,0,2,1,1,0,1
055226c84e32333857603183616672f12681369e,0,0,0,1,2,2,0,1,0,4,2,6,0
05ab1753b4e77b52142085a4044c20b9ff675fd5,0,0,0,0,1,6,4,4,0,1,2,0,0
063eef3fcf6347fa4b7aca544a3aa24043adc69a,0,0,0,2,0,8,2,4,0,0,2,0,0
0830a217de25de34bdf158c6f5961c7bcb301d41,0,0,1,3,0,3,1,4,1,2,1,0,2
0881c8820fd0b0ecfdabc3a0b4d6bee717061cc5,0,2,1,1,1,6,3,2,0,1,0,0,1
09f89637d60b5f349430156a289762e417ddf3cf,0,0,0,0,1,0,1,1,2,6,1,4,2
0aa3798135b60ad3eb0136932e72f84a03550ab3,0,0,3,1,0,7,1,4,2,0,0,0,0
0b1c3ae5ebcb01a10d2aeb49dae7addae93c171d,0,0,3,0,0,4,3,3,0,4,1,0,0
0c2c13683fac2eb76fe7b9a34de857cce4963193,0,3,0,8,6,0,0,0,0,0,0,1,0
0ca2da8ca88bf7f604ffc792ae60720259b04af6,0,0,0,1,1,0,2,3,0,1,1,4,5
0cea66e143291c9644d42d4055a24852dade003a,0,0,1,0,0,2,5,5,0,2,3,0,0
0d79c72b758f2386ec9e3ad810c3e4ad3b09465d,0,0,0,1,0,4,4,1,3,1,1,2,1
0e3e558e6bdb9b0d4cb7a34c1c077033f3fb11fc,0,0,0,1,0,1,4,6,0,1,2,1,2
0f071e496bdc7cb4f972d3e6d87c1c4631d19673,0,0,3,1,0,3,1,6,0,0,0,0,4
0f8132e3f736605abb9a4ceef1948252fb434dfc,12,0,0,0,0,0,0,0,4,2,0,0,0
0ffc8f1256a05d916c3b0322e77ff59797e0f132,0,0,0,0,0,1,2,0,2,1,2,3,7
12851267a20e993b2dba42d73e9f63915fead6c5,0,7,0,5,3,0,0,0,0,3,0,0,0
14cdae4e7230551cc8a3a7466ec348dd15bbb9b9,0,0,0,0,2,1,8,2,0,1,0,1,3
159597ba4bf5ee17a30dde7b48a6a54bde96ffdc,0,0,0,2,0,3,3,1,2,1,0,6,0
195e7d3022b5afd9cbcc6f3640f8a1d0a44c1f1c,0,4,0,7,6,0,0,0,0,0,1,0,0
1974deef155e875cc2ea1d46d10bbbdfb9dc4356,0,0,3,1,2,5,1,2,0,0,1,1,2
1a56db851d22cc7a1ed9df30c05ff197b285bf17,0,0,1,1,0,5,2,8,0,0,0,0,1
1b31fed27154765311898f298252c228552743b2,14,0,0,0,0,0,1,0,0,2,0,0,1
1ba6ddcaf1f71740de70bacf02899a959cdf438b,7,0,0,0,0,0,0,0,2,7,0,0,2
1be808c11b5d57cfad9d711dce75dcf85d89f56c,0,0,0,0,0,3,1,2,3,0,0,3,6
1c44357fb6efbda5750c5edf4cb1ab0ddf528945,13,0,0,0,0,0,0,0,2,3,0,0,0
1d378a733ed85158e7365410aaa6c0da6d52c8ca,0,0,0,2,1,6,3,3,0,0,0,2,1
1e231b14746b86abef87aa5e6e71c45de9959a5d,0,0,2,0,0,6,1,4,1,0,2,0,2
1ee45b227e53b1e233ed9089dcdeb3429f092094,13,0,0,0,1,0,0,0,1,3,0,0,0
1ef78150912dac44e0d3250be6b7b5a20eab124b,0,0,2,1,0,3,4,3,1,0,0,4,0
219c757a088140cc3d9fda91dcec4be64f21ea73,0,0,1,2,1,8,3,2,0,1,0,0,0
21ea1ffd29ba54635d3606ce1c4fedda315ba539,0,0,2,4,0,4,0,3,1,2,0,2,0
22327cd378069b975416e498fc4aab25c02bbdb1,0,7,0,8,2,0,0,0,0,0,0,0,1
229ff18e50fea1634bb5480418363300161f52a3,0,0,0,2,0,6,2,5,1,2,0,0,0
2470573b437ee73f4b50b2bd063de2ab69bcd9dd,12,0,0,0,0,0,0,0,3,3,0,0,0
249a57f60c72f9ed8a1bb9c458770825819d7894,14,0,0,0,0,0,0,0,2,1,1,0,0
24f26efb62cc82bae11e694bc3c38366ba3af06e,0,0,0,4,0,2,3,6,0,0,1,1,1
25463802fe1953021bd631f3f6f37639f2612b2d,0,6,0,3,9,0,0,0,0,0,0,0,0
25c08d38f6b33bd076b90b96b3d32fce5a7f6595,0,0,0,0,1,1,5,2,0,1,0,7,1
26fde34c12d163804b8641b955ca4b9dd1f45f5c,10,0,0,0,0,0,0,0,1,5,2,0,0
27077353fca88a32cd0d1d9214e3ac3ec7085307,0,0,1,2,0,5,2,2,2,0,4,0,0
2714667537fa54c745e195f636a1f8278cc67f02,0,0,2,3,3,5,1,1,0,2,0,0,1
2836a9bc9aadcf1c62e56686f82079eb67f6a63f,7,0,0,0,0,0,0,0,2,9,0,0,0
28e60a09bbc55f489c5ba9760696037e844f1464,0,0,0,1,0,3,3,4,2,1,0,2,2
28ef90a908392daa6f316b2e1f2ccf02a97f3b4b,0,0,0,0,2,2,6,0,2,3,1,2,0
290736a727ed8a4fd8c0a42d67af3f0ed71cdba6,0,0,2,0,0,3,5,2,1,0,1,0,4
2975001a0c1f74bd9133a65f5554a8d858578d9c,11,0,0,0,0,0,0,0,4,3,0,0,0
29819603d6dc24272d01cc20a7421383d752235c,0,0,0,0,0,9,4,1,4,0,0,0,0
2af7396815d8eba045515cc702752a04c053f390,0,0,0,1,0,3,6,0,2,1,3,2,0
2d1e00de1fdfc82c5e9825d8aa8193fd61147ed1,0,0,0,2,0,2,4,1,4,1,0,1,3
2ea885fa39d7c8b716c55b05df93a95feb5dfcad,0,0,2,0,0,11,1,2,0,0,0,0,2
2f0fdc039ebd50a1bded4e2a3bb35471af5b6d2d,0,0,1,2,0,4,2,4,2,2,0,0,1
305c1dc66e463f10cbf14ea5cf3038f4dcbb87a5,0,1,2,5,0,4,1,0,2,3,0,0,0
3120f62cf994066e1783631e23a5bc41133330f3,0,0,0,3,0,3,3,0,2,0,1,5,1
31872624533b169cdea65d7e3418b82882b44cf9,0,0,0,0,0,2,6,4,0,3,3,0,0
31d707915b694ccaa4d5c141dfe5a51887e05d61,1,0,2,0,0,6,6,1,1,1,0,0,0
320c03f670d9b0c6a06bb9fdf7c8b6e9cfcb131b,11,0,0,2,0,0,0,0,1,4,0,0,0
328cb53ddaa223d2a2c80b27382f97fc20917bcd,13,0,0,0,0,0,0,0,2,3,0,0,0
337f1d984443c87c1fb3323fd922a37d4236b144,0,0,0,0,0,7,4,2,1,0,0,4,0
3956abfed97da13ab9ba9881b9cf89891bea80d6,0,0,0,1,1,2,5,0,0,3,1,4,1
39b14ae13b90f59b34c2b9157087700db880038e,0,4,0,6,3,0,0,0,0,3,2,0,0
39da0e7bb60d0a089ac7ec29fd1b6e0c0f884bae,0,0,2,0,2,6,1,4,1,0,0,0,2
3b17379d22afb68a6934e3e13aa16f436ac26d05,0,0,0,1,2,6,2,5,0,0,1,1,0
3b9735332dcf452da2ed4f8cd7160727a5f62ca0,0,0,1,2,0,3,4,3,0,2,1,1,1
3c8cd09ca2e3b8b3edd7c0fb5bf91f31eb89f4f9,0,0,1,1,0,5,6,2,1,1,1,0,0
3da9dfe6b73cee5715b8b6e21c0d3ef60a772342,12,0,0,0,0,0,0,0,4,2,0,0,0
3dadeaad9aa609520704147b3f3370905aeb3b25,0,0,1,5,0,5,3,3,0,0,0,1,0
3ea81cbb2acbd6a81127cd21bd930e6c6e107858,0,1,0,1,13,0,0,0,0,0,0,0,3
3ee4a1e193f9e4b92a7c54c189409d297b57ad8f,0,0,1,3,0,7,1,5,1,0,0,0,0
3f21e125130e917925b451f717d1559217b925a7,0,0,2,4,0,2,4,3,1,0,1,1,0
4023c871300ed2ae7cc28ec4c441a48fd86f9277,0,0,3,1,0,6,1,2,1,0,1,0,3
40f02a6320190629f9afc3beccea7d806af0abd3,0,0,0,2,0,3,0,6,1,5,1,0,0
4154170414cbe31dabb00ff4c21dd6c43472dd54,0,5,0,3,9,0,0,0,0,0,0,0,1
4180e05a16932ee30fb6d1e0d9a8e0c3c26cf600,0,0,1,0,2,4,5,5,0,0,0,1,0
426663829c63e8bd6aa26576ea3c2e33d5ecd252,0,3,0,3,10,0,0,0,0,1,0,0,1
42f5a3bc7f3f2e326689a3b5641895ba6cc2ad11,0,0,1,4,0,4,3,2,2,1,0,0,1
42fbb6fb27c5818870ab40694b0adaaa11a4c3e7,11,0,0,0,0,0,0,0,1,4,0,0,2
442657162956c05f7752264ba842186a5a7dc0fc,0,0,1,2,0,9,1,2,0,0,1,2,0
461bcdb30cd43af1c0e169b2cb14b14ba32f4211,0,0,1,0,0,3,6,6,0,1,0,0,1
4620174a7efea835673e93b7312c0d6ca9dcd988,0,0,0,0,1,2,1,2,0,2,1,9,0
464426161e73f67e3c7a964d387d2a5049926d4d,0,0,0,1,3,3,1,1,2,3,1,2,1
46f155399b0e9b5baec9136fd034dc62ee868cb2,0,0,0,0,2,0,10,2,0,1,0,0,3
4757ed49a431cce0836d88e42fc886199b5afe36,0,0,1,2,1,2,3,2,2,3,2,0,0
49c887aa2e47ac6a89fa6c2a221bcf06bdb7b1b7,12,0,0,0,0,0,0,0,1,5,0,0,0
4a3f09efa139f94c198d0ed6b79016c3514d13d3,0,0,0,1,0,1,3,4,1,0,0,4,4
4badac8ae7f94d5f0d798114d69f1f2f9513b843,1,0,0,0,1,3,5,1,0,0,3,3,1
4bb017ce9d08fa645d7044b1c6997fdf52e6e9e2,0,0,0,1,0,1,4,3,0,0,1,4,4
4eed9210aef869f663b31096bca26b42e544abec,0,2,0,2,14,0,0,0,0,0,0,0,0
4f1dc56ad170f4e873f1e4dc52d07285cc3a9d81,0,0,0,1,1,2,3,0,0,3,0,4,4
509a0077622e6cbfefa12f3325658564c235a62b,0,0,2,0,0,5,1,5,2,1,2,0,0
5195e5ae1f7dcf18e4f8917c110dee9a2da5bb89,15,0,0,0,0,0,1,0,1,1,0,0,0
57170bbd9a88bf26dbbd2a3173c6eeaa0c5a6e7e,0,0,0,0,1,3,3,0,0,3,0,4,4
5910846edca14a987afb89efc5b101c83478638d,15,0,0,0,0,0,0,0,2,1,0,0,0
5964137556917378aab89ba7d0127d9a0cb12324,2,0,2,0,0,2,3,5,0,0,0,2,2
599c5acee191cabb6a0cb64627dbf9cc9be5ec8e,0,0,4,1,0,3,2,2,2,3,0,1,0
5a3df21e1a781d2ffcc4a6cab32c5e62d1deb964,0,0,1,6,0,2,3,1,0,0,1,3,1
5ba524a51cecb3909a67d3e2e435c7d3fd718552,0,0,1,1,0,6,3,1,0,0,0,2,4
5baeffbf6063a36b677e1c6ebccba34868e4908f,0,0,0,0,0,2,4,4,3,0,1,3,1
5c5c3986bdb96a926c1bbebae5fff1cbb265198e,10,0,0,0,0,0,0,0,1,5,2,0,0
5dc47db7abf6fa71463ada73b2770a9991d77161,0,6,0,0,11,0,0,0,1,0,0,0,0
6172740f7637e2ee8e7bdfbde7c0646564b7bcc2,10,0,0,0,0,0,0,0,5,3,0,0,0
628ef6fc9e793e1109cf6aa70531f443d0407e99,0,0,0,1,1,2,4,0,0,2,4,0,4
62c3e6a91ce4629f6882f533feb6b314f03b2aa2,0,0,0,1,0,1,5,7,0,3,0,0,1
63413666d9778df85cf68545daf00adffc315182,0,0,1,1,0,7,2,1,0,2,2,0,2
63454d33742bea3a509a922bf48d9bbe008c7ba8,2,0,1,3,1,4,1,4,1,1,0,0,0
64b28395df2fd15896089ea146745a16d86eeb64,0,2,0,5,9,0,0,0,0,0,1,0,1
654b0a175b1ce6fd5576512258203926c36c090c,0,0,1,0,0,0,4,3,0,0,1,6,3
66139b1fc8bbcaa820405dd88f0440c0c9f7df9b,13,0,0,0,0,0,0,0,0,5,0,0,0
668d66ac15901e96bf64911171d27bd4d150b928,0,0,2,0,0,4,2,5,2,1,0,0,2
66c395e7c6a5588112f685e8074b640732062dbf,0,0,3,3,0,5,4,2,0,1,0,0,0
66f86b6cb440244f1e32732b17f956bcc9fc009d,0,0,1,0,0,5,7,1,0,1,1,0,2
674edb0a354aa4353d6cdd1c340a6c3cff35dc2a,0,0,1,1,1,5,2,3,0,4,0,1,0
67acf18d46fba6a72695409b32bcd8c3fc4f814b,0,0,1,3,0,5,1,4,1,1,0,0,2
6833d5f515abe32d41f64fed62f6fb51390d8d75,0,0,0,0,1,2,2,1,1,3,1,2,5
6a547ac73363643add656de1770f73a91a971261,0,0,1,2,0,3,7,0,0,1,2,2,0
6b66f218b9ae4b5c138d6ea70336af9f3978451c,0,0,2,0,0,6,2,6,0,1,1,0,0
6c04571a8c1c86e210ccc924f34353f3ee592280,0,0,0,4,0,1,5,5,0,0,0,3,0
6ca05a9ad7abb011d1488d2ac2d4272531965cbf,0,1,3,2,0,5,1,3,0,1,0,2,0
6d538dd6c143af9c94d70b7e77884209386ed8bc,0,0,1,1,0,3,4,4,0,2,0,1,2
6d9e735e426744801c63d9277af8bf27bf2e354c,12,0,0,0,0,0,0,0,1,5,0,0,0
6dabf30949dca887c51f4456b2c44d76cad47ee7,0,0,0,3,0,0,6,1,0,3,0,2,3
6db7aaff6c2bcb128e037b1a4194bc14371c2461,0,0,0,3,1,4,1,0,0,1,0,5,3
6df96b360d17e3e71061981c1a8ee6b97561fba8,0,0,1,3,0,3,3,3,3,0,0,0,2
6ea58d61145e994e0560622b09c0cc264785ea9f,0,0,4,2,0,0,8,2,0,0,0,2,0
6eb9e191f862a52b33ca2b9fba38dcb902038fa7,0,0,0,2,0,6,2,5,0,1,0,0,2
6ffa79abbdfbf76afdea3b00e45625d4c2125289,0,0,2,2,0,0,5,3,1,2,0,3,0
705ddfec8303c00dedf7debb771d1ef1824ce708,0,0,3,2,0,5,1,4,0,0,0,0,3
70c604a4fe88574bca622dd1ead05cf0cf9b243d,0,3,0,5,6,0,0,0,1,1,2,0,0
718ec5a7a1fb69d610486d019f679e2353990fbb,0,0,2,0,0,0,2,0,0,3,4,6,1
72898fc89ec036a5d36dfe1cec01227eec5f3c60,0,0,2,4,0,3,3,1,0,0,0,5,0
73102c7b73a8d8e5ae5a6d533f72e2edf3bfd1ec,0,0,0,1,2,4,4,3,1,1,0,2,0
76d596f89b69f2905be7965e164cee40119eeff0,0,2,0,6,4,0,0,0,2,2,0,0,2
77b25896739bb0707b012516a85aa950aa16507b,0,0,0,2,0,1,2,5,0,5,0,2,1
78316d217d5f8005326ff01447fd6a110bf2cb33,12,0,0,0,0,0,1,0,0,5,0,0,0
78cd7835da5e743b522f9ed304d9768272ec5c1f,0,2,0,7,8,0,0,0,0,0,1,0,0
79d53e73dcf922fc5713d7cd756c053fa4d233ef,0,0,1,0,0,7,2,2,1,0,2,2,1
79de128c1bfa8195c6587caf00f68284f5b6333d,0,0,0,2,0,1,7,3,0,1,0,1,3
7b365e4f70d8f8d06dbca17092d29ea22cd3e7b4,0,7,0,1,9,0,0,0,0,0,0,0,1
7d1081eb6882560d916dfcf67947c43ed398da73,0,5,0,4,8,0,0,0,0,0,0,0,1
7dc0a55c6208d50b0a42e9896dcce9176e34e753,0,3,0,5,6,0,0,0,0,2,0,0,2
7fc737e04b89a5467c4627a5fb7594c1b0fa2024,0,0,0,1,0,3,4,2,1,0,2,3,2
7fd9440062d882d2bb8f68f217d9bf5bbc7e72ff,0,0,1,1,2,1,5,2,0,5,1,0,0
8035ea6a48f25d46e24bc8ba46e09a558e27e541,11,0,0,0,0,0,0,0,2,5,0,0,0
8041fedfc053146853f9b733711f9be6817cef13,0,0,2,0,0,6,0,5,0,2,1,2,0
826a20b6e8fc4469e71c17d0cd153261ae911f69,0,0,0,2,0,6,5,3,0,1,1,0,0
82d272cfc61fc7d3187dc73cd71278d0f2031d0a,0,7,0,4,7,0,0,0,0,0,0,0,0
82e22e09a185e372ec28804556c206ccca456cf2,0,0,0,0,0,3,4,0,1,3,1,5,1
83c8ecf7be04408773eada0467aa35160fb0858c,15,0,0,0,0,0,0,0,1,2,0,0,0
862338c0491db2f8553b8b6052b0a8deef134864,4,0,1,0,1,6,3,0,1,0,0,2,0
8650170e99f9a51ac58ce9781e4c368be37bcf0f,0,0,1,1,0,7,0,6,0,1,1,1,0
8690af6238cfbeebf2149b72fcf8aa07dd2950ec,0,3,0,6,6,0,0,0,0,0,1,0,2
86b03f2925a1a9bb916af66db069dfa3c1089f5d,7,0,0,0,0,0,0,0,2,9,0,0,0
872d789b8711dc04bc8d0ca0dd3bc62bc6ca3c14,0,0,1,0,0,9,8,0,0,0,0,0,0
884ce06e42a3dd3c0f9c500cba7b042669d75306,0,0,2,2,0,6,2,0,2,4,0,0,0
88509c214af8a325882f1d275027e6ceb2f4cb65,0,0,1,2,0,7,0,3,0,2,0,2,1
89966b4c430732c4d7085954a7c25a51f043cfcc,0,5,0,4,6,0,0,0,0,2,1,0,0
8a189e8044ad48c99b006efb5534ae3c48424e87,0,0,0,2,0,2,1,5,0,1,1,4,2
8ab5cca2dfe6f756d46c709082da3a32e3a6e314,0,4,0,4,8,0,0,0,1,1,0,0,0
8b7ea5b9ab0172de32b7a4220f31250be32238cb,0,0,0,0,0,1,7,0,1,1,0,4,4
8d859ec0c23d1d3f40680578e90b9c948fda6d7d,0,0,0,2,0,6,4,4,1,0,0,0,1
8f35caa4bbd2e26140c67fd2d2e984e021e09f5a,1,0,4,0,1,5,0,3,0,2,2,0,0
9064b9e0994914009cb1dc1806ec20aaa9dcff04,0,0,0,0,2,2,4,2,0,3,0,2,3
96152052b6ed6e9b9d49ecb5896dda03de7cde41,0,0,2,0,0,5,6,3,0,1,0,1,0
9668da844dd733361875bb92fb4ff2d6b5ff6046,0,0,0,0,0,6,3,4,1,2,0,1,1
98cd369bb310a4d5593f5555fac60fbace4feeeb,0,0,1,2,1,8,3,0,0,1,2,0,0
9baed0c1c82281bf9acbb0db27fe25674275b9f2,0,0,0,5,10,0,0,0,0,1,2,0,0
9c14443c7de66b54d0c62b620d262f14963ac301,0,1,1,2,0,5,4,0,0,2,1,2,0
9c9e06c09af9039013567fa5971d245b086516fc,13,0,0,0,0,0,0,0,4,1,0,0,0
9ca391969fd37a3d50d189c8e37895b842d89874,0,0,0,0,1,6,8,2,0,1,0,0,0
9d15bfaf9a03dd4e417e1a4dd8332b29c208d53b,0,0,2,0,0,6,2,4,0,1,2,1,0
9de587405758bcb1f44811b1382c17ffad0d8aea,0,0,1,3,0,4,4,3,0,3,0,0,0
9ec1d63856ee04466db00cb8fb79abdefba46b40,0,0,0,3,1,2,3,3,0,1,0,0,5
9f09845c41b37d57f686cf04d162c7b978eba41b,0,0,1,1,0,8,4,1,0,3,0,0,0
9f189691bb1cab2624ab4a7742fb56f8a7d68859,0,0,0,0,1,0,4,0,3,0,1,6,3
a2e8b6968359e03d3feb1d900f41055553e16e58,14,0,0,0,0,0,0,0,0,3,1,0,0
a31496b6ddc7119eaa03d878134ac941331dc861,0,0,3,1,0,5,2,3,1,0,1,1,1
a51fd18e918d5393ce372cba41f66d627eaaa531,0,0,3,1,1,1,2,5,0,1,0,0,4
a54f6fc5cfbfc28a75888ddc79a728adf893b689,13,0,0,0,0,0,0,0,4,1,0,0,0
a6b26fc0281486a2bc8270f21af451a98f768534,0,0,1,2,0,4,1,2,0,2,2,1,3
a6c5dd0626bd5ab41b86bc32a8622fcc62c2d8bc,0,0,0,1,0,2,3,2,1,0,2,3,4
a7540b7ae43a888cc012da708a54cdca86e79348,0,0,0,2,0,5,4,3,1,0,1,0,2
a89c9e801ac3c7c75b856f27befd074d7c68833f,8,0,0,0,0,0,0,0,2,8,0,0,0
ab990cc1a257d90a950dfd6170fc3b03f813026f,0,0,0,3,2,5,4,2,0,2,0,0,0
abacb61d2019b76eb150216583b5058cfe3194ba,0,4,0,5,6,0,0,0,0,0,0,0,3
abcc335a3bd3fcb1b08af7512af22e99c88cd52b,0,2,0,6,4,0,0,0,0,3,1,0,2
adc21635be793017c3c126aaad1026c6e69018d4,0,0,0,2,3,1,4,1,1,0,1,1,4
ae411b00db4b3d19b4bd4275453e1719b9445a16,0,0,1,2,0,4,3,6,0,2,0,0,0
aecf89aa05dc816c55cdd831506fbcd61f656ce8,0,0,1,3,0,5,3,4,0,1,0,0,1
aed346332dba7f1079678aa945dcdf5ee5f78b42,10,0,0,2,0,0,0,0,0,6,0,0,0
aeefd4461ee8142b72ed056be7e4489268ac1b84,14,0,0,0,0,0,0,0,2,1,0,0,1
af8bc490e343d0c34e7649db5f22dd47f3ab366d,0,0,3,1,0,7,2,3,0,2,0,0,0
b14dc099147e201f52808d3242787ab409359071,0,0,1,2,0,7,3,3,0,0,2,0,0
b15b2f774123fd95db881bbadc94cf2992eceed3,0,0,3,0,0,3,4,2,1,0,0,3,2
b18faf1687eef228f3a5f4acc9676c94ca973c7e,11,0,0,0,0,0,0,0,3,4,0,0,0
b26d557181d5419e189a9f3860aa4a2b6d695322,0,0,0,0,0,2,4,3,2,1,1,1,4
b26e9b114e8621389361f141aee6af5d923bd7f6,0,0,1,0,0,4,3,8,2,0,0,0,0
b30f6acff2e115ae623f6e12f3d596dc4c8a949b,0,0,1,3,1,5,1,4,0,1,0,0,2
b34e76ab4ca91a66530a51398214560537721507,10,0,0,0,0,0,0,0,4,3,1,0,0
b373602886e00be159aa75599b6d68c48df45e97,0,6,0,5,5,0,0,0,0,0,2,0,0
b3a58e5fc8f5ec033bc76a67f8c2a68cb29f93dd,10,0,0,0,0,0,0,0,2,6,0,0,0
b521906236c97ae02e940193e4c60c6f6cb1f97b,0,7,0,4,4,0,0,0,0,0,0,0,3
b6f4a03874dc2957c0a801f31cf23f711f4257c0,0,0,0,1,1,3,1,2,0,6,0,0,4
b7e69b72ccd3808670f55d3b3e53b33d3e1d1163,13,0,0,0,0,0,0,0,3,2,0,0,0
b842cb51b81cecc2ed123ed75b99b09716c0767a,11,0,0,0,0,0,0,0,1,6,0,0,0
bdb8e36639f9b5b11bac88069b92adca4d6d87cf,0,1,0,9,7,0,0,0,0,1,0,0,0
beba70776966191a885949d7ed283370d83c0252,0,0,0,1,1,0,8,0,0,4,0,2,2
beea6ba21cc91617cef0209577042dfc0d248fb1,0,0,0,2,1,2,3,3,5,2,0,0,0
bfb037febbe814e7c16c5327f3bb13eab85c5d1f,0,0,0,2,0,5,5,1,0,1,2,0,2
c10418b2d61c5c56403f0c136a3d5df406a5d205,0,0,0,0,0,3,5,3,1,0,0,3,3
c13c3ab5fb4dee6cf3b51124202a7291d38ca9a8,10,0,0,0,0,0,0,0,3,5,0,0,0
c1e69314f7eed8b56f7ce8ebe9154ff89fbc009e,0,0,1,4,0,5,2,4,1,1,0,0,0
c1f894839317619161ca29ec8168bd6b776328b4,0,0,0,0,2,0,3,0,1,6,2,3,1
c25965497781578fbb76c08e2356be27c4838a40,0,0,2,1,0,6,1,3,0,2,1,1,1
c2c5b49b2c8301e7357f3f6aab1944fcf839eaf7,0,0,0,1,0,0,7,3,0,4,0,3,0
c3a9b9aebb1cef78e4a556d3959789e042ac93f7,2,0,1,4,0,6,1,0,0,2,0,1,1
c40609e4c3bbcc1ad3eb4ccc2486979990d50ebb,0,0,3,1,0,5,5,2,1,1,0,0,0
c4cf63face16f80b5434c6bec6fe141f03fb2636,10,0,0,0,0,0,0,0,2,6,0,0,0
c62cc4de06c4afd908353726fe99407f54e614ca,13,0,0,0,0,0,0,0,2,2,1,0,0
c69f3317b3c5de01fa253e14d51351c34a48cff1,0,0,1,0,0,8,3,3,0,1,0,2,0
c73cf97cde66c6e773efd519c5a08291ead022fa,15,0,0,0,0,0,0,0,0,3,0,0,0
c8a11d11fed3a205f92fb8d27ae4ef0a4bebc24f,7,0,0,0,0,0,0,0,2,9,0,0,0
ca565fa130397c7c3379d4e0075e899fbe3b0cd0,15,0,0,0,0,0,0,0,2,1,0,0,0
cbf2f6c073c0445c1cb99e140d782284bad926c7,11,0,0,0,0,0,0,0,1,6,0,0,0
cd254b9bd005eb5c202a9aa2c83bf0487e5f2e11,0,0,3,0,0,8,3,1,0,3,0,0,0
cdaaf81724ce266e649ecb42dc4338646d942cdf,15,0,0,0,0,0,0,0,2,1,0,0,0
cf6d6ed25cf2c1844e8827e8165b9244d1c59eee,0,0,1,1,2,7,2,3,2,0,0,0,0
cfcb85cd2931ee11c71181bc8b825c3c4e24cd0a,0,3,0,9,3,0,0,0,0,1,1,0,1
d007f3db967da399edae1d12cda0628aa1334889,9,0,0,2,0,0,0,0,2,5,0,0,0
d0b069795786e9ffecc88b67a90a25be129b8a4b,0,0,0,4,0,5,2,0,1,3,0,1,2
d1c758b360359ea6419d191372bdec1815027d4c,15,0,0,0,0,0,0,0,1,2,0,0,0
d20c5fca7347c85c6fe832ae4686b55767192253,12,0,0,0,1,0,1,0,0,4,0,0,0
d5394e6b9f1d7c7762c4d2be68936c223ac957b8,9,0,0,2,0,0,0,0,1,5,1,0,0
d5611848aa9311d69c5d39c668e22e6eb9c17ba9,0,0,0,3,0,2,4,4,0,4,0,0,1
d5d5e5a01932b8b7bac1ef71c5de3c94a3f53f3d,0,0,3,0,1,3,2,3,0,4,1,0,1
d60e45085e5fbe2f0c0737b392a04147f1b63ba5,13,0,0,0,0,0,0,0,1,4,0,0,0
d8240d1c04bb633e8fa6b186e022ac540d70d10e,0,0,0,0,1,2,7,1,0,1,0,3,3
d8a837b6288daed76050a6813326f6f47422f9af,0,3,0,6,7,0,0,0,0,1,1,0,0
daf45d12777c5772af1b4ef742004565e267881e,1,0,0,4,0,6,3,3,0,1,0,0,0
dcefc3dfc8b2fdc41c58c8a3f805ea7032e1d10e,15,0,0,0,0,0,0,0,2,1,0,0,0
dcf2b308f1a1a7aac8f08b7def2d2dc5e0e39bf0,0,0,1,2,0,5,4,3,0,0,1,0,2
dd02e8fd9d8e094a6d5d216738918cc650c23124,0,0,2,2,1,4,0,4,2,0,3,0,0
dd702a24919b50f3e5a39fc783c920359bb4b5c3,0,0,3,1,0,3,7,2,1,1,0,0,0
ddc24c90734475bda123737aceb1e95645bbd005,0,0,0,1,0,7,1,3,1,0,1,3,1
ddf48075fa3144724b985aaebe110f074ca00a07,0,0,0,0,1,6,2,1,1,1,0,2,4
df1a439b1c295a44429fdc65a2b84002963d16ac,0,0,1,0,2,3,8,2,0,2,0,0,0
dfc8caebe31ef4559209419ed946360fb2f37117,0,0,0,0,0,2,3,3,1,3,2,0,4
dfcc040b89070024af127f47d9750730709d91e0,0,0,1,1,0,4,4,5,0,2,1,0,0
dfef4294640e646dc14940d3b9c36163b8d502da,0,0,0,1,3,1,5,1,0,0,1,3,3
e0080bcedcea7a8e532f4243e5c92f768fe884e4,0,3,0,6,6,0,0,0,0,1,0,0,2
e06ef4ab23f78068bf7fcd0778ff77886c8c538a,11,0,0,1,0,0,0,0,3,3,0,0,0
e1503075403fe76f611132e2e942e8b9db378546,0,0,4,6,0,6,0,2,0,0,0,0,0
e2e95eef3a0ae093a00c842f30aa83ddfb9f80b1,0,0,1,3,0,4,5,2,1,0,1,0,1
e32cac8969c8a1ed2e3aac7074058c51e76d478d,0,0,0,2,1,6,4,2,1,2,0,0,0
e6a159c4a8810b1c561e008bd485dc3b600dcdb9,0,0,0,0,1,5,2,5,2,2,0,1,0
e983c51845eadf3b0f08b1e11c474ea043369c9c,12,0,0,0,0,0,0,0,0,6,0,0,0
ead274ae5de870b0f334ea3750fed10264a0bb80,0,0,0,1,0,3,4,2,0,0,1,3,4
ed32173fc41739f265732223992463cc03b34469,0,0,3,2,0,7,0,1,0,2,0,0,3
edbddbfe6c611f304bad8b23807f5d10fd5422f0,0,0,2,0,0,3,1,3,5,1,2,1,0
ef55dcda3892bdb8c58a3bd360a8afab4e33acce,1,0,0,0,1,7,4,1,1,1,0,1,1
f044fd1388c0178786cd5398692231ac7763228a,0,0,0,2,0,8,6,1,0,0,1,0,0
f141dcb62d6ec0437dba777ebaa2e974edb2a798,0,0,0,2,2,3,2,1,0,1,0,5,2
f2423361e6b720eceda2ce73dc02351624e7abd2,1,0,0,3,0,4,5,0,0,2,2,1,0
f2e6a4da352e3273e50a7882f9f600bdc21b10d5,0,0,1,0,0,1,3,4,0,2,0,3,4
f325f964ee4303209adcf52e9f6286247b4bd609,0,2,0,2,14,0,0,0,0,0,0,0,0
f478c57d043dfd46a061659086e873a8bf8c856a,0,3,0,10,4,0,0,0,0,1,0,0,0
f60983c604c56100cf044c9b12bfb06887467002,14,0,0,0,0,0,0,0,0,4,0,0,0
f7488231a93048227f724bb8fe0e26d75c8df66b,12,0,0,0,0,0,0,0,1,3,2,0,0
f90adab436f0fdd612622ced74c0ee57fd21979e,0,0,0,8,5,0,0,0,0,2,3,0,0
f9251bf006b9d4e58e374673466e6e359bd6548a,0,0,0,2,2,1,3,3,1,3,0,3,0
f92e0f699723b05d3e916351f77ec73e48f0c263,0,0,1,0,1,4,2,3,3,1,0,2,1
f958d5114a9d5ecb5cbcb71be203efd777272f65,0,0,1,1,0,7,4,3,0,1,0,0,1
f973bcf8d8a7fcd75507517bb0e59359f039a849,0,4,0,3,9,0,0,0,2,0,0,0,0
f9a18667160baddf90425d363dd669bc518139d8,0,0,2,0,0,4,6,2,0,3,1,0,0
fbf3a6ec4ceebfae9a8843bd11052686b4afe52d,0,0,1,0,0,7,4,2,0,0,2,0,2
fbfcaaf1735a7578d66dd34c64c844bc9a198c69,0,7,0,4,7,0,0,0,0,0,0,0,0
fc10a6b7089f929cb1177dacfdaac445e6007145,0,0,0,1,1,0,6,1,1,2,1,3,2
fcfe54f36d667c5ac30ae5c09bda0311d7517fec,0,3,0,7,7,0,0,0,0,0,1,0,0
fd35a362d184926d48e2d3737ae599c27bbea7fa,11,0,0,0,0,0,0,0,1,3,0,0,3
fe08715d7c8b9d11fc5088bd3db541eb184b6428,0,0,0,2,0,2,3,4,2,4,1,0,0
feb0b26345299d5cbb90cb9f07109df07288248f,0,0,0,0,3,5,3,0,0,1,0,2,4
00b453f50e99f4c3d69679125132a5a75c905e21,0,3,0,3,5,0,0,0,0,1,3,0,2
0174476039f76b38ea8ff9b6c47cf4029a255375,0,0,3,1,0,2,5,2,0,3,0,1,0
01ec04bdb7512ddcfede162bdbeadd1d4a1b9357,0,0,1,1,2,2,2,6,1,1,0,0,1
02a1555541394d8519783281fea97241113cb583,7,0,0,0,0,0,0,0,6,3,0,0,1
02fa354cb84831348563cde74473278587b0c4d3,0,0,2,1,0,3,3,2,0,3,0,1,2
03e4117845cef9b861b15e6aae28dfa0140c7c8e,0,1,0,6,5,0,0,0,0,4,1,0,0
05d8c77ad415b2198343bc1b08cce3bfbcb54ba6,0,0,0,0,0,1,3,1,0,3,1,7,1
060adf6dff397d5e89f607369585bab0617b61af,0,7,0,4,6,0,0,0,0,0,0,0,0
060bd554585a10352288f3e819e5e219dcfbb0af,0,0,3,0,1,4,2,1,0,3,0,3,0
06ded02b14ce5ed21fe4f9ef23db828d15ec8b15,0,0,0,0,0,2,3,4,1,0,0,3,4
08b4d1b9c17b8600d9c9e97845b082d343c35f34,0,0,0,3,0,5,3,3,2,0,0,1,0
08ee0e6f386167fe8012d31296fd6ab82e1e236a,0,3,0,7,7,0,0,0,0,0,0,0,0
09df124aee64b17145c87fecd69ee5a257d96c51,0,0,0,1,1,3,2,5,0,4,0,1,0
09dfd69c74cbfc6e65955577633b5866056f5c6d,10,0,0,0,0,0,0,0,2,5,0,0,0
0aa2cf19db1c127fd06f0c35fe9faba340d9c311,9,0,0,0,0,0,0,0,4,4,0,0,0
0b0a2e1626d5ea336e89c006f782339f962a0a4b,0,3,0,8,1,0,0,0,0,2,1,0,2
0de5c1523b123e193768e7f62cbf1961855d7d79,0,2,0,4,10,0,0,0,0,0,0,0,1
0ef753e6a68ecc81de00dc0b4b9bfa489933c16a,0,0,2,3,1,3,2,4,2,0,0,0,0
0f4b8ae0b5b2863411b880f5acbe1aa6b2b7e4a2,0,0,3,1,0,4,5,0,0,0,3,0,1
0fa2cc23bc616eae5a0a7cdd3bca20a0e62a601b,0,0,0,1,1,1,7,0,0,1,0,6,0
1039dcf190fd8dcced2acef48337c75e4e450adf,0,0,0,2,0,0,9,1,0,0,1,1,3
116327d8cf9af9d549395cccd8c2a35408491a26,6,0,0,0,0,0,0,0,1,7,0,0,3
11c82f88489f94b5673b9bc15dc6e53fa04e09ff,0,1,0,3,8,0,0,0,0,2,0,0,3
11e8f54b969fc1ba70e5fc7332bf16318ffd412d,0,0,8,3,0,3,0,2,0,0,1,0,0
1280687b31373a7ccc18a7a113fb0fd7ac0b2ddc,0,7,0,1,7,0,0,0,0,1,0,0,1
12d9f217ef30b4fe30b443a8b0fc8e50a89ba7fd,0,0,0,2,0,1,2,6,0,1,0,1,4
132f21ffd1916a8cc6b8ab6f9480daf74425e8cd,0,3,0,7,4,0,0,0,0,0,2,0,1
13c2b3a2308f43cba4196ace1735bc7760ef946c,1,4,0,3,8,0,0,0,0,0,1,0,0
13e99c537ff3fc14e40928ba747c50b2ea62b751,0,0,0,0,0,5,6,0,0,1,2,2,1
158ce13ef66ec84ebfa1839e6dedaf5d4f4283b9,13,0,0,0,0,0,0,0,1,3,0,0,0
15ee609410a1feb74c2bee956a275a53e7f75626,0,0,0,0,0,0,6,0,1,1,2,4,3
1856b769bb1150a831d7de013c47f1e51b4c1c4f,0,0,0,0,0,6,1,2,0,4,2,1,1
188c7fd65d0670e250c2e267bb1774ee41e85b83,0,3,0,3,10,0,0,0,0,0,0,0,1
18cd1d4d9bd79536828b658bcbcb155ab2c4a4b6,13,0,0,0,0,0,0,0,4,0,0,0,0
1c02146f1668c889c6ccbda6192a774744ebac08,0,3,0,6,7,0,0,0,0,0,1,0,0
1c5e28efdbe910f510271064edc9f0e8524c45fe,0,0,0,2,0,4,1,5,1,1,0,1,2
1d3706048ff811788a962b46aa02a784d8c30ac2,0,0,2,0,0,4,2,5,1,1,0,2,0
1dea8d89b6a9be2969406a2d68152009109aa366,0,0,2,3,0,5,0,2,0,2,0,2,1
1e68de3e67a2036febafcad6c3996f98c9f33b88,0,0,0,0,1,4,6,1,0,1,1,1,2
1e85ca780e23dc4b65baeb3214ff8d2b912fafa7,0,0,0,0,1,2,1,0,5,0,2,3,3
2002e95d41d8a7533e5fdae5611e7dbe15d9cded,0,2,0,1,12,0,0,0,0,0,0,0,2
2127fa0ff62f3552ef381dd3fd1510405d444542,13,0,0,0,0,0,0,0,0,4,0,0,0
21a63c3032cdb2d03057923ebdc854bb94bd2aec,10,0,0,0,0,0,2,0,1,4,0,0,0
2222e98d63ff1b7e20cccfacafabd0e476a17033,0,0,0,0,0,3,3,4,0,2,4,0,1
22a4aa2ddf508e76be255cc2dbd7491ca5b9af35,10,0,0,0,0,0,0,0,1,6,0,0,0
22e9988d01271060cc7223e9b742d08262e5980f,0,0,3,0,0,5,1,0,3,4,0,0,1
23c4a549cabdf9d233a34d8b0704eb153b3d2f13,0,0,0,2,1,1,1,1,0,1,1,5,4
24b9ac1ec099537b1e001db1c0532977fdb2340b,9,0,0,0,0,0,0,0,3,4,1,0,0
2516d55c9ddc2fb1752efdca64fcf754590c0043,0,1,3,3,0,4,1,2,0,2,0,1,0
26c90e4907b21dd35c3369d1ad2038cc23df4277,0,0,0,1,0,7,3,4,1,1,0,0,0
273aa54c2b8f291320bedc5d33ec2141df33dc3e,0,0,0,2,0,5,2,2,0,0,2,0,4
274f0a2616952abc1d1432513f3e9295012fc11b,0,0,0,0,0,1,1,1,0,2,2,3,7
278bd1b387983d9f5cb7c13b6df3f9b790263713,0,0,0,0,0,2,6,3,1,1,1,3,0
279eba6fdeb72b73b1d092cc7167a434d2fce065,0,0,1,0,0,3,2,4,1,2,0,1,3
284817bcc54b7e253e5d450cc6b7132e3c093a6a,0,0,3,0,0,4,2,4,0,1,2,0,1
285013e02f1dcec22861e1d5c7d9826528f4a9e3,0,0,0,1,1,6,2,3,0,0,1,2,1
2c473c6fe08132a60b2c7c3a0c34cf14fe44aa23,0,7,0,5,4,0,0,0,0,1,0,0,0
2d38995e8c91b29338724dd4ad03ba7d9211c420,0,0,3,2,0,2,6,3,0,0,1,0,0
2dcc35cd5e321e2d21b068292356538bb2d4ea89,0,0,1,2,0,1,2,3,1,2,1,3,1
2eab694638e9592e2c665ca081fceefc50416268,0,5,0,2,6,0,0,0,0,0,2,0,2
2ebcda27f39369d85105fb479844877042d2bb41,0,5,0,3,7,0,0,0,0,1,1,0,0
2f25c02934b0a116b6cc153cfa92d89d0353d48e,0,0,1,0,0,6,1,3,3,0,1,0,2
2f58a092c7f13907b11d255c3c2eceae04eb9b6c,0,1,0,5,10,0,0,0,0,1,0,0,0
304f419d8b7225268e3651e757c5f7603f485989,10,0,0,0,2,0,0,0,2,3,0,0,0
318bbefb6b107a9d06f93fe0f940df701f46fc47,0,0,4,0,0,3,2,2,1,1,0,0,4
31adcb1c10dc71774ea26de70692e97092b9cb0a,0,3,0,2,10,0,0,0,0,0,0,0,2
336ca23570d17d2fd0c1037a0a185d09826c5add,0,0,0,1,0,5,5,0,0,3,1,2,0
33a7586982533028e99a0ef1efbcbd8f59d38d84,0,0,0,0,0,2,5,1,0,1,1,5,2
34020051c68766fd79c451fbaae4a2da4f0c69ad,0,0,0,2,2,2,2,2,0,1,1,0,5
34409454bca58c524ec2f151946437f1aacd85d5,12,0,0,0,0,0,0,0,2,3,0,0,0
34732717bb6504eb6e85f3016e4672c80d68bcdf,2,0,0,0,2,1,6,2,0,1,0,3,0
34ad510cee8002d996360663ee5d1ff112fb7b3f,0,0,0,1,2,3,5,0,0,1,0,2,3
3579aa772cfc8130eab48557012e48a4478e5352,6,0,0,0,0,0,0,0,5,6,0,0,0
370ed866a6cf7f68b8b17204592dee4c6b71dc9f,0,3,0,6,6,0,0,0,0,1,0,0,1
371e557beef072e7020b0131aaffe0afae2a8802,0,1,0,5,5,0,0,0,0,0,0,0,6
3771d30e7801f69b4f227f484b4c210e5a6002ed,11,0,0,3,0,0,0,0,1,2,0,0,0
3788281def64f95155c79e857d5b0486a5c422e9,0,0,0,3,0,3,1,0,0,4,1,3,2
3976a903558b2744dee62dae19c43ceaf464cc4a,0,0,0,3,1,1,6,0,2,0,1,2,1
3b4a324449c475cd3a72611781a8d54bcf80b18f,0,7,0,6,2,0,0,0,0,0,0,0,2
3bc2e2d011b9f47e4fb0d4a528f8cab425144e16,0,0,2,0,2,3,3,2,4,1,0,0,0
3c76d7d8fdea8b334261d4ba3cca7f003935eeb8,0,0,1,2,0,6,3,3,0,1,1,0,0
3d2cb0f68f2086a5e3de25d77fd5dce256b4fc43,14,0,0,1,0,0,0,0,2,0,0,0,0
3ddccb3b6b353fab895da2b96e43653c4adf9f62,11,0,0,0,0,0,2,0,1,3,0,0,0
3e2dfd2607449acc222d0a56275dc75a1e10e091,0,3,0,10,4,0,0,0,0,0,0,0,0
3efe7f5b10000b0ecadbb8a3bf2d4f964d21a980,0,0,1,1,0,4,0,4,5,1,1,0,0
4099975ee986a9988a26bfaa5c2a4133da41fcba,11,0,0,0,3,0,0,0,0,3,0,0,0
40ab6f0741c53e5a5987f389e9fc108e57f4eeca,1,0,3,0,0,3,6,1,2,1,0,0,0
40f5febdd6960ad323c24d825baa133dc041a0b0,0,0,0,1,0,3,5,2,0,3,1,2,0
4117f1fb92a019e51d76d3f47102e7f9ad3ed7c9,0,0,1,0,0,5,6,0,0,2,2,1,0
41293f73703a0f19d9820169aa34a8835cbd690b,14,0,0,0,0,0,0,0,1,0,2,0,0
412bbc1dfdeafcefc73e4e2ea93d5e639fc579f4,0,0,4,2,0,2,1,5,0,2,0,0,1
42e6c216a0699491695f00eb13d3c6375432114c,0,0,1,0,0,2,4,7,2,1,0,0,0
4494352189b45c90090f7a6418ac6ecb47a3b683,0,0,3,0,1,3,4,3,2,1,0,0,0
44b5d90382a3c476a95d6fd103bb20b95dead982,12,0,0,0,0,0,0,0,4,0,0,0,1
44bcd1ba718cd303c679471f2667fa767a86e523,9,0,0,0,0,0,0,0,3,5,0,0,0
45aaef94ebb07e5717bc3e51282767396bab0f57,9,0,0,0,0,0,0,0,5,3,0,0,0
463c667891ecbe805c6beee1b5bc3ffc48dd7b9a,0,0,0,1,0,7,4,2,0,1,0,0,2
46451f8dc52ed491dc06394bab84d36dd918dba2,11,0,0,2,0,0,0,0,2,2,0,0,0
46f6e3ce637f256d7265b83257f6ebe0eea30b48,0,5,0,3,6,0,0,0,0,1,0,0,2
47d9395b957227f0ea68f97296899104a2de2738,0,0,2,3,0,2,3,5,0,0,0,1,1
47f5a509b712e3babea8dc7ddee77f807382911d,0,4,0,10,3,0,0,0,0,0,0,0,0
49cd1565141a691e04540cbf841362a1615b279a,0,0,0,0,1,1,4,3,2,1,1,4,0
4c554282dbf51242247b491b4f4da3a945a1f04c,12,0,0,0,0,0,0,0,1,4,0,0,0
4e12cd16313adc8d687c091dd185454bb420c20a,0,5,0,8,3,0,0,0,0,0,0,0,1
4e53b076d9dda8184eb0a170f58cd8597812bb5d,0,0,1,1,1,3,2,2,2,2,0,2,1
4f8053222fcc4761bd91d4c5a40f20b80186b3e3,0,0,1,1,0,2,5,1,0,0,2,1,4
50886527e4ff1399a83b4d34a33c0d0f81c67320,0,0,1,0,1,9,4,2,0,0,0,0,0
51265c28a79ac784a49b17f7b154a75eec299271,1,0,0,1,1,6,1,1,1,4,0,1,0
5129fbbdd4df0d8159635e95a31d3b8ed6180eec,0,0,0,0,0,1,6,4,2,0,1,0,3
52e998b6e130ebae5ac885bba7cd451847eeff0a,16,0,0,0,0,0,0,0,0,1,0,0,0
53f34c41a22bac5e01344e29b7b6f23f4d65a37c,0,2,1,2,0,1,1,3,1,4,0,1,1
542872463a8de98716d711d78681ca84530485f6,0,0,3,1,0,4,2,4,0,0,0,2,1
55a23b4cb48d56196a1cdbe163ca456e83f6e8c0,0,0,1,1,0,0,2,5,1,4,0,0,3
55fa45639c9d46601d2e6740b9214be1d9415188,0,0,0,0,0,3,6,4,1,1,0,0,2
560d01ea7c945ca66683b83566f99fc5ba502e8d,0,3,0,5,5,0,0,0,1,0,0,0,3
5735a29504124e86ae3ec9cde53efeecce9cc2bd,0,1,0,7,9,0,0,0,0,0,0,0,0
57569e69e6e01e318adb3ee4eb811bf3e217e8d3,0,0,0,0,2,2,0,4,2,6,0,1,0
5787869690adbd12312cb2ec9e1169a9c54f3ae1,0,2,0,1,11,0,0,0,1,0,0,0,2
57f22c9f73b6290ec284ef91527a350fbb489e1e,12,0,0,0,0,0,0,0,4,1,0,0,0
5877b8559b2e62293c001f615a45d5d622435fcd,0,0,1,0,1,5,4,3,1,1,0,1,0
58d993a6037c726ff424814fc080680a1b01e85f,0,0,1,3,1,4,1,2,0,2,0,1,2
5a48db908fa02816f23d83254ec068e19cadce8d,0,0,0,1,0,0,2,3,4,2,1,3,1
5a60978b09a18671e8b4b9e69b954801e6e78af9,0,0,1,2,0,2,2,3,1,3,0,0,3
5b22ea8cb46b13ae560f1aa956652cc031eed754,0,0,2,3,3,5,2,1,0,1,0,0,0
5bf2f9d1f242026a6798249897b6fb3b19dfc4dc,0,1,0,9,5,0,0,0,0,2,0,0,0
5c49144d460600b06050d4484e477b8ee331ab8e,0,0,1,2,2,4,2,4,0,0,0,0,2
5cf94844d9ae0da2d311430ef564e29af9a2bc2f,0,0,3,1,0,5,1,2,0,1,0,0,4
5d8dfbf02dd2f6fb610d2a7fb231559d8c10404d,13,0,0,0,0,0,0,0,3,1,0,0,0
5dac1b9ef02540ca3a5a8090a45b835049b7c8ec,0,5,0,5,6,0,0,0,0,0,1,0,0
5e389d51f29e07a57a47a53e6794f2aa73708ef8,0,0,1,2,0,6,2,1,2,2,1,0,0
5edb21cbaa9a15bedf6ec5c1d9aaa8082486dc24,9,0,0,0,0,0,0,0,2,6,0,0,0
5f460db63a2fc8d6a44a03bea9d7a9af54901a1e,1,0,0,0,3,0,3,2,1,1,2,2,2
5fc07dc8e8079f3803cb81244b7f9a222b38cfed,0,0,3,0,0,5,3,2,0,2,1,0,1
5fda2f7f7995524cbaf794d4111b0193a49815a3,0,4,0,6,4,0,0,0,0,2,0,0,1
6215afc8594c57900798fa773a702837c5088030,0,0,3,1,0,6,1,3,1,2,0,0,0
636e01ec53cd49f0540dfb70522eea2dafb18e83,6,0,0,0,0,0,0,0,5,6,0,0,0
650fb5492d399fe51a6fd8e187807378ac36dc71,10,0,0,3,0,0,0,0,2,2,0,0,0
667ac941c27907f04ef2128200d964c96d0e592c,0,0,4,2,0,8,0,0,0,1,0,1,1
66e0842229e5f559372c431b11772c07400329e1,10,0,0,0,0,0,0,0,1,6,0,0,0
681d1e32193712c2db488e96969d5d75d58c4143,0,3,0,6,8,0,0,0,0,0,0,0,0
6852600a4cf8fb092d32129610f1a50801bf67be,0,0,0,0,4,1,3,0,1,2,0,5,1
68b1593595a400ecdf1afe02676e2b88f4976472,0,0,0,0,2,2,4,2,2,1,3,1,0
69418bcb0c295c9490b8bc208b0db24724c3fac8,0,0,0,3,2,0,2,1,1,2,1,5,0
69539e582f6949abed5b34379b3a3fa241666ad0,0,0,1,3,0,5,4,2,0,1,1,0,0
69cd7f87ac4e08aaa103295c75389b56ff56d8ee,0,0,2,1,0,6,8,0,0,0,0,0,0
69d126c4803e87b661ca8de1e9c9a13004848b86,0,0,0,0,2,2,5,0,0,3,0,3,2
6a6d9cc7e718f5fe258e2d0d61858a340b2dc3df,0,0,2,4,0,2,3,2,0,4,0,0,0
6ab8d757f7edc2af8dccdd65c21e8c26c758096f,0,0,0,2,1,4,1,5,1,3,0,0,0
6c2b021c86213d8e9eec4d91c477e70b22cf40d3,0,3,0,7,4,0,0,0,2,0,0,0,1
6d7e7c6170693f4ec76037ce825cc111a5af54c8,0,0,5,1,2,1,1,4,1,0,0,0,2
6da88cf19a10c1b3d622fc141a1445e6176c89d9,0,0,1,1,0,5,4,4,0,2,0,0,0
6de70a1280b4d323ec2d22f69edd18142be5cfb9,0,0,0,1,1,2,4,3,2,1,2,0,1
6e6275ef388e8fb39698004d730fad51fc57b2f1,1,0,1,1,0,3,2,2,2,1,0,4,0
6eb38d88fac6bce6beab89ff5f0fa240a26bb0b3,0,0,1,2,0,5,0,4,0,5,0,0,0
6ffa458d30092e6d18919610ac98acbd879ef84d,0,0,0,0,0,6,6,4,0,1,0,0,0
7090a9b4706583accb4a12d2d8fbef368532b919,12,0,0,0,0,0,0,0,2,3,0,0,0
7135889d4f74e4b956c3f24e2e0d3d5cf22551be,0,0,2,2,0,4,0,3,2,4,0,0,0
71393b47686d0ba7dcfa07b995760fd0c72ededf,0,0,0,0,0,3,1,4,0,4,4,0,1
720202589552c1539a9e84e8ade4e6cb1a11d06e,0,0,1,1,2,4,2,3,0,0,0,0,4
725ead8d3452fe93870a4cbba687fcebcd85d275,11,0,0,0,0,0,0,0,2,4,0,0,0
7321dec021b98aec1d223b290dc4f734bd4266be,0,0,2,3,0,5,3,2,0,1,0,0,1
755d905ecd75fe505d5c4eace55c505a5ffbada3,0,12,0,0,3,0,0,0,0,0,1,0,1
758f82b67c1e5cf7100c38c8a7e7375ebb6cae6c,0,0,0,0,3,0,3,7,0,2,1,0,1
76deb27024d190e40c46abb15cdb5d452ba21d3e,0,0,2,5,0,5,2,0,0,1,0,0,2
77aa7806b21ed1fe0f36780dadae3cc9181fd8ad,11,0,0,0,0,0,0,0,0,6,0,0,0
77d851e382fc9a52a85b9dd18c83d9492ad7e3cd,0,0,0,0,2,3,4,0,1,2,2,1,2
7858b66095a065c1d35432d5867085542fdf75dc,0,4,0,4,4,0,0,0,0,0,0,0,5
79a1d1c86b799354c2bde2d3454c0e16297542b9,0,0,0,4,0,0,5,4,0,1,2,1,0
79a25e538f3e754490b36df8e7c47c5de5d8f71c,0,0,0,3,0,5,5,4,0,0,0,0,0
7a2f67a1dbcabd316dc6919336ad3b35250d0176,0,0,3,0,0,7,2,1,2,1,0,0,1
7ad7b2c44df35e900ab1b4b3da128ef6dc21995d,0,0,0,0,0,0,4,1,0,1,0,5,6
7b45bc41552c12907b209154480ab9074ec04db9,0,0,1,1,0,2,3,3,0,1,2,3,1
7bf13e54ad420e2ad9f7f03771d1a4aea25d93d5,13,0,0,0,0,0,0,0,2,2,0,0,0
7ca515fe95264a516372c25126940bb2de6537bb,0,0,0,1,0,1,4,1,0,2,0,4,4
7e27a41a5af326b3689d21c71b2ced1fad44507b,11,0,0,0,0,0,0,0,1,5,0,0,0
7f0510ff2f53d0454398c46165e97cf660f18501,0,0,3,0,0,2,4,3,0,1,0,2,2
7f429201346966488b5bf49f7150ba7f99db66fb,0,2,0,9,6,0,0,0,0,0,0,0,0
7fde2687fab425f0746d7dc148fd022b97d886c9,9,0,0,0,0,0,0,0,6,2,0,0,0
80e96a2d84629e62d29fab36779b9cd8ebd767e7,0,0,1,3,1,4,1,4,3,0,0,0,0
813f601ad3579715d318dffe6319acfa4fd89c7e,6,0,0,1,0,0,0,0,3,6,0,1,0
81abbb9a1edbd44c41d751dc677b30ad40d4a1bb,0,0,1,5,0,1,0,2,1,1,1,5,0
81b9e062d47b3af7c281f16d8e5732c887bac29f,0,0,0,0,0,6,3,6,0,0,1,1,0
81fd7b9d8176599d87ca82c3eec5a8bf88abc054,8,0,0,0,1,0,0,0,2,5,1,0,0
82d07ab543d239730802f02e76a4051af46d1249,0,4,0,7,5,0,0,0,0,0,0,0,1
82d096c1c1922442033ed99aa9b70549ed1131ae,0,0,1,0,0,8,0,3,0,2,1,0,2
832fee7f117f1cf9b7b82cd7d392264b3666cb46,0,0,1,1,0,4,3,3,2,0,0,3,0
879750bf79cdbfa6a8690905e04f0c3b726d7d33,0,0,2,2,0,1,4,0,1,2,0,5,0
885b331d731c80facd6dfe0f310c2217cc888540,0,1,1,2,1,5,1,0,1,1,0,1,3
887b1d20da84631630a9d35447e83ae9edf30b49,0,3,0,5,3,0,0,0,1,4,0,0,1
88d21bb361d572cb6f25df0a9f9c0f6285aafa51,0,0,1,0,0,3,4,4,0,3,0,2,0
898b48f402aa57fcc4b7f870419760b551ceae06,14,0,0,0,0,0,0,0,1,2,0,0,0
89a3fadd18d26e73834fa2a19aa23b22cd750fd3,0,0,0,2,0,0,2,2,0,1,2,4,4
8a988b67284eddf5483f40cc5836183b7bb3bd22,0,0,1,0,1,4,1,3,0,1,0,4,2
8ab419c0a911d12abdbdbb5438a5675e80b421b7,0,0,2,0,0,7,2,1,0,1,0,4,0
8be5f31c403d6fc63d1594901d5e30d1f580bc29,0,0,0,1,2,0,2,2,2,2,1,1,4
8de95b13225191ce6fe57f1aa46511846a375ec5,11,0,0,0,0,0,0,0,2,4,0,0,0
8f5b20c9e17d7f0b893a713c999f376ac44256ed,0,0,0,0,1,7,2,4,0,0,1,1,1
91d68c687869429740d57e24511fbd5132313669,0,0,1,1,0,6,0,5,0,1,2,0,1
92df0c3735642d3ae12f56dc237684d57d4d1f64,0,0,0,3,1,0,3,0,0,3,2,3,2
934428dd3892a5f17e33c4ba1eda61f2753d4e61,0,0,0,2,1,2,3,0,0,4,1,2,2
93b5f768973d174bb0810fdf594d9c862ee3fb10,0,0,0,6,9,0,0,0,0,0,1,0,1
93ea41569760c5b490e19e7a0ff33f7ca68f07b7,0,0,0,2,0,1,3,0,1,2,0,4,4
94371516a950c4d79d1a91304ca1ac8cee7a8305,4,0,0,0,0,0,1,0,0,12,0,0,0
94394129ca878e8dcffe466e43252f4acaaa2019,0,3,0,4,9,0,0,0,0,1,0,0,0
94bd3c73ca1f93114463de230775326b4fc7de52,0,0,5,3,0,0,2,5,0,1,0,0,1
95175847e23f87aaf5f8651c79f67396f4c0283f,0,0,0,2,0,4,4,1,0,1,2,0,3
95aa8a3b6c5959c62a9636a3a3a920f127da0922,0,2,0,3,11,0,0,0,0,0,0,1,0
95eb9523319f5dfd50968b1ab80fdafef9f45023,16,0,0,0,0,0,0,0,1,0,0,0,0
966a3a0577436b81785f7df48d812d003a395f4d,0,0,0,0,0,2,3,7,0,2,0,0,3
96823fe29b25d3fd9c576f705b19849675c3a309,0,3,0,10,2,0,0,0,1,1,0,0,0
975bd4f325a6a3e075b162f323de173384604f4b,0,3,0,3,7,0,0,0,2,2,0,0,0
983ed68a5b6b45ae119145137b1b41e8dee7bb43,0,0,0,4,0,3,0,3,1,2,0,0,4
9acde346c84292cfc971dcec211fa6baede74948,0,14,0,0,2,0,1,0,0,0,0,0,0
9af4fc4c53b2bc3ee19367aaa8d69ae8808c3095,0,5,0,6,4,0,0,0,1,1,0,0,0
9bd509fca2251d699dedfc8ea3dbe356619381fe,0,3,0,8,5,0,0,0,0,1,0,0,0
9cf702806da26dfcd374a2bfef9cddb9ef7e0eab,0,0,2,1,0,6,2,0,2,2,0,2,0
9db20eb3d7edd28094f95f54452ba0535c2608ca,0,4,0,7,3,0,0,0,2,1,0,0,0
9f8ce7a870f221204f0ef9a7aa135befcf42753a,0,0,2,1,1,4,2,2,1,2,0,0,2
9f961ac1d41371db33a77baa28647342baaad9fb,0,0,0,2,0,8,0,3,0,2,0,1,1
9ffacc261047f0f97f0d6a7f0d4118a5f1293a94,12,0,0,0,0,0,0,0,1,4,0,0,0
a1a12459fe1ac139e91aa459ffca241c1ceaa8e9,0,0,0,2,0,2,5,6,1,0,1,0,0
a237cf907b5669171a609400ffa2e4dc6592b634,0,0,0,2,0,3,4,3,1,0,0,0,4
a35680bd0707b9519bdef8e525139d6b1c1c47e4,0,3,0,5,6,0,0,0,0,0,1,0,2
a389af8c9e01fa2bb3f7cfa73db4e6a235077193,0,0,1,0,0,7,4,2,2,0,1,0,0
a475794e4b0dc145120b647780dfd3111279bfa5,0,0,1,1,2,4,3,1,1,1,0,1,2
a5dfa48bfb535c9eeb469f846b7bf37652b5df3f,0,1,0,3,10,0,0,0,0,0,2,0,1
a64b7a2af7bfdef50ca0f0d9559ad3954eec0f1a,0,0,2,2,4,2,1,2,1,0,0,0,3
a65b3def6cfa9b0e4774f8bb210a80b509380619,0,0,3,0,0,4,4,3,0,1,0,2,0
a855b7a87640221731bff1799a0c4bd84847b204,0,0,0,1,2,2,4,1,1,0,1,3,2
a99ada603558bcb97afce4bb63a8a4358a3a67cd,0,0,0,1,2,0,3,1,1,0,3,5,1
aa21094373297871f2adefaefd4b1432043fb84b,0,0,0,1,1,6,0,5,2,0,2,0,0
abf469b795a9caab18024010e40b78f0bd505e54,0,0,0,1,0,3,3,2,0,3,1,2,2
ac1b35379eaa0b81fc8a7b2c7276a6243eee3c55,0,0,0,1,0,6,2,3,0,0,1,4,0
ac45e2a18f8f54cf3b4882a82ec2e608cd96766c,0,0,0,0,0,1,5,2,1,3,1,0,4
adc088f852ba0ab8093a1de689fb6860255276dd,0,0,0,0,2,1,1,2,0,2,2,6,1
af04736289fd4f4eb5acfd6572066a8a36d9cb06,0,0,5,0,0,5,3,1,2,1,0,0,0
af20e283aa3eb880c9f81083ec5765478353159b,0,0,2,0,0,5,1,5,1,0,1,0,2
af3c57756389fcbf41fa96dc3845c2b11f05d6df,0,0,3,0,0,6,2,3,2,0,1,0,0
afabbbbae52b9b45fc77ad97cd0231cf5678df86,0,6,0,5,5,0,0,0,0,0,1,0,0
b036147213d6d57c61af1b68b6d94104ea8256f9,9,0,0,0,0,0,0,0,5,3,0,0,0
b165771b3cfa475814ed933ee92cda2761c4b057,0,1,0,0,10,0,0,0,0,1,2,0,3
b2b40b971ce04e4e0503300366e0de754b4cfea3,0,0,0,1,3,1,3,0,1,6,0,2,0
b38824050a2ab34c22a508beae3ec6cdec7c1a66,0,0,0,0,0,7,4,3,0,1,0,0,2
b3f10cf997183a7ea9e372cfdd49ca16b5d8c035,0,0,3,2,0,1,1,5,0,5,0,0,0
b4adba8d610dae9be685d91b7900dc93249e2e73,0,0,0,1,3,0,1,0,1,2,2,5,2
b62cf9be442c984308d9d1933b2bba9b86e63301,0,1,0,4,7,0,0,0,0,3,0,0,2
b6e4152e5d2d15f73e37f3ec348a076b84e9f2a2,0,0,0,3,0,0,1,0,0,1,0,1,11
b74606ef07ddc7273aab6c3700a24e5d9f46c84d,0,5,0,6,3,0,0,0,0,1,0,0,2
b7c6fd30abc1b8704a812fbbb7eab90eb919addf,0,0,0,0,0,1,5,4,0,1,1,3,2
b98a42092c95ccf32eac308b1d0ae659265c3f30,0,0,0,3,0,7,3,1,0,1,0,2,0
ba656d0a2906af28c50789720617213e8b67ec04,0,0,0,1,3,4,1,4,0,3,1,0,0
baa9e588f742c9952b1200bb275b7c6507d3d2bd,0,0,2,0,1,5,2,4,0,0,1,2,0
bac8dfd15a8efbe844600261eb002a33a2c8f86c,0,0,1,1,0,5,2,3,0,4,0,0,1
bbf5376daaa8c1f6baef0524a8339d37d0aff0f8,0,0,0,2,1,1,7,4,0,0,0,0,2
bc101b96ffa1658b3f53ea1613a7b70d81504d09,8,0,0,0,0,0,0,0,3,6,0,0,0
bcdaa5a8d97612f8184c49dc561ff85f2332d9e6,15,0,0,0,0,0,0,0,0,2,0,0,0
be00d6c1ffa244de8f31b335473a9ac4f32e6345,10,0,0,2,0,0,0,0,3,1,1,0,0
be375b8aced8cff1fa0e080dfe3d88b8f97ba4e0,0,0,2,0,0,8,0,3,3,1,0,0,0
bf6012dea28a8e9a2635efed7207350088a5b8b2,0,0,0,0,1,2,2,4,2,0,0,2,4
c0972292e933465726f65e5e2517b86a25e69c35,0,0,1,0,0,4,3,2,0,3,0,1,3
c1fe20c3c8bd16f3538f8c0c057ee2744df7c8a5,0,0,0,0,0,3,3,0,0,3,1,1,6
c32062fb68630bad4bb928f67ec3354e22c133c5,10,0,0,0,0,0,0,0,2,5,0,0,0
c35caee523fa0cac5e667dc8aedfa13a4548efff,0,0,0,1,3,0,5,1,1,2,1,1,2
c768471db65cbd3fac52f1c54215e7d1f9ce81fc,0,0,0,0,0,4,3,0,3,3,2,0,2
c768c7d991d74490986202641f9e166d1a0d1fca,0,0,2,0,0,2,5,1,2,3,0,2,0
c7c8c019124261c43f54f1d522b261873f594721,0,0,0,4,1,4,2,0,1,0,0,2,3
c810a6b4d81154b29d982b0ddf64548076d76f03,0,5,0,2,8,0,1,0,0,1,0,0,0
c8dce4ac50aebae8f11589463db3af7ca568fca8,12,0,0,0,0,0,0,0,1,4,0,0,0
cb075c0d6e22826b9bade5b66d26ac1e5f0f1727,0,0,1,2,1,5,4,0,1,0,0,0,3
ccac378a2f4b0c532b389e2bbc8b51ad3f3c3d77,0,3,0,5,7,0,0,0,0,0,0,0,2
ccf52215c5a118ff5f2eadd026d4eb06f11fe980,0,0,0,4,0,3,3,1,0,3,2,0,1
cd2dfe349dd37c873d6ef5f0b3583b5cb79fecba,0,4,0,8,4,0,0,0,0,0,0,0,1
cd7743a7feec374b97e1d149a2a23cb5b6586e50,9,0,0,0,0,0,0,0,4,4,0,0,0
ce11c0775d2481a637c20376812177ff3ffa46d0,11,0,0,1,0,0,0,0,1,3,0,0,1
cead10c5ba47b189c62aa99f6f63a85907b4dae5,0,0,0,0,0,3,2,1,0,2,1,5,3
cee0d047a6011b3651dc8a72b54aeaf902e20182,10,0,0,0,0,0,0,0,4,3,0,0,0
d13456992bf9e7463ff65c617a03d80aa0397961,0,0,1,0,0,10,1,2,1,1,0,0,1
d162c2658426f376e26899d653ab12bf62e6c237,0,1,0,2,10,0,0,0,0,2,0,0,2
d199871c72bb78c7c9c971279c184a12a66422f5,0,0,0,1,0,3,4,3,0,1,0,5,0
d1e1239b9e51646fb93ecbd071a58f6d0df7083c,0,0,2,0,0,7,0,1,2,2,2,1,0
d232702cc7398a1a2af7332f0d886f39f14be728,0,0,3,1,0,2,3,5,0,2,0,1,0
d2fa79256da251599b15e84c4706275fb4c92c80,0,0,1,0,0,3,7,1,0,1,1,1,2
d2fa835a76f0c1173be0373e36c033bfba8c6302,0,1,0,2,13,0,0,0,0,0,1,0,0
d358183fa809d412c732745ed4c3799be4285348,14,0,0,0,0,0,0,0,0,3,0,0,0
d374250adaf152c9537c4699d39a6254cc2719d7,12,0,0,0,0,0,0,0,1,4,0,0,0
d375c062523109aa36db798ea149b3097f45a8cc,0,0,1,1,1,3,3,6,1,0,1,0,0
d397982faeb854af1be7177881b6ba8f76043b05,0,0,1,2,0,3,2,3,0,1,1,0,4
d3ce8fc1f29c414a5893b99149b9d22bb3bbae12,11,0,0,0,0,0,0,0,1,3,2,0,0
d42959bc7388d870ea66ac1bdbc84ac5ac9ce8ec,0,6,0,4,3,0,0,0,0,1,1,1,1
d4ffac74324c2ba06a0100f25631ec5410bc89ec,2,0,0,1,2,6,3,2,0,0,1,0,0
d51f3a664a7a8a21f3819cfbe282e227c3aac8a3,0,0,0,1,0,1,5,1,2,1,1,2,3
d5ec089696549696d18c1718e5a2dda2e607de48,14,0,0,0,0,0,0,0,1,2,0,0,0
d62424d737ceb9d81cc11aaea5083da9827caec4,0,0,0,0,1,0,4,0,0,2,2,5,3
d706a36b0fb87b6b43b6f37a2cbdcc46737f35bd,0,4,0,4,9,0,0,0,0,0,0,0,0
d7d5f69488af2cf2ffbc583019467059d1831041,1,0,1,1,1,4,5,0,0,1,2,0,1
d8346d7a1c499bdc4839faf6e456e72399d5fe4b,0,0,1,2,0,6,1,1,1,2,1,0,2
db4ed1661230a462bef32913c151efc179533331,8,0,0,0,1,0,0,0,5,3,0,0,0
dbde3f09cbea47d39b49fee9e2a00df4be956a6a,0,0,0,5,9,0,0,0,0,1,0,0,2
dc1434488b21318c3dbaaf85de90ba9afe0ea9c2,9,0,0,0,0,0,0,0,2,6,0,0,0
dc5b81f5b9cf54db7dcb09246f59d0e599c77987,11,0,0,0,0,0,0,0,3,3,0,0,0
df0cdeb4d42e3cea3444600a037ea4bc73082afe,0,0,0,6,8,0,0,0,2,1,0,0,0
df8ce2bc51f08202ee5d75a0de666886240a9d09,1,0,0,2,0,5,2,3,1,1,0,0,2
e0c40b0a1a902fd5bdcd1d41b6a6485cfc43d8ae,12,0,0,1,0,0,0,0,3,1,0,0,0
e12c18143c47719968684452326ff9bc1b361857,0,0,0,0,0,1,5,5,0,2,2,0,2
e29714a365b7fdc1ee0388fc4cdc3739376a0276,0,0,1,3,0,2,3,3,0,0,2,2,1
e35dec9a0a4df49c218111e250ac66f128ac00fb,0,2,0,6,9,0,0,0,0,0,0,0,0
e3aeb15c2a9f6a3c85bd2171c56e36c04dc7a6e3,11,0,0,0,0,0,0,0,2,4,0,0,0
e3ce4bc202cdea594c8ecbdfd818ac05a537bff2,0,0,1,2,0,7,1,3,1,0,0,0,2
e450848bd90978a5e855596a7692b3c2118c98ba,0,0,1,1,0,8,0,2,0,2,0,1,2
e54bdb29c3cf12767acb3aa1368afd53be6259ed,14,0,0,1,0,0,0,0,0,1,0,0,1
e57327633ed6e3b5605dfc3ad42817c8095d5acc,0,0,1,1,0,3,2,5,0,3,1,1,0
e60ada16ad168a64566d889d48935891cd75f8f5,0,0,0,4,0,7,4,1,0,1,0,0,0
e647b27911d70af4fc45e0427355490c3a5a7657,0,3,0,5,9,0,0,0,0,0,0,0,0
e7b5b945212e490a94ba279efc0e1bad744657ef,0,3,0,7,5,0,0,0,0,1,1,0,0
e7d0db3f51bff108763b76a374c6c3c84b9ffa1c,0,0,3,0,0,4,2,4,0,2,0,1,1
e9130ea475779ba604d51c9bc7abddea81428029,10,0,0,0,0,0,0,0,3,4,0,0,0
e938db4a6e79f7cc195313b36126f63ca43ba4da,0,0,1,0,0,4,3,5,0,1,0,1,2
ea481eeff36a693976e6d4cb2c0829b584cec095,12,0,0,0,0,0,0,0,2,3,0,0,0
ea799b05d9eead7bb513d63425bef3de85854277,12,0,0,0,0,0,0,0,3,2,0,0,0
eb739e511b745cf2a12f92669ad459f4b7c227de,0,0,1,0,0,3,4,4,0,2,0,0,3
eb7ca8380c52edc459223e8ac02d277c314d293f,0,0,0,1,0,6,0,5,0,5,0,0,0
ec0efdaf3b6c8a0b6ebcba50eca67885f61536d2,0,0,0,1,0,1,4,6,0,2,0,1,2
ee83e0dc9fb88e471f402edc92df8b6bffaf3713,0,0,0,0,1,0,7,1,2,1,1,2,2
ef5f518f5b83959c655b684db4658d74a05b157e,0,0,0,1,1,6,0,3,0,0,1,3,2
ef85ac59fe56837dcbab592acb79db11b5f8dc00,0,0,0,0,1,2,5,6,1,0,1,1,0
f062d1472ad71484c12f3246fc8863c6fa2de17e,12,0,0,0,0,0,0,0,1,4,0,0,0
f07b17ae413ea93255d8e8ac103bd72e68b6c518,1,0,1,0,0,3,3,5,2,0,1,1,0
f0fd0ab328cd2f551ad216ed7498d8a556bc3102,9,0,0,0,0,0,1,0,4,3,0,0,0
f1d99fca26fc8dc5c2fdc8351a17ad8b9ca18dc1,0,0,0,0,0,5,4,3,3,1,0,0,1
f29a564b07d15a249c1a73536f460af0505f4f34,14,0,0,0,0,0,0,0,2,1,0,0,0
f2cd07f6516c5789e275df8a9e42a81d1a14a4d9,1,0,1,3,0,9,2,0,0,0,0,0,1
f2fb4f38cec49ce51e27f1971e38773bd2a61600,10,0,0,1,0,0,0,0,1,4,1,0,0
f3185f68a9dc5f48f93b88166ffca928c94e97be,0,0,0,1,3,2,3,2,0,1,1,3,1
f34a3697629714cebdd3626d2912d388ad8da425,0,0,3,0,2,4,3,4,0,1,0,0,0
f3d18a97771b736e9fc22f3ec9ff03ad2533dc56,0,0,0,1,0,1,4,1,0,2,2,2,4
f46774957270fc02d42d525a23d6252fc7ada4b8,0,0,0,3,1,1,1,1,2,3,2,3,0
f50b899ed428ed068f6595179a142588009260db,0,0,1,1,0,3,6,0,0,2,0,2,2
f78ea13dd36089e9377a5f4a8eebd14abb5b6d5f,0,0,1,0,2,7,0,5,1,0,0,1,0
f7eecabe8c9a70b2ab06aa95afaf86a96e3eb748,10,0,0,0,0,0,0,0,3,4,0,0,0
f8456144e0920fcb8862e5b85c45f906cd3ce60a,0,2,0,5,7,0,0,0,0,0,0,0,3
f8a30e4a26e4711cb8c05f63415f8d25bc4a4ceb,0,0,0,0,2,0,3,0,0,1,5,5,1
f9569f06eacf88d3cc1ace2c3dae07986105732e,0,0,0,1,2,0,5,0,3,0,0,5,1
fa5106db189b581d62e070403fdfed1489c56b92,0,0,1,0,0,6,8,1,1,0,0,0,0
fb09e4f0b8bc6cd17e2d34bcf516f8d425f3e51d,0,0,0,1,1,3,1,2,1,1,0,4,3
fc64318216efb56b3714d183326ea3430a40d723,0,0,0,5,10,0,0,0,0,1,0,0,1
fe71e2e02a3fc03c2d8093395f236af637f33147,0,3,0,4,9,0,0,0,1,0,0,0,0
fef4175d33395de03f8cae0e7c3d08cac5d5b9b4,10,0,0,0,0,0,0,0,2,2,0,0,3
ff1337ee2992aaac631c1976a1866bac73ce9daa,0,0,4,1,2,3,2,2,0,0,1,2,0
ffb896fcbbeb4bea0feb79192b2ad28d4b0e9dad,0,0,2,1,1,3,3,4,0,1,1,0,1
00000452b81a2894888411b659217469d3e63490,11,0,0,0,0,0,0,0,2,3,0,0,0
017bbeac4ff2946ddc0193faffe59233a13ffd5a,0,0,0,0,1,6,1,4,0,2,0,0,2
0182605a76d81fef0fcd4268b6b9cda233d3a003,0,0,1,1,0,1,6,4,0,1,0,1,1
02216ff3493323870092c8ec2ceebb2300a2bc60,0,0,0,1,0,3,2,1,2,2,1,1,3
0327dc72d79ea192c680f93be35ce7b1d63bed85,0,4,0,6,4,0,0,0,0,2,0,0,0
03e7aa9679d99398b2114f7ae0684554631e8555,9,0,0,1,0,0,0,0,5,1,0,0,0
042e48e244d0ac92b1a1c99f472f468357147e18,0,0,1,1,2,5,4,2,0,1,0,0,0
046c4a53471657c7a5481a89989480d0b81d425a,11,0,0,0,0,0,0,0,4,1,0,0,0
05cd8a633c7acce30b369f848af394b978fbe683,0,0,0,0,0,1,3,3,0,4,3,1,1
05e77b7b6e2b29b5752ee0ac6c46d8342483266f,0,0,0,0,0,2,7,2,0,0,0,0,5
061059ecf1cdd0dc529ffc042948defba8b3264f,0,0,1,3,0,2,3,2,0,3,0,1,1
069a34ad45779a28a237d702e99a4a62bc904de4,0,0,0,1,0,7,3,1,0,2,0,1,1
07334b273ffc7f07f7f7ced6a5d46de439c125ab,0,0,0,4,0,4,1,1,2,2,0,1,1
074498f4b71bbc6979e06ae9adf9e5a50af12240,0,0,0,1,0,8,2,0,1,1,1,0,2
07799507b7ed6804e1489a866dbaff1c7b2e7b40,0,0,1,2,1,2,4,1,0,1,2,0,2
085f2edf5b28d2ab2cfb86670db64203eed23ca4,0,0,1,3,0,0,2,4,3,0,1,1,1
08b3a2d852ece15d6ade4845c3e37a39e6da0063,0,0,0,3,0,1,2,0,1,1,0,1,7
08c3262556361cd49c335015c6e170929ab42514,0,0,3,2,1,2,2,0,1,2,0,2,1
0a1cd9df488bb3cde7ece0ada715c25463df72f1,0,0,0,0,0,0,4,2,0,3,1,1,5
0a3b96cfc2f262eacba6a89b36c46f3c230bad79,0,0,0,1,0,3,2,2,1,2,0,3,2
0b4c6d9856336683f78ae52b28e3c6c3ddfe73f2,11,0,0,0,0,0,0,0,1,4,0,0,0
0ba1e892a10692e5e35e913315e1f2409af3d5a9,0,0,2,0,0,7,4,1,0,2,0,0,0
0c0d00e45340ef8c2f46723b9863c5f88311ba1e,0,0,2,1,1,6,2,2,0,1,0,0,1
0c39f6fc1ebda7419ce00bbc7ac4fe0ff1a14020,0,7,0,2,5,0,0,0,1,0,0,1,0
0cdacf131098aadcf1281230aea3f9ca9e9331dd,0,0,0,0,0,0,4,0,2,4,1,4,1
0d235a1ff29a9fb213af9598969c4dcda4be1a34,0,0,0,2,0,0,5,3,0,2,0,4,0
0e3c76700611e524a4d3e7509c0e5cb1c24389ec,0,0,1,2,0,3,1,3,2,0,0,3,1
0e40bd53756f94036f51b9d777d69523b4842d4e,0,8,0,0,6,0,0,0,0,0,0,0,2
0e71c145b19d25731d8fc8e9021a9bd882185a2d,0,0,1,1,0,1,4,0,0,2,0,3,4
0eb863f4d3ac1976c9c3757913e2ae977bc7d81c,0,0,1,3,0,4,3,1,1,0,2,1,0
0f37463ead399452ed24dc521d13ef2ef34a116e,0,0,0,0,1,2,4,3,1,0,0,1,4
0f528c61751997b7d2414045593a2d87231f1825,11,0,0,0,0,0,1,0,0,4,0,0,0
0f7b0f6f2c6bb14aac92ff32f1dd85b391556aa6,0,13,0,0,0,0,0,0,0,0,0,0,3
0fd8dce2cf583a5b285640f70999e12eabad061e,0,0,0,2,0,1,7,1,0,1,0,2,2
10c30ad42401c4815d2cf3f13704a9e9dcbecf65,10,0,0,0,0,0,0,0,2,4,0,0,0
11ea5740c4f2cad2bf9b36a3757984b58a067735,12,0,0,0,0,0,0,0,0,4,0,0,0
1247559dfca7d8d3c757b4b6701e8dc96260aa42,12,0,0,0,0,0,0,0,1,3,0,0,0
12a9f5b613f58617bdb996ea6baa2b14257e1f68,12,0,0,0,0,0,0,0,1,3,0,0,0
12f8725b0a89bda7192e6b5ba490453c836d33ea,0,0,0,2,0,2,0,2,0,6,4,0,0
13849ec3c843fd193af8df702432a19abbe9dae1,0,0,0,1,0,5,2,2,0,1,0,4,1
13dd4ff1e1c5337a0b977015c0ee796998737884,0,5,0,3,6,0,0,0,0,0,2,0,0
14a6870c247c39a94c4b6e0c2f4ddb0450086814,0,6,0,1,6,1,0,0,1,0,0,0,1
15a76b596372976d6f2e8f56a2d80f885241b407,2,0,1,0,0,6,2,1,0,1,3,0,0
15cf3a8e3b17e291e2431bdabfcd3ffb0abd18ad,0,0,0,0,2,2,6,1,0,1,1,2,1
1628599f74d5ff97f7e9394f3a4ebeb7cb741039,9,0,0,0,0,0,0,0,0,7,0,0,0
16c3bec2f4a4db7f293500fcbcf259dfc9a7da23,0,0,0,1,0,1,3,5,3,2,0,1,0
17e2edde9d03fa716a817b910e0ac1f50643dcc0,0,1,0,5,8,0,0,0,0,1,0,0,1
1817e9cf292d0b18370d6a9e7a12d4548aee550d,10,0,0,0,0,0,0,0,3,3,0,0,0
18e6d8801d96670ec7638fe1d8765362f2125bd0,0,0,1,1,2,5,1,2,0,3,0,0,1
1991bffeb9e4ab65586c61523dc35600de16a304,0,1,0,5,6,0,0,0,2,1,0,0,1
1aa686e19fc33ddc7fd3c34b359d65a960aa8122,11,0,0,0,0,0,0,0,1,4,0,0,0
1b1052117d6d401687d01b19a1127d0279b1d9ef,0,0,2,3,0,8,0,0,0,0,0,1,2
1bc86c34f5794ee6491512c17f55c33b41f39314,0,0,0,1,1,1,3,4,0,1,2,2,1
1c387cb1c54effc323d68e8767fbb078f495dcdf,0,0,0,1,0,2,6,1,2,0,2,2,0
1c64a8e73cd97d2054a3a2b784b02a25f9ab6eac,9,0,0,0,0,0,0,0,1,6,0,0,0
1c77d4cc4aa9e69b87f4723d73c7f82984d648db,0,16,0,0,0,0,0,0,0,0,0,0,0
1c9679fb4b1dd147dcd3d79ca4135e5acfac6f89,0,0,0,1,0,6,3,2,0,3,0,0,1
1c9730baaa544a61e478929c0e7137c83ac784d0,0,0,1,3,0,5,0,4,1,0,0,1,1
1cc3a708b71be8d8b63070b59108e4c222ece992,0,0,0,0,0,1,1,2,1,1,1,6,3
1dcb79b35155c126a31ebd7442f8d63342596ee7,0,0,0,2,0,6,5,0,0,0,0,3,0
1e64fc035e9dccbaa836a3efadcde67bd3662653,0,0,2,1,0,3,0,3,2,4,0,0,1
20e4bfe3f2d89778cca1a3a7b7dfb6fc9e7f5ece,0,1,0,4,10,0,0,0,0,1,0,0,0
21233b97c0b880838bee0510fe1570a255f40338,7,0,0,0,0,1,0,0,0,7,0,0,1
21dc97cdb6e8d68c2f3978372adc1007d96bc894,0,0,0,1,0,4,1,1,1,2,1,2,3
22111440c9fc07cd63ca784150deefd7e9065ac8,0,0,0,1,3,0,2,3,1,2,0,2,2
22a642690498d06a91383c89a08e8521532ce1e5,13,0,0,0,1,0,0,0,1,1,0,0,0
231214601717b7e29379e17caae1625baa9117e9,0,0,0,2,0,2,1,7,0,0,0,0,4
2387926a7a5048405c2b705ff909260fc478fc9b,0,0,0,2,0,2,4,1,0,1,1,2,3
2410b9869c790eefee7be80f8d1504a8f4ef7869,0,0,0,2,1,1,5,0,0,4,0,3,0
2538b9605a0f897532b84967bb78fb7133275604,0,0,1,0,0,5,0,2,0,3,0,3,2
2671f4a18afe89ad1fcdddb5f03c469e4ec63e9d,0,0,0,1,1,10,0,3,0,0,0,0,1
2793c5ee7cd3b45ebcfdf309cab10f348f827e2f,0,15,0,1,0,0,0,0,0,0,0,0,0
27f2dc6b2b5997e93192adf706a633c32f49788d,0,0,0,2,0,3,5,0,5,0,0,1,0
2896f250f38a81d7415cce6900ae0b5ae46bd5dc,0,0,0,0,0,0,4,1,3,2,0,4,2
28a1e5d0ae533092120ff633bdef846093b91b1c,0,0,4,4,0,3,0,2,0,1,0,2,0
2b6d1dfbb0bc8634b93e4f8a0f0cbafdcb1660d0,0,0,0,0,1,1,3,2,0,1,0,3,5
2b75d018f706b5a22f01ac4e0519035a1350c999,0,0,0,3,2,3,3,0,0,0,0,3,2
2efc8c2658c6339771be88e1cfc562754c6164d5,0,0,0,0,0,5,5,3,1,0,1,0,1
2f7973d060676e77393d97100f6504671e81a06e,0,0,0,0,1,0,3,0,0,1,3,1,7
3041ac1ef37fd9b8a307ca56dc980d21c4ebc962,0,0,0,1,2,7,0,5,0,0,1,0,0
31433bfc73666307442dac23fa0c3527156210d9,12,0,0,0,0,0,0,0,1,3,0,0,0
326ec8b13878f6a8956a182cd4190905b6115827,0,0,2,1,1,3,2,2,1,1,2,1,0
3301d45c4da6bbf8ea39720cb126fe70e668ab4c,10,0,0,1,1,0,0,0,2,2,0,0,0
330cbd0a39fe294a19b34a031cf304f360852a95,11,0,0,0,1,0,0,0,1,3,0,0,0
3374585a7a2e8ed967628166a08daddda8c77edd,0,0,1,3,0,7,0,1,0,1,1,2,0
338f9e1bbf59feb20bc1a1908883da6057ba51b0,0,0,1,3,1,2,1,0,1,3,0,3,1
33ca5993d3ccc115d077bb420d0c24b550122bd2,0,0,0,0,0,4,3,1,3,2,0,3,0
34560de82873d39f11e3fd6f2cf8c0f75cb70644,2,0,1,0,1,0,3,5,0,0,3,1,0
3488c062d2cd1a85317d954ac82a2dabcc99056b,0,0,2,2,0,4,2,4,0,2,0,0,0
348e61eba09a24cc07b506aa2999ddd4e5599a2e,0,0,1,1,0,4,2,4,0,0,1,0,3
34c129b88d2da847814541d3a541566950e622f0,0,13,0,0,0,0,0,0,0,1,2,0,0
367c15b88c930a8273135b9a016f944ec641e56a,0,0,2,2,1,2,1,2,1,2,0,1,2
368fe8f21e9ceae167c41d78de2e11c4fcccb935,0,1,0,0,1,2,4,1,0,0,0,5,2
36ca7c01190053cc032300fdcbeb046c979e2256,0,0,0,2,0,2,2,1,0,0,1,5,3
378205198154f11b9f83d539995dd13119e7c58d,0,0,0,0,1,3,5,1,1,2,0,3,0
37f613cf37c58bca9bcb03bec8d9fd99f9dcdd32,0,0,2,3,0,6,1,3,0,0,1,0,0
3828c4ebebfd8e9fc1124300237310c5058d758c,1,0,0,2,0,1,2,2,4,1,0,2,1
38350fbec2d8c05a1bb21a1f52d865edbef15d22,0,0,1,0,0,3,6,3,2,0,0,0,1
386d6abdb7edc7ca014453b388f8c9b3c7dde584,0,4,0,1,7,0,0,0,0,0,3,0,1
3915a71c4fbc5bd50f7e397a6adaa71a0843f74b,0,0,3,1,0,3,2,5,0,2,0,0,0
3928312a2dccf64a1574717425872fce3aa668a5,0,10,0,2,0,0,0,0,2,2,0,0,0
3d1029ad747aa1d82e68238898e75d69a3eafdfa,0,0,0,1,1,4,2,1,1,2,2,1,1
3ffba59f9334db970a7610488bf7d5e9527b72d8,0,0,0,1,0,7,2,2,2,1,0,1,0
4012f6e1f5a1654485a6e0cc8f6eb1de2cd38a40,0,0,1,0,0,3,3,2,0,4,2,0,1
4040fcb527a80a9ad648088053ffeb37be1d96e3,0,0,1,0,1,1,4,7,0,1,1,0,0
407c3b42a74999caee85ae624d85f0581313e3bd,0,0,1,1,0,7,1,1,0,2,0,1,2
408d6397e162fb14d514fff1b69c1ffd4b5ce497,0,0,1,0,0,4,5,2,0,0,0,4,0
4097e054382bec5ed5727608bb0952d2cc301d53,0,0,3,2,0,3,2,1,1,3,0,0,1
414426ac01f8b73b377fe45cf083238d8fd31615,0,0,3,0,0,3,2,3,0,2,1,0,2
41893630185c6cb09d294df84453e763c9d83b4c,0,0,2,0,0,5,3,2,0,2,0,0,2
419890817c031e4401c9ba7186fbeebbadc2f692,0,0,2,1,0,8,2,2,0,1,0,0,0
42a2aba3afe9ce6d3e4e85d09988f3a507637f72,6,0,0,0,0,0,0,0,5,4,1,0,0
42ed39434434740bf4101c3c367d60c6c87ce499,0,0,1,3,1,0,3,0,1,2,3,0,2
43669e1af23ccf8b7eaf362d1beac1b7160f699f,0,0,0,0,0,5,1,5,0,5,0,0,0
4574422d4a0d264ac1cdf19e9053708cc67136c8,11,0,0,0,0,0,0,0,4,1,0,0,0
46231e2058b34da0aefe17e49e8b1a111c33fb8e,8,0,0,1,0,0,0,0,3,4,0,0,0
4699d89a9564ff8c4db6ec7f3d2fa7cc85d3d6bf,0,0,4,1,0,4,1,2,2,1,0,1,0
46c884b6c93ca354eaa654f4c03d7e138ea23a89,0,1,0,6,8,0,0,0,0,1,0,0,0
47fb0e961748da1a7e2dc7fc0041164a81a67fd3,0,4,0,3,8,0,0,0,0,1,0,0,0
48b2622f53d3d35d7245f588e1f1d55e11fe7a4c,0,0,0,0,0,1,6,1,0,1,2,2,3
496cb8ef2f2b33d8c491395fcb9505b69ad2357f,0,0,0,2,0,10,1,0,0,1,1,0,1
4ab2f5dc1105de9b282f635627410a006b3dec44,0,0,0,0,2,1,2,3,0,1,1,0,6
4cb1e490f3410057e0bfbefe2d90c6c2652ad277,0,0,0,3,0,4,2,2,0,1,0,0,4
4da1137155517f96be3ba6a3b57dd6bf266f682f,0,0,1,3,0,5,1,1,0,2,0,1,2
4e402840f7ae27ecf60bba1010dff8aece769adb,0,0,0,1,1,2,0,1,0,0,6,4,1
4f19d021e99980ba88277c1ae6c1d6001c7b3a50,0,0,2,1,0,8,1,0,0,1,3,0,0
4f449f06fc0f8873b6a9956f85e09a001df7a5bb,0,0,1,1,0,6,0,5,3,0,0,0,0
4f67c15a760c152050695ed1a0dc54760f5df68f,0,3,0,0,11,0,0,0,0,1,0,0,1
4fc3e9c7e3dbe69d288575a96ee205990f3c7d6c,12,0,0,0,0,0,0,0,0,4,0,0,0
5020e0d5f2d0f62066b85d9018fbda34fb009d4f,0,0,0,1,0,2,6,1,0,1,2,3,0
514a498ade12c1231a8338a68fa7d960217fd42d,1,0,2,2,0,0,3,0,2,1,0,5,0
51ecb3049720fa1da8d9c1c0fa01c54958694d70,0,0,0,1,0,0,3,2,0,0,3,6,1
51fc0cf4709c8f04f0365310c927a3826fd42a84,0,0,2,0,0,8,1,2,0,0,0,3,0
520f04bf36773af8ac95e5919f31fabdf1cd41a1,0,1,0,0,0,4,7,2,0,1,0,0,1
53027477c4b6cf4ae2d0256dcfdf4eeeda245c30,0,3,0,3,5,0,0,0,0,1,2,0,2
53ad69937ce609716b4e2c24f2c4591ae6090351,0,0,0,0,1,4,3,3,0,0,2,0,3
54a5d94ed2e2d3b254124378c6f874cada4221da,11,0,0,0,0,0,0,0,1,4,0,0,0
54be41b0351239684244c6ce96503d08eb667d3c,0,0,0,0,0,2,5,1,0,1,4,2,1
54fda64f4527d3c8d3c74090b383491321d0e761,0,0,0,0,0,10,1,2,1,0,0,1,1
559981ba18234737cc577711859ec0be9faecbec,9,0,0,0,0,0,0,0,1,6,0,0,0
5620a69c1566e1dba40c62ce6ffd75301843c4b9,0,0,0,1,0,4,6,0,2,3,0,0,0
5648ced35e21af9bd4c27ee3df1632076f6e601e,0,0,0,4,0,4,1,4,1,1,1,0,0
564ba0d6bcdf3dd09ad036d85f3345a23b88d80e,10,0,0,0,0,0,0,0,1,5,0,0,0
56f941202558179cac54aa0685b210d0279aa4d0,0,1,0,4,7,0,0,0,0,0,1,0,3
5864d57589212db439ecca4a88a5eefe35f5b16c,0,0,2,1,0,7,1,1,0,1,1,2,0
5871a85dbc64e58fb1782d979881b1cb59124359,0,0,0,0,0,3,4,2,2,1,0,1,3
58889bb87ef029718c5d03d257045858ad6172ff,0,0,0,2,0,2,3,9,0,0,0,0,0
58cd366e45f174ce56bbedfc6b446b278b8794d6,0,0,1,0,1,6,2,1,0,0,0,4,1
5b0d6bb965766da1f181df30685087054d9b5115,0,1,0,0,1,3,3,1,0,7,0,0,0
5b8ddd9fa3260c5526f54efb9ba81c4d037a0925,0,0,3,3,0,4,2,2,0,0,1,1,0
5c2e920a7a84e2235482e8fbc86246e2db51caf9,0,0,0,0,0,10,0,3,1,2,0,0,0
5ca8a8efa8c636853238f1625e9242970e115c4b,0,0,1,1,1,4,2,4,1,1,0,1,0
5d0f4ef67ceef64452b3b06cdfa4034e1f3f210c,0,0,1,0,0,2,5,5,0,1,0,2,0
5da79aaf4d67a093ae816024f5057e2810c7b197,0,0,0,5,1,2,0,3,3,1,0,0,1
5e918a22c499c6ca1cbd1af8f70a61d7ef6d900c,10,0,0,0,0,0,2,0,0,4,0,0,0
5ea0a67451224b1fc576ec9f704fb44e46e870b9,0,0,1,2,0,6,3,2,0,2,0,0,0
5eae8716aada31d40f5f3f2bf6b8648575c1eaf6,0,0,2,2,0,2,2,6,0,0,1,0,1
5ff02e68ff7049b1892c6526cd71f753c77eb3cf,8,0,0,0,1,0,0,1,2,4,0,0,0
61d4710fa72fcf31d18cc900a65ddf8729ab3922,9,0,0,0,2,0,0,0,1,4,0,0,0
61de694292fc6218abee79d8742f8ae3bd499c61,0,4,0,4,3,0,0,0,0,2,1,0,2
61fb264a47c27b5dfd3e3637dee7174fa21db799,0,0,1,3,0,3,0,6,1,0,0,2,0
630ea1188db3a97dc337c71381514a5b197f9d2c,0,1,0,3,12,0,0,0,0,0,0,0,0
6499c9b121c1b20f40570d05a7116ced6fde1eaa,8,0,0,0,0,0,0,0,3,5,0,0,0
667c3ba86debb8e8d94731db16e9eef9ff269c2a,0,0,2,0,0,3,1,6,2,2,0,0,0
69168520d6972f60e4466ccad388554e4fd3c0d3,0,0,0,0,0,2,7,2,0,1,1,0,3
6989136ba5bc4366797880468320b60b80bde61d,0,7,0,5,1,0,0,0,0,0,0,0,3
6ab49a4ebe412c047b7678910008151aecfaaecd,0,0,0,0,0,3,9,3,0,0,1,0,0
6ac65c5320d04ce37ccb1cc7c6d2fd764ced1dfb,0,0,0,0,2,2,4,0,1,1,1,3,2
6b43f2580a22939e7832a7108533857960cd32fe,0,0,0,0,2,3,6,2,1,0,1,0,1
6b74043dfc3b6fa945c036ba2ffee1cc9ef6ace3,13,0,0,0,0,0,1,0,2,0,0,0,0
6c0f2d039f263a98d9b966a2751b9413d2224ed6,0,3,0,3,8,0,0,0,0,2,0,0,0
6c72827890fcebbe599ea6565cda72545f43dd44,0,0,0,0,0,5,5,2,2,0,0,2,0
6e83ef361b74da8f1de22fdc353169a2a1cc6aee,14,0,0,0,0,0,0,0,0,2,0,0,0
6f91c49497c1f14d251a41033640906b719ece10,13,0,0,0,0,0,0,0,2,1,0,0,0
7038c5b4a45b70f088f279e40d46992bddb8f92e,0,0,0,3,0,4,2,6,0,1,0,0,0
70bca64970cc814edc76a4161178531bd28dc514,0,0,1,0,0,6,4,3,0,2,0,0,0
71e7580f12b70c33c95c7f5851ec517d1ddc7d1f,0,0,0,2,0,2,4,3,2,0,0,0,3
726d92099f2358abf853251696ce8c708a122607,0,7,0,3,5,0,0,0,0,0,1,0,0
7322af410413b9e2aa8d85d7ac1a927cfcbbf4a1,0,0,0,0,3,4,1,0,2,1,1,3,1
734ad639b17099937ed5242140de772bde35ffe0,0,0,1,2,0,3,1,5,4,0,0,0,0
735197302749bd8f045462d1f27a295d251a5d4b,0,14,0,0,0,0,0,0,0,0,1,0,1
7364658daf2f34996ca0ef84efdea6a352e831e4,0,0,0,0,1,6,4,2,0,0,0,3,0
74185d75249c8a86f80ed4f68940d8e78410d2f9,0,2,0,4,4,0,0,0,1,0,2,0,3
75466c652204bd1da161d23d7c13d306a209f3fa,0,0,0,1,0,1,2,1,2,0,1,3,5
76c1c33bdb49a651b655d4eb6da5bbfa516d1b38,0,4,0,5,5,0,0,0,0,0,0,0,2
77b4b8c9625b51dc503bc3b0be8f210591a3c5e3,11,0,0,0,0,0,0,0,5,0,0,0,0
787a5b1defd3a09789a13ecae1da758865b54ede,0,0,0,0,1,2,6,0,0,0,0,3,4
789ef217e6958d3022ccae8ed243d99ee5629e02,0,3,0,3,9,0,0,0,1,0,0,0,0
79d17d10eed983c3c97a4b9539858b8a283041d2,0,0,0,0,0,4,5,4,0,0,2,0,1
7ab82821b4e0b29f916eff1c1ad9013e297d527b,0,0,0,0,0,1,5,0,1,0,1,7,1
7ae8c4c699e1362a662bd40665c37f8d3e85a1bc,0,0,0,2,1,5,2,0,0,4,0,2,0
7af8cecc8a323ec5188b9f814c83d4496c51042c,0,0,1,1,0,5,3,4,0,1,0,1,0
7b4608a9ae9de9b05177c3298f0ff41cb7d383a7,0,0,0,1,0,4,3,5,0,2,0,0,1
7c30b209282aeaaaf46dd0cd7f5695499a618ebc,0,0,0,1,2,2,6,1,1,0,0,2,1
7c438cbd2171ecffd16f2af94d6c87064c5fdb33,0,4,0,3,9,0,0,0,0,0,0,0,0
7ca96ca81ad772f5f3e150362c1fb98e574783e1,8,0,0,2,1,0,0,0,2,3,0,0,0
7cb199218d85b90a55f506e9acf4bcf0de270515,0,2,0,7,5,0,0,0,2,0,0,0,0
7cb658586dfbb2174a9c0d20fd1b6323b6a2e770,0,0,0,1,2,6,0,5,1,0,0,0,1
7e0bc41315523b6fd85f3f806b1e499f0ba20240,0,0,0,2,0,0,4,5,0,2,0,3,0
7e181269cba9af14968c372b2d470bada2d9a91f,0,0,0,0,1,2,3,0,2,1,3,1,3
7e8674316c5359d20c30ffaef8c18551c61646a0,0,1,1,4,7,1,0,0,1,0,0,0,1
7ec48ec061f50ee0d4637d32699ffab347efa8dd,0,0,0,0,0,2,5,4,0,1,2,0,2
7efe5258c849671427d01017bbc2fe5a904ea42d,0,0,0,0,0,3,2,7,2,0,0,2,0
7f47cd6ba9259e67eb3d0b59239649d4b395773e,0,0,0,0,0,3,3,1,1,3,3,2,0
804e6a6e7424c9fce05ee8370a1faf4af9c37e40,0,0,0,2,1,1,3,3,0,0,2,1,3
80b5a22a26024672345d5533944a0e82c6e2227e,0,0,4,1,0,6,0,3,0,0,0,2,0
80eac1e3f445268f84f655fd186e9c61dc5a7ddd,0,0,0,1,1,0,6,0,1,0,4,0,3
813afad6507e5e644fa9cb676fa9042e78ad0fef,0,0,3,2,0,3,4,3,0,0,0,1,0
8179310126be8e362205befd251bbc2391704e6e,0,0,2,2,1,5,1,2,0,3,0,0,0
8219e78829db8853f75a031a23225bd1336ac57f,0,0,0,1,0,7,3,2,2,0,0,1,0
8238f46888bee538c2465c09e1914fff15901cb4,0,0,1,4,0,3,4,2,0,0,0,0,2
8253079f918b7600674f4c274f98f28828c8cb16,0,0,2,0,0,6,2,1,0,3,1,1,0
82b0c59b0c1b4a3c4c272fe250dfa58159794a45,0,2,0,2,10,0,0,0,2,0,0,0,0
84ec94e96c885548f20f83926a659db84b5625d2,0,0,1,1,0,5,2,2,0,1,4,0,0
86085acce2772d6dec66fa9b7f66d1d73a673228,13,0,0,0,0,0,0,0,1,2,0,0,0
86eb1ae4b6676fb5262ef71df0fc94c5c6a11349,8,0,0,0,0,0,0,0,3,5,0,0,0
882305b4250a7189fcfc206f7db44873ae950842,0,0,2,2,0,8,1,1,0,2,0,0,0
88490416f762b1aab7152a32af5027676458da10,0,0,2,1,0,0,2,3,0,4,0,0,4
88bdd02bf946dd97fedb7599d674dfce6152c216,0,7,0,4,5,0,0,0,0,0,0,0,0
89b8ac63330362c64ca149c53150eb59eed9cfe4,0,0,0,0,0,3,4,3,1,2,1,2,0
8a02b2c3ef84e678a49850d0f82257c10c128426,9,0,0,0,0,0,0,0,4,3,0,0,0
8a06b0bbef2cf1677038bf8104497e780044cbdc,0,0,1,1,0,5,3,3,0,1,1,0,1
8a29f4d34ac6b7b776ce09b8e9f176abf0d3f608,0,0,0,4,0,6,2,1,1,1,1,0,0
8a51fec956354ba15fe475bf8451916c75e80578,0,0,0,0,0,3,1,3,0,2,1,2,4
8ab612a2b7ef739dbd38801444c6f9dc129fd467,0,0,2,0,0,1,7,3,0,2,0,1,0
8abe4ac7d1665482237c533e84848a890014a964,0,2,0,11,3,0,0,0,0,0,0,0,0
8bbab3cc11f29110af1e480a5fb9293836668e3c,0,0,0,0,0,6,2,1,2,1,0,0,4
8cb7084d810cc765327b2e4ee6a6a6e6f72d4f03,0,0,0,3,1,2,1,0,0,1,1,5,2
8d38db9263f3a1629165f733c5304e359bbf4936,0,7,0,1,8,0,0,0,0,0,0,0,0
8ea06ef9ae7adfe8eff31ec81cbd8f37b4e2b2fb,0,0,0,1,2,2,0,1,2,1,2,3,2
8f145681e5fe5353ab03c86431198a908aae93f9,0,0,1,4,1,1,1,2,0,2,0,3,1
8f379608384cfe5f5965c9a92d83c2622800a79c,0,0,1,1,0,4,5,2,0,2,0,1,0
9066b55f6d71294e69abb38e1d73f046e3750e79,10,0,0,2,0,0,0,0,2,2,0,0,0
9082d86efeb173b40c60cfb3148a75b93a980ecc,0,0,2,1,0,5,3,2,1,1,0,1,0
9149e6f6e960f67495949b54d3b35623eeec6848,0,0,2,1,0,6,3,2,1,0,0,1,0
91a27aa4f2150cc566660ae02fb16537deb49816,0,0,3,1,0,0,2,5,0,0,0,1,4
928e3fbe06bbd6974a9bfa2ea2962ac373a55f4c,0,0,0,1,1,2,4,3,0,3,1,1,0
92fa9e6ce7d23e4915b558f3176f4ccdb4e3f168,0,0,1,1,0,7,1,4,0,0,1,0,1
9300a81b38f1ba7c5b7eb668f7d6bc2a42e52473,0,2,0,7,6,0,0,0,0,0,1,0,0
9314cbb650d26cdea98321fb43a7ade232bda5c4,0,0,0,7,1,3,1,3,0,0,1,0,0
94c452b6a9c5c041131175010e4a93ef3f0fd117,12,0,0,0,0,0,0,0,2,2,0,0,0
94c9e46db435c1f978cea2f38fd18d55e699a5c2,0,6,0,1,6,0,0,0,0,1,2,0,0
95cca6f92775c6e9fb74d5589baaddcf132a8a01,0,0,1,0,0,2,4,3,1,2,0,2,1
95cfc755bd471919ed69f437eb945be6bfe26d4a,0,4,0,4,5,0,0,0,0,2,1,0,0
969386e1a713db0b8927784a2453e78908fbf42e,0,2,0,6,6,0,0,0,0,2,0,0,0
96f8401f04b8eeb9a80164ff42732b6fcef4f664,0,0,5,1,0,1,0,4,1,3,0,0,1
970ecc862424a0a1d989a739830e030b478e9a64,0,0,0,2,0,4,2,2,1,3,1,0,1
9754f874d120798fac30d6495e5cda40674775a3,1,0,1,2,0,4,2,0,2,0,0,4,0
9755eb56b616b80dd2a6fcc8310e23798af22001,1,0,0,0,0,5,4,3,0,0,0,0,3
985c0d7c2643dd31b333086d123f9e04abe44e0d,13,0,0,0,0,0,0,0,2,1,0,0,0
98bc2df290d6a8a0f75e94e4434486e1c142ec0d,0,0,0,0,3,1,6,0,0,0,2,2,2
998a808541786cc90ba2314c51dba352c827f751,0,0,0,10,4,0,0,0,0,1,1,0,0
99911be01a1904ee9d6eb9db09ee071bdc778b11,0,0,0,1,0,10,3,2,0,0,0,0,0
99c82c95ab733c3f6b97ea24509e03859490f654,8,0,0,0,0,0,0,0,2,5,0,0,1
99fd2a128b32b37ef28f5baf0dca879d4fdaa336,0,0,2,1,0,6,3,2,0,1,1,0,0
9a44acddace5a14b5cf98ee990c47de83c27cdb8,0,3,0,5,5,0,0,0,0,0,1,0,2
9ac8338e006a515a907b15ab24015d36cd593475,0,0,2,0,1,2,2,8,1,0,0,0,0
9bb1da09b748b5ca5554704383086530d5853684,0,0,1,0,0,6,2,4,0,1,0,0,2
9eba76eaf699441ea4618c79fcc77a360f226d85,0,0,0,2,1,0,1,0,0,3,5,3,1
9eff5779c513a5d8c6a6bcf438a528da65d0acf9,0,0,0,2,2,1,1,2,0,4,0,0,4
a0dce20a7b1e0b453be5880be2d8759cd76d4e87,3,0,1,0,0,8,1,1,0,1,0,1,0
a19ac86e711c4c71ef1c87f367ed6725ebfa2e16,0,4,0,4,4,0,0,0,0,2,0,0,2
a1b366c7382bbe8b41b7e693cfa0f56e478867fa,0,0,2,1,0,2,1,2,1,4,3,0,0
a1c7959c3971ce505da8398d5ceb27c4453ddf22,0,0,0,1,0,0,3,1,1,1,1,4,4
a2486e239c30c4fd5791d67bd4b979e467384db5,9,0,0,0,1,0,0,0,2,4,0,0,0
aa1fcb23afa34844dbe07ccde485fc36f89d883f,0,3,0,4,6,0,0,0,0,1,1,0,1
ab31fee1e371f3922dc3e675ae623276d623c013,12,0,0,0,0,0,0,0,2,2,0,0,0
ad428bd6fc0988b65c931123976d9bbb823d5df7,4,0,0,0,0,0,0,0,2,7,1,0,2
ad72b2e86f6ff14da3aeeabb00ad90f33fd4d5b6,15,0,0,0,0,0,0,0,0,1,0,0,0
aef0898d75ec51b3260b3ac9a3a6be2b99feb73c,0,0,0,2,2,3,2,3,1,0,3,0,0
b188041ca4a7b89fc000db70116b4bb229947dbe,0,2,0,6,7,0,0,0,0,0,0,0,1
b1d5c13f8912615575d85f9076b45a05e4ae6b60,0,2,0,5,7,0,0,0,0,0,2,0,0
b223a146ecdcb610eccb8081246c96a9027da760,0,3,0,2,10,0,0,0,0,0,0,0,1
b31fb7651585e63815fd99b02a5cf568bf8c1f7d,0,3,0,5,6,0,0,0,2,0,0,0,0
b3c0e061504757c7554bc6126b869e54eb3160b9,0,0,1,0,0,6,4,2,0,0,0,3,0
b43ae620da061a8dc36eea4755cfa2b2511cca31,0,1,1,0,0,7,4,2,0,1,0,0,0
b668c2ef23958424faa2f8fef7b9e2f7906d3ac2,0,0,0,0,0,1,7,0,1,3,2,0,2
b6e8a6044aa81b74e82867a84bc21b34e7bda379,0,0,1,2,0,2,4,3,1,2,0,0,1
b6f4889f50b719e29dfc14eda01c18f9f17363c3,0,0,0,1,0,3,4,4,2,1,0,1,0
b7ff1caca36c0d70c1934798a542c502f9f068f6,0,0,0,2,0,1,3,0,3,0,1,1,5
b82c47b7d9a233a511066db242bd194dfee9ef4a,0,0,1,0,0,6,2,3,2,2,0,0,0
b87359b8561b05a01db24ed8a1ba4f236c51b458,0,0,1,1,0,0,3,5,1,2,1,2,0
b93fa772953c5d72ac86c8a4a445299dc63833cb,0,16,0,0,0,0,0,0,0,0,0,0,0
b975cea0dd46a7b6333aa3641af74b34dd49154c,0,0,1,1,3,2,1,4,2,0,2,0,0
b9abd9e179d1a2bc5d4e255afd4af6f22ffd92ba,0,0,1,2,2,3,2,1,0,0,0,2,3
ba0a5030a511ddc970d84f8d493813369533a0d4,0,0,3,1,0,3,2,2,2,0,1,0,2
ba2f8d33f868d8e48d07edafd494b3c9f754e21a,0,0,0,0,4,0,4,4,0,1,0,0,3
bbb5b26787c642d7b7b4fdf925212edcebd075c4,0,0,2,1,0,2,1,3,1,2,1,0,3
bbc2b5eb06e7acc4169c6bf1cd4c2c8cd0ca435e,0,0,0,2,0,4,6,1,1,2,0,0,0
bbfbd8d4f8dc8d4ffbb9533d54b55020f182245b,0,0,2,0,2,2,4,2,2,1,0,1,0
bc21c6414d48e13bbcc785f7cbc8f8aa91f28078,0,0,2,0,1,3,2,6,0,2,0,0,0
bc22d78e0926baf8ec2311a5672a9214730b5652,0,0,0,0,0,2,5,1,2,1,2,1,2
bd9a8916e41b3bc609563a54a6eb204a6268bfb3,0,0,2,3,3,4,0,0,1,1,1,1,0
be806208a019d5e6d33b663605124d9c4f65f1a4,0,0,0,1,1,1,8,0,1,1,0,1,2
beec7919432143b4f9555a93599eb8413999a4fc,0,3,0,3,7,0,0,0,0,0,0,0,3
bf7154af023121d13149867ec1c6dc4a3a949895,0,0,0,1,0,5,4,6,0,0,0,0,0
bfbf52c0a4729af081540545833e9560af6b9778,0,0,1,0,0,5,0,5,1,4,0,0,0
bfc5298e373321879c56204ca58e51c78bb681d2,0,0,3,0,0,7,2,1,0,0,3,0,0
c0d2fec9fb96b985b4fbc65377c4c284d42bab87,0,0,0,2,0,0,7,3,1,1,2,0,0
c189f029c3c018d161fc6375c696991117e8655f,0,0,0,0,0,6,1,3,3,0,0,1,2
c191fa7ba9f91a108c5b562d3e8234b273608cfa,0,0,0,4,1,3,2,1,0,0,1,2,2
c1d5db33addb1dca8696ae2f4ecb77b4cb5bd8c3,0,0,2,0,0,2,3,2,0,1,1,2,3
c2f318e75ad39d3cdf1fe74d40b10060e70cca70,7,0,0,1,0,0,0,0,5,3,0,0,0
c3edfd5d93ed3484a95cb3cc57fe16bd6b319798,0,0,5,3,0,5,0,0,0,3,0,0,0
c4446213bd0dc44767f275b08fc0b7cb137a1139,5,0,0,0,0,0,2,0,2,7,0,0,0
c67916f6523b324496816c8a8fc80508c23c9662,1,0,0,0,0,6,7,0,0,0,0,2,0
c6a43d2a457ebf9e3f27f65b5ea7d53320244d23,0,1,0,7,3,0,0,0,0,2,1,0,2
c76a462d3e0719d66ac71d94e5183b8c90c4aed0,0,0,1,0,1,5,5,1,0,1,1,1,0
ca471e9f0f34878cf878015cc2783c65132dac24,0,2,0,4,6,0,0,0,0,2,1,0,1
ce0c3badd084e9532ed3b355011defe51fc9f7b4,0,0,1,2,0,4,2,1,1,0,1,2,2
ce5598d8f364f8d1def8ed36cd9e5115d07194e8,0,0,0,1,0,6,6,1,0,1,0,1,0
ce8ababd99d60ea1321c02317847fe03ae0dd52e,0,1,0,3,0,2,1,7,0,1,1,0,0
cf1944f93f07be7374ff4d0bdc616041976d9c82,0,0,1,0,0,1,8,2,0,0,1,3,0
cf5d74fff5afc0bef89de4c3151f3482ad2b2d70,0,0,4,1,0,5,3,0,0,2,0,1,0
d0e300037aa02efb1210f64fbb2c75bc4f785584,0,0,0,0,2,1,4,0,0,5,0,3,1
d149bb96b4c870466ba0c6e01d5da3dc2eac8e53,0,0,1,4,0,3,2,5,0,1,0,0,0
d21a3610f05b54c7393886f0a12d1ecfd4f6caf8,0,0,0,0,0,0,3,1,0,3,1,8,0
d235fe52696ac2faadce7fc1bff698375e552bee,2,0,0,2,0,1,3,1,1,2,0,2,2
d288ee37ea666fc0c11610cc495abfb8a5c117ba,0,4,0,6,6,0,0,0,0,0,0,0,0
d2b2e371ce25ca9d4faa30ea0b7adbe35d933b67,0,0,0,2,2,1,1,0,1,1,0,7,1
d34cd17faa56e90786ec9819b4283b6bedd3f494,0,6,0,3,3,0,0,0,1,0,0,0,3
d491a4def2d110b97b49214484018969e6499c3d,15,0,0,0,0,0,0,0,0,1,0,0,0
d54fd39849e59083e4b840c7f6635c1993b10cbd,0,0,0,1,0,5,3,1,1,0,0,1,4
d55c023492fe6db8e659594a5a0593a92a338dbe,0,3,0,3,5,0,0,0,0,2,1,0,2
d5ef28c2269e42deeba1b60c06c69529dc4475b7,0,7,0,5,4,0,0,0,0,0,0,0,0
d6ce26a4c581a7ca1b939f07ff1fe04376b0e1aa,0,0,0,1,0,1,4,1,0,2,2,3,2
d8737e31364fc6be2e880f6d4dd55c5e7f79691a,9,0,0,0,0,0,0,0,3,4,0,0,0
d8ea8dbb2ae7a6e38c8f4f1b9f4be7105fac4b73,11,0,0,1,0,0,0,0,1,3,0,0,0
d96315fbe7e016d06b66db136e0f34baf58469f1,0,0,1,2,0,2,3,0,0,3,2,2,1
d98346319f0a2b3bb0be8d9cd36fb679bbc00968,0,0,3,0,0,5,2,1,1,1,0,1,2
d9dc910db2145ef4071da15808bce1835965e878,5,0,0,0,0,0,0,0,4,7,0,0,0
d9fc6b4d266cd59b49dabf63f365cb77d72ee14c,0,0,4,1,0,1,2,2,1,2,2,0,1
dbde5b7d52c6cde31f6fa144eba73d526adbe7c6,0,0,0,3,0,3,7,1,0,0,0,0,2
dc491af2291936d532639bef9de4526e1a45f975,10,0,0,0,0,0,0,0,2,4,0,0,0
dcb701e20fd5d486eebe2b13fd7b5bbcf1082b69,8,0,0,0,0,0,0,0,2,6,0,0,0
dcfe76a233327e58615dae15131b023ad22ea1ce,0,0,0,3,10,0,0,0,0,1,1,0,1
dd0e86c22503545449b29969bf3173621aa4b9f8,0,0,0,0,1,3,6,0,1,2,0,0,3
dda79632b9d40929fbc746534f5a973087420e2f,0,0,1,1,0,7,3,2,0,0,0,2,0
de396a9d93977faf3fee33b6beeae48e66a543da,0,1,0,7,5,0,0,0,0,0,3,0,0
de63a0440f440e2221e9b879c0bffe75be9e30bc,0,0,0,2,0,5,4,0,1,3,0,1,0
e078a42b14625bfa9d395204ef8706e6c637b564,0,0,0,0,1,0,7,0,0,2,0,4,2
e0a977fb0eaae5f7079e1d157ff02b17861bbd12,0,3,0,2,10,0,0,0,0,0,1,0,0
e1595387c4ce2b423b6ae8e7b35e3fe276374bd2,0,0,0,2,0,4,7,0,0,1,0,0,2
e1a51240f920aa9d8606edfa5df98eed3a49e6b0,0,3,0,4,6,0,0,0,0,2,0,0,1
e2f6ae6ef0eebf28f2c6819a563ffe9c47db9d02,0,0,3,1,1,5,2,4,0,0,0,0,0
e43898962605bad8649ab14775e90f8edaef4fed,0,0,0,1,2,2,5,1,1,1,0,2,1
e4a5f220926ec4a6ad66197d97edfc13c410d47c,0,1,0,7,7,0,0,0,0,1,0,0,0
e530e394cb8e91dbeb9f15f756372a92163403f6,0,0,2,1,1,9,0,1,0,1,1,0,0
e5903396ef8b3ddb29bc27af920a96719686760b,0,5,0,3,6,0,0,0,0,1,0,0,1
e6ad2c49f77f541307c17dd402079fd7377a13d5,0,0,2,0,1,4,1,2,0,1,2,2,1
e6ad9b0a7aa265a074de2f95b21efd5b4fa0a907,0,0,1,0,0,2,2,6,0,1,2,2,0
e79ada0dc5eeb06e4ae709cdba96e1ca7c5b421b,0,0,0,0,0,0,3,0,2,5,1,4,1
e8a00bd1079001185f53b0c54776db2aebe00db7,0,0,1,0,0,2,7,3,0,0,0,1,2
e8a7e94afeb511e85b1b870af0e185f83758cf0c,0,0,4,1,0,3,2,1,2,2,0,0,1
e93bce998b14512c7f2856649eee9e66df3288b5,0,5,0,3,6,0,0,0,0,0,1,0,1
e9528a62a14d0e990ed1a7e0c6c22be264e797db,0,5,0,3,3,0,0,0,0,0,1,0,4
e96ce3d89f07a8da1eda61c5a881a54cced6bae2,0,3,0,6,4,0,0,0,2,0,0,0,1
e9ebc8e7ac8ef486665e1d350dbe7206a9b20f87,0,0,0,0,0,8,0,3,0,0,3,1,1
ea94f9db2ee9db4295fbb9a220d532f413df4270,0,0,0,3,1,3,4,2,0,2,0,1,0
eabcba0006921d2e5bbbb2b1e4e22a1823f5b5a4,0,0,0,0,0,2,7,0,0,2,1,2,2
ead348fd966552c5684ad13b6a781d719e0e97d8,0,0,0,0,1,4,2,1,0,5,0,2,1
ec8263a5d652733a6a3df25fd78b5cafb7631728,0,0,2,1,0,5,2,1,2,1,0,2,0
ec8db748ee6c0e2c107807006de4beb005d3dbcb,0,0,0,1,0,1,2,3,0,2,2,4,1
eceda923406f9a0ee8507c4e1da7392a93d1760e,0,0,2,0,0,5,0,2,0,0,1,0,6
f076c1240c1a06d284ab4d530a140383b5a4d84c,0,0,0,1,1,1,5,0,0,1,0,3,4
f16f24d4f35a6f2ef88dbd233d533e9b7ba6d4af,11,0,0,0,0,0,1,0,2,2,0,0,0
f1b902e5fc1dbe0537a011ccc0349cc768a2c102,0,0,0,0,1,5,3,0,0,2,0,2,3
f1fc68e894ea85fa6c9203909336757bc0b85823,0,0,1,1,0,3,5,3,1,0,0,0,2
f21c400a687bb2ac84569c2afa8395d5ffebabc1,0,2,0,6,6,0,0,0,0,1,1,0,0
f3fd430f59a28ec9771755f18397ee8e6e0d7710,0,0,0,0,0,4,2,0,0,4,0,1,5
f4abe7f21abcaba1fdbc05a7e5da5b83660af095,0,5,0,7,3,0,0,0,0,1,0,0,0
f5019d737f002ddd67c511f2ee54735e461b0bdd,0,0,0,2,0,8,4,0,0,2,0,0,0
f522f4c57aa02f202de38f2fed26ede31aaf0be3,0,0,1,2,0,3,1,5,1,1,1,0,1
f54bc0230211a538999dc4cf2e64a850f7b9979b,0,0,1,2,0,4,3,5,0,0,1,0,0
f5a446e2888bd5b46a0487c941f29b87fd5f3683,11,0,0,0,0,0,0,0,0,3,2,0,0
f671a8162964f2f3a4cf37d6a45797cb3f4a73c5,0,1,0,7,6,0,0,0,0,0,0,0,2
f8ad393bbeff4d8609eaafbc3e520be956b9c127,0,0,0,0,1,1,7,3,0,0,1,2,1
f9bd063076f0d257de3ad1298e76490fd552d46b,0,1,0,3,5,0,0,0,4,0,1,0,2
fa16b8e9195dd04b4530854b6bb8f3f32fd4f060,0,0,0,2,0,6,3,4,0,1,0,0,0
fa4f028404b32f550fac2315c1efd7df11e2c5ec,0,4,0,4,7,0,0,0,0,0,0,1,0
fb27c0d5a697d406e8ce61d258ae97e64cc218ba,0,5,0,6,2,0,0,0,0,1,0,0,2
fc62daff8523bc643128ab3a732e1cd20e82637a,0,0,2,0,0,3,2,2,1,1,2,2,1
fc85463cf1b2e543a91c36deea91eafbbcb854cb,0,0,0,0,0,3,5,2,2,1,1,2,0
fcc096a3bd05d464b3bb50f12bfca4e1b3c317fb,0,5,0,3,7,0,0,0,0,1,0,0,0
fd00b3d77ad1402f197e82edd7acae110b2d556a,0,0,0,0,1,1,7,2,1,1,0,2,1
fd71b95c803905a169b314e7171f9ea4bdfa0401,10,0,0,0,0,0,0,0,1,5,0,0,0
feaf98027e7047c319e087848fba6dfed8ddda2e,0,0,3,0,0,8,2,2,0,1,0,0,0
fef28d16ab718d79a58f1584ae0ece0fd4b2f6a2,0,0,0,0,1,2,7,0,0,0,0,5,1
005f3ef9c282b421d7e68dbb32167bda9a3b4c5c,0,0,0,0,0,2,2,4,2,1,1,1,2
006672e4917c01ac1fd54295e4f0002dbd4e7f73,12,0,0,0,0,0,0,0,0,3,0,0,0
01133cf2946151ed159f605ae9738473cc6970c8,0,0,0,0,0,6,1,6,0,1,0,1,0
01567a102c62342befa778653108c3324117a43a,2,0,1,2,0,3,3,0,0,0,0,2,2
018f28dd6650e520108dec26103083d4330bb189,0,0,0,3,0,6,4,0,0,2,0,0,0
027bbe31803ec4061e19067b4b099254b5550c82,0,3,0,6,4,0,0,0,0,1,0,0,1
03337182d46667197c4fa7e65394f7fa0c5a76c3,0,0,0,2,0,5,0,3,1,0,1,3,0
03572c45e8d9517ccf4783c748ab595cba2aef8f,0,0,2,0,1,8,0,2,0,0,1,0,1
04a24838861a842e9baf790b5f8be9ad282475e2,0,0,2,2,0,2,4,3,1,1,0,0,0
056863aabd1d57278659b7e94708b147027a3538,0,0,0,0,0,3,5,1,0,1,0,1,4
0581429fd298c25da4df73993ed7d99927db8556,0,0,0,0,0,5,1,2,0,3,0,2,2
059d00f2b3791956996c10a93e992708c9b156f0,0,0,1,0,1,2,3,6,1,0,0,0,1
0711ed2773cd43cf00c777fd4011812eca3c9749,0,0,1,1,0,9,0,1,1,1,0,1,0
0729e671d54308b2d4e1e6d78154df3dde956cf5,0,0,4,1,0,5,0,4,0,0,0,1,0
07b6fa785513498f56e35dc778bc5de388e55f2b,0,0,0,0,0,3,2,2,2,2,1,1,2
08e01fbdf1f7f09f60496e9db89ac886ca02a0e5,6,0,0,0,0,0,0,0,4,5,0,0,0
0a69aa5f29e0a92fd2f2517e6411c1249e2f4cf9,10,0,0,0,0,0,0,0,3,2,0,0,0
0a6ecebb7b5d7d5b5dd4bedd9266d281028dd829,0,2,0,6,3,0,0,0,0,1,2,0,1
0b1f149536a2eb8e1279c62065da83c4bd6e6790,7,0,0,0,0,0,0,0,1,5,0,0,2
0cbe252162bc5ef02e40567ac55ed254cac7ef7e,11,0,0,0,0,0,2,0,1,1,0,0,0
0da717c0d3721d41038355c2e18547c8638e0aab,0,1,0,3,6,0,0,0,3,0,1,0,1
0db0d90ae10c3d8a27772d5e7ce5ba078bb0b139,0,1,2,2,0,3,2,5,0,0,0,0,0
0ea09ec47f374a7b01fb434b879ad3e173d83d9b,13,0,0,0,0,0,0,0,0,2,0,0,0
0f025fcf080f6d2ad36ea5cc2d3e1a774d986a33,0,1,1,1,0,4,5,1,1,0,0,0,1
0f6d3cf73431e96599ef6c4607cc6fe900ce74fb,0,0,0,1,0,7,1,6,0,0,0,0,0
1041d85a127b2e43624e738199b1355314d31197,0,1,0,5,8,0,0,0,0,0,1,0,0
1054b637690bd7c8b19d46b1a78e6808a9e45c8e,0,0,0,1,1,0,4,0,2,2,0,1,4
1167a530b9a2ba1cb37d627eb7541a13bbca2542,0,3,0,6,5,0,0,0,0,1,0,0,0
11be9b07ff07e45b8aa176868dde24810b3e4155,0,0,2,1,0,3,0,4,2,0,0,3,0
12c493d4e0a16ccf7f75f33ef1fbb24fa09547d6,0,0,1,3,0,2,2,1,1,1,0,3,1
133f4d1ff3cb32cb0b60f73afc821c96f0021e7b,0,0,1,1,0,3,1,2,2,4,0,1,0
134eb383ccac7faa6af75846daf0e6db1f15b600,11,0,0,0,0,0,0,0,1,2,1,0,0
1372253bd1e31a55a90164dac3d8fb5f42e69014,0,10,0,0,0,4,1,0,0,0,0,0,0
14002e67a20aa22d6a02c6256514dec75a50a491,0,0,2,0,0,7,1,4,1,0,0,0,0
142181f525ac3581ea167db7d4c8a53fe7c6d0d3,0,0,0,0,0,2,1,0,0,4,2,3,3
143a651999e0ac4f2151498e4fcafedeb6e6bb8e,0,0,1,1,0,1,2,5,1,3,1,0,0
14493554188e98cd29c04adab1d78a5b6500636d,0,0,3,3,1,2,0,2,3,0,1,0,0
146541bf5f99d0eecac2df8c8e9ec3b86927593c,0,0,0,1,1,0,2,2,0,1,1,5,2
1502d62dc759cdd855f6f274461616e7d708c96c,0,2,0,9,4,0,0,0,0,0,0,0,0
1635cccde76406b03916e2dfe2a243d412d80838,0,4,0,4,6,0,0,0,0,0,0,0,1
172504d97e9c76fd43dd1400111f2e1b773e5ddf,12,0,0,0,0,0,0,0,0,2,1,0,0
1749b118ccba3cdf15c9fa1aff5215d1494769bd,0,0,0,0,2,1,9,0,0,3,0,0,0
1769a530827c9d5d9d1c9e365f808da62c348c03,0,0,2,0,0,4,4,3,1,0,0,0,1
1788f966372f47d90ba94599606193cb21ee5d9e,0,0,1,0,0,6,3,2,0,0,0,1,2
17a58e2e36cf11e80d0ce916c7d14a124ebbb45d,0,0,2,2,0,5,1,4,0,1,0,0,0
17d3dd62c582572e1b374c50dfd44b3737f32698,7,0,0,0,0,0,0,0,5,2,1,0,0
17eccaa917209eacac413f4195049ebfab1f87c1,0,0,0,0,2,0,2,3,0,2,2,3,1
199dd59625102cd79f2b3092cdb371f64e1d3b51,0,0,0,3,0,2,6,2,2,0,0,0,0
19a9a57c3c9aefab80da2dd658202b0030fff68c,0,0,2,0,0,1,0,1,2,1,2,1,5
1b675b17aaf7fb87bc7491ef4a6b9ec22c680eab,5,0,0,0,0,0,0,0,5,5,0,0,0
1b947a162b8f16753d2efb366a9e9cf7b9f57aa1,0,0,0,1,0,4,3,1,2,1,0,0,3
1c23db37a1a0043fac5e102fc5de20bd1585a7cc,0,0,0,0,0,4,3,3,0,2,1,0,2
1ca011f2d077d3c3be0b631f844d28b55da1ea56,9,0,0,0,0,0,0,0,4,2,0,0,0
1cffb1f392efc50b66f2829f4abbb881a111eecc,0,0,0,1,2,1,2,1,0,2,3,1,2
1d110df0605e5e546e040a01f7821e66f98d4a1a,0,4,0,2,4,0,0,0,1,2,0,0,2
1dc9c00e51639dabcae2fd8546c71186cda644a2,0,0,1,1,0,7,4,1,1,0,0,0,0
1e945f8ca531039e5515f830216f43d3aa34924b,0,13,0,0,0,0,0,0,2,0,0,0,0
1e9ffa0f70a4206f4fbed750312880424e1382b8,1,14,0,0,0,0,0,0,0,0,0,0,0
1fb0659ab2d559628e3a15828b08a52c8506803b,0,0,0,2,0,1,4,0,0,1,1,2,4
20821dcdb8a9c1a16206f0dcd0672b66c697895e,0,0,3,0,0,3,3,2,0,1,1,2,0
210d6351d90595768f7d76d18d19e0656725c3d2,0,2,0,3,9,0,0,0,0,0,0,0,1
22409065e778bab6d9d0d5d901f99029b07bd99b,0,0,2,1,0,10,0,0,0,2,0,0,0
2277c829537d1bfd71c41f381491ba423a394d0d,0,0,1,0,1,5,2,3,3,0,0,0,0
227ce4ecdbf86ffa0913dea3deea249b8ba20af2,0,0,0,1,0,4,1,6,3,0,0,0,0
228259d2028749920733f5f23385d6b372c2771a,0,0,0,0,2,6,2,0,0,4,0,0,1
22e21b74f1d1639a4144c837f1437f0d789dcee3,0,0,2,2,1,3,2,2,1,2,0,0,0
2331b87622afa96f61f6dffb9eab04f6badc1d7e,0,0,0,1,3,0,4,0,0,4,1,1,1
24b2bb0ba2d166aba4e82557dabbb85674e5c569,0,0,3,0,0,4,1,1,1,2,2,0,1
25062c590ae83b9ab48dd99c34e40ff378d92be4,14,0,0,0,0,0,0,0,0,1,0,0,0
257775d21285747c2146b21484856b3e4b360ef2,8,0,0,0,0,0,2,0,2,3,0,0,0
271a879eb4af32b675cf8a2a1a59ccf28111ba95,0,4,0,3,8,0,0,0,0,0,0,0,0
2750200d4f222a2b33d1d98a8d10efb1e6346b99,0,0,0,4,0,1,2,0,1,4,0,3,0
27601ddc6a6d8da14c452a9420c96bcad9a6a821,0,4,0,3,7,0,0,0,1,0,0,0,0
279f33775b3d91d0a9750aaa112ef915e4198ea1,0,6,0,4,5,0,0,0,0,0,0,0,0
2a02201bf0faeb8c6e67f28d412fb80dd56e7347,0,0,0,0,0,4,3,2,0,2,2,2,0
2b1dbdfb931f0e2fec0b1a960917b2493b5f7a50,10,0,0,0,0,0,0,0,1,4,0,0,0
2c367c7d28ef9814cf98dc7265120dd9bacf27e7,0,0,2,1,0,2,3,1,0,0,2,4,0
2d1b270011bf6bd140658ba0f1a97f2a3f133be4,12,0,0,0,0,0,1,0,2,0,0,0,0
2d495d707287d2bf129f04ea88b5623746883475,0,0,2,2,2,2,1,1,2,1,2,0,0
2dd273931912c0a76ce6b2ffeb8b97813bafd156,0,6,0,1,6,0,0,0,0,2,0,0,0
2e4ffc685cecec40aa64f34a832e81c505ba954b,0,0,0,1,0,1,5,1,1,2,0,3,1
2fb928127b3760b384dab54396c3079762094b58,0,0,0,2,1,1,2,0,0,2,0,4,3
30a439e7316791f2dcbefef5b19e65f78d8f0368,0,0,3,1,0,3,1,4,0,0,3,0,0
320f8510178188c5f3ca7a2e1efb06b12c5efc44,0,0,1,0,0,6,1,2,0,1,0,4,0
323ed549c4d5a13989f17897299eee32ab356fef,0,0,2,0,0,4,4,2,2,1,0,0,0
32562c957fb4e499d1180e68e073ea7f32170674,0,0,1,0,1,2,2,0,0,2,0,5,2
32780131734ebd6ae291710716b5ef8c0836816d,0,0,1,0,1,2,4,0,1,2,2,0,2
327cd9609063156a4f3a52ed49141115e32b85bf,1,0,0,1,0,0,3,3,0,0,1,6,0
32ed4a3c52e366cc5edac78433816d42db96a92f,1,1,3,2,0,2,1,2,0,1,2,0,0
34207b331a6deaf3a11721c5f08bb94dd886c561,0,0,2,0,0,4,1,4,0,1,0,1,2
356537bc1537f876cc1971233b10d5efe9ea1622,0,0,0,0,1,0,2,0,0,3,1,4,4
36bf10fce0aad68e50a7de2ed5a694b3b8b912eb,0,14,0,0,0,0,0,0,1,0,0,0,0
37e2e1ac8a3e0944bfdecd34c5c2c663a072f37d,1,0,0,2,0,5,2,1,0,1,0,2,1
37f238b3c90f1526f9b4a8e3184ed0c4661a5a6c,0,0,1,1,0,4,3,3,0,0,0,3,0
382eaa5c92630fb0fdcf39321ab921aa6653c5de,0,0,1,0,0,6,2,1,0,2,0,0,3
38bf2933fee1d364b66f69aad1009518ef01d6b1,0,0,1,0,2,0,2,1,0,2,1,3,3
398e2e0141a0b5190701d346553be6cdbc7674b2,0,0,2,2,2,3,4,2,0,0,0,0,0
39af53c8c1df39ad49a7af17f2e0a6cfdadd6e50,7,0,0,0,0,0,0,0,0,6,0,0,2
3a93d588bf3bb2598994ac2fa2232ab91dca3c94,0,0,2,2,0,3,3,2,0,0,3,0,0
3b1893d5ceb626be09d274ec121251b5c0b6f1d0,0,0,0,1,2,1,3,1,0,2,1,1,3
3b43289424ad2b77ff68bcf65d13db4c222a52bb,0,0,2,1,0,6,2,3,0,1,0,0,0
3bb40e4e6439cc0010753c5d9f883a090b9af7ae,0,0,2,0,0,2,3,2,3,1,0,2,0
3c67d27beacc688bb5df2fda2d398d6af60118c3,0,0,0,0,2,1,2,1,2,0,3,2,2
3cd300249176d39eac33d3b4a47d5336f96794c8,0,4,0,3,1,0,0,0,3,0,1,0,3
3ce4249cb5c4eb821d5f88e64e9f176da8c9b6e5,0,0,0,0,0,0,2,1,0,3,1,6,2
3dae33c60b98624cd52c86c831c4ad93dc612a58,0,0,0,1,0,4,3,3,0,1,0,1,2
3e3440bf8484dc47487d4b2ba89792ece3caed21,0,0,1,0,0,4,3,3,0,1,1,2,0
3e79d15af957c918593fa39a350243b15109a7e5,0,0,1,0,0,3,3,0,0,3,4,0,1
3ebcd4cd101aef704f5385f99d327d04811d8161,13,0,0,0,0,0,0,0,1,1,0,0,0
3f67f6bf0cd0d8bd7ca32cd5c406e9461ee9a3e1,0,0,0,2,1,0,0,1,2,2,1,3,3
40005ea54f57441a6c49edd89ee7d8470bfa3a0a,0,0,3,0,0,5,1,2,1,3,0,0,0
409a6b229345ed85d8a4f50f9b7fa418f93f5662,0,0,0,0,0,1,4,5,1,1,0,0,3
4107238c99a94c995210e86d0f666208093e9fae,10,0,0,0,0,0,0,0,1,4,0,0,0
411536ccef206692e22c1b073eb7e0f39ede1ba6,13,0,0,0,0,0,0,0,1,1,0,0,0
41e36f782d420c4f0b925333bb95881f19f49475,0,3,0,4,6,0,0,0,0,1,0,0,1
42647fc42a5596577b1065f18760362874fd4b59,0,3,0,3,5,0,0,0,4,0,0,0,0
4275e79454750daf1df51c6dedd1a1751b8e3a78,0,0,4,1,2,1,2,0,0,2,0,2,1
43314ef1cc00c43c25c5010643bce6908f5bb9f3,0,0,0,1,0,3,3,0,0,0,0,3,5
447f213070f2c2e2c4abced3d8dac89978c23674,0,5,0,2,5,0,0,0,0,1,2,0,0
449a483d40efb8e2c9f5a139277db7039ed6dc9b,0,0,0,0,0,8,1,4,0,0,0,0,2
452df787db9f27b6a900575eba5c6b7646b37836,12,0,0,0,0,0,0,0,3,0,0,0,0
45c71473612ac97a84856966a2a2e0891922aac0,0,2,0,7,6,0,0,0,0,0,0,0,0
462c17aa25fc04313024b2971b9047f33d911490,0,0,0,1,0,4,1,1,0,3,1,4,0
466ef3cdbc1aa70eb02a64c5a66f4b26f173ec01,0,4,0,3,5,0,0,0,0,1,1,0,1
46866841ed90f717ec682efe182dc70e55bb1bbf,0,0,0,1,0,6,1,2,1,2,0,1,1
4698259b029bcf493367c2a6523bd77f4d24c86a,9,0,0,0,0,0,0,0,2,4,0,0,0
46a64bf4f3474e059248ae5d87d6b8d8ab35af7d,0,0,0,2,3,0,5,2,0,1,0,1,1
47b593d2a9906882185d015a9ee85f494ee182d4,8,0,0,0,0,0,0,0,2,5,0,0,0
4879b6401ba180fe13bb79479096813e2444e4e9,9,0,0,0,2,0,0,0,1,3,0,0,0
49dffd92dd0457fcdeb64f2a47af84e28e0ebfa3,0,0,0,2,0,0,4,0,0,4,0,2,3
4a943c2ef71c850b6d2f3b9f33ae6056c91b3518,0,0,0,1,0,4,5,0,0,5,0,0,0
4aa819e180d8b815114f3b2b52b4edf749d5b924,0,0,0,0,2,2,0,3,0,3,1,4,0
4ac12d65fd7e256c4eba49208c4d1c8f68d76bce,0,0,2,1,1,4,5,2,0,0,0,0,0
4b7ba12508ffbadb7a4c74f3186bffe1f1b2144c,0,0,0,0,0,7,1,4,0,1,0,2,0
4d3cf382f224a1b7f6d22835ed8747016346f74f,0,2,0,4,8,0,0,0,0,0,0,0,1
4d465656d0cbf5668e6a71412e401b56aa94e723,13,0,0,0,0,0,0,0,0,2,0,0,0
4da57570c687e039fed4cc32b57a48d1150ea86f,0,0,0,0,0,1,3,3,0,1,3,1,3
4e1eace5e33a9cf603be9a9c863f352ee060dacd,8,0,0,0,0,0,0,0,1,5,1,0,0
4f3c6163350ec65d350b1e3b3d26fc21ba9b238b,5,0,0,0,0,0,0,0,2,8,0,0,0
50027e7251384d9466face4d6322d38c9a746622,0,0,0,1,0,3,5,2,0,0,1,2,1
5028d6d2db63fb347e0c6bc461b9bec4a21fca19,0,3,0,5,6,0,0,0,0,0,1,0,0
507a17f6868ae1f7a54986e9dc84aebad640e81e,0,2,0,5,5,0,0,0,0,3,0,0,0
50a62d89a6f889d441373e35ce88b9115d41b112,0,0,0,1,0,1,5,1,0,1,2,2,2
510195bdcefde970f50c03b1db6ba518e8d52b38,0,4,0,3,7,0,0,0,1,0,0,0,0
522992577b5c9f90d4e2b4fb69680284f29111d4,0,0,1,0,1,1,3,2,1,2,2,1,1
528f339344bc934e0618af86b0d0d88ea1d2d2da,0,0,0,0,0,3,2,0,2,2,0,4,2
52f0b26a5479550b32f7e95999cbc635c1025626,0,0,0,2,0,6,2,4,0,1,0,0,0
53f97ebb164caf7f13be374a35990c52db4a948e,0,5,0,2,8,0,0,0,0,0,0,0,0
5507490a0e66b39587c79a6f960f7e5ee513e209,8,0,0,0,0,0,0,0,0,7,0,0,0
5556456416c1d4d3100bf12e564e53e486b00d2e,0,0,0,1,0,1,2,3,1,4,0,3,0
562a007ac548b9c414c8f38a5ceae55e4cef03c8,0,0,1,4,0,2,4,1,0,2,0,1,0
57a6aebee4debdba451a968927ca9a095500e8af,0,3,0,9,3,0,0,0,0,0,0,0,0
57f427ca6b447d1a48d5e70c84996f2450b69b59,0,3,0,5,5,0,0,0,0,0,2,0,0
584f9c10867c55a22711a5c5a6863c3542ee5cbf,0,3,0,5,5,0,0,0,0,2,0,0,0
59aa56af1f031b459aad981979f56102f47d1b0e,0,0,0,3,10,0,0,0,2,0,0,0,0
59bc454864b35df300b2d2dc4321d17cce7609e8,0,2,0,5,8,0,0,0,0,0,0,0,0
59d26244d62e536b323036c5e7a1f14150999915,0,0,0,1,0,3,3,3,1,2,0,2,0
5a868004517dca9705b9d331925376127f7579ea,0,3,0,8,4,0,0,0,0,0,0,0,0
5b3085d9c76b233b0d63e0912cc1295777db3df8,0,0,0,1,0,4,2,4,1,1,0,0,2
5b947a83dbcd0473993c007fb92d63f71accd952,0,0,2,0,0,5,4,4,0,0,0,0,0
5bad3cc30ed0f55da22982e1eb778ece7e30a0a1,11,0,0,0,0,0,0,0,2,2,0,0,0
5bcdeec863e9eae4f5047b6d2159ea3c7c356e34,0,0,0,1,0,4,1,2,1,2,2,2,0
5d266a15803ea50cf5d1ec4cf46c6362d41a42d7,0,0,0,2,2,1,1,1,1,1,1,2,3
5d31a1cef679f5a76bceeaa84e55170e46a1fbd0,0,2,0,5,7,0,0,0,0,1,0,0,0
5dbf51758a503ad97bb360ce61ff0cb29a43b10a,0,0,0,7,6,0,0,0,0,0,1,0,1
5e3282af519d6be48355570da096222380de9edb,9,1,0,0,0,0,0,0,1,1,1,0,2
60849968ba2ead5778740af919ef978e03722cba,0,0,0,0,0,6,4,0,3,0,2,0,0
616c5f191aa3ae096b7ccf1873933afec863dd24,0,4,0,5,4,0,0,0,1,0,0,0,1
61a070b019e6e34e911cb9fe8f0c84f0e5f7189c,0,0,0,1,0,3,3,2,0,0,0,5,1
622f0fe494bbbac58e32b40ef40e434a06adf7b8,2,0,0,3,1,4,1,2,1,0,0,0,1
62f222d3aba0314ec94af61deea5d047fcb5605d,0,0,0,1,1,0,5,1,0,0,1,4,2
63125cbdf50b755dc668af6c75346bed5c3c8bae,0,0,0,0,1,0,4,2,1,1,1,2,3
63d8687a454eea8ba6619a15f9bedbc3b0137b37,0,0,0,5,0,1,1,0,1,2,3,0,2
63daaddbd0b41af4c4357f6230d1de0841e5b430,0,0,0,0,0,3,4,8,0,0,0,0,0
63ea22cff30e936160631d7ec53219bc8f7bcfd8,0,1,0,3,8,0,0,0,1,1,1,0,0
6494ed30ca002a859647402e98a655e36b30fa07,0,0,1,0,0,5,1,4,2,0,0,0,2
656456de7af7d6f891148bc5dffdab4f9b7aad16,0,0,0,1,0,2,4,0,2,3,1,0,2
65d9286d49d53dbeda0c72169267ec513165e422,0,0,1,3,2,5,2,1,1,0,0,0,0
660612f49b5b8b52943c9562ec8ed76ccec3d83d,0,1,0,3,7,0,0,0,0,0,4,0,0
664cdc8ac6171d573fd8a74de8329a7fe64ef294,0,0,0,0,4,2,4,1,0,0,0,0,4
680866b390aa5e87ae7702e75f615e69b58cad3a,0,0,2,3,0,3,1,1,2,0,1,1,1
68603356fd6d4b4eca1b474ae7f6db6735537b0c,13,0,0,0,0,0,0,0,2,0,0,0,0
68a91d5a719b00680784be44fe75f9be26b92398,0,0,0,2,11,0,0,0,0,0,0,0,2
69287c3d1577de6724291956d935587eb25241f1,0,0,0,2,0,1,3,1,0,1,0,0,7
692c8e2ce7f144aa61b926dd48ef33fe6d053698,0,7,0,2,5,0,0,0,0,0,1,0,0
6948b82a4cb6b623edd815f23b6789596cdace3c,0,0,0,1,1,2,3,3,0,3,2,0,0
69c29397ccf0e5efc0f3dd6f219410b765b54e33,0,3,0,3,3,0,0,0,1,1,2,0,2
6a345e43f67a34534be736a6a8ebd294204d7738,0,4,0,6,3,0,0,0,0,1,1,0,0
6a857b7a3080f993415a98710bf64162ec58ccf6,0,0,0,1,1,3,4,1,0,1,1,2,1
6bf63de77c3066f69f5d8793cd0c9e7fb6d67063,0,0,0,2,2,1,5,3,0,1,0,1,0
6bf6cefb6029055744ac617bb79431b2bd685e66,0,0,2,0,0,6,2,2,2,0,0,1,0
6c0844054d4d3079583ec2984bd8c501ed6b9904,8,0,0,0,0,0,0,0,1,3,3,0,0
6c2c4fe1388e8cbbce0b012b66d04103dc130677,0,4,0,3,6,0,0,0,0,0,2,0,0
6d9ef54ae8c6651e8efccb5c8cd60356be372d17,5,0,0,0,1,0,0,0,3,6,0,0,0
6e34e3888727038d5b85ffda7bffa8b81c9a55ba,9,0,0,0,0,0,0,0,5,1,0,0,0
6e415a4fcbc0e04518416cfc87497dc87b953e83,0,12,0,1,2,0,0,0,0,0,0,0,0
703cdd4a4deefa2c12a1db9d2666596d27527e5c,0,5,0,4,4,0,0,0,0,2,0,0,0
7061e06df0adee129c5a63b003864b36a0455a75,14,0,0,0,0,0,0,0,1,0,0,0,0
7123f6d9172e377864679e82ce7b005a3620ff9f,0,0,0,0,1,1,5,2,2,1,0,1,2
71a95f7daee18db179ae89712eea47d65837346b,0,0,2,1,0,2,1,5,0,0,0,4,0
72641f27ff15544693dfeda0a25ce030b7f9055d,1,0,1,1,0,3,2,1,1,2,1,2,0
72f1dc6f31d5e7348ebc9b3797a96139f4be449e,0,0,2,0,0,2,5,3,1,1,1,0,0
72fcab40dbdb4e6ebf4883af9adbd6fa9f873f6f,0,0,1,0,0,1,1,6,1,2,0,3,0
73378f8af40e795461a4f6d45f433f3c5ed6891d,0,0,0,1,1,0,2,0,0,1,1,6,3
733b021b28e63cceb245304ef0aeea61999dde0e,0,0,1,0,0,7,0,0,0,0,4,3,0
7449cda5b1c9c3e960f35d387ffcc4d00dac2ca6,9,0,0,0,0,0,0,0,3,3,0,0,0
751c5f5b0887863a4e33ed489c6410443b58c7ad,0,0,0,0,1,5,2,3,0,4,0,0,0
7551ec408becb1634f127f19bc33302b510f45aa,0,0,1,1,1,3,1,1,1,0,1,1,4
75595df00d675e392a113a29ce0fa5778624102b,0,0,0,0,2,2,1,0,0,1,1,2,6
75707926cf2eb00a2cac7752bd9159fb820625b0,0,0,0,1,0,0,1,0,2,1,0,6,4
7591491497c0da8aa8eb3741744c961b709cf181,0,0,0,0,0,3,4,1,0,1,3,3,0
77007bfaba269ae3b1666ab5d17142ca77f7f7af,12,0,0,0,0,0,0,0,2,1,0,0,0
771700c132e594e45b4fc2f80d725a99460a5989,0,1,0,1,13,0,0,0,0,0,0,0,0
7815ae9b78cfc9fc80a9d1f8d235b9541d377170,0,0,0,0,0,3,6,0,1,1,0,3,1
785578ebd8e396e060101e1778fcf32fc01c768a,0,0,0,2,0,5,1,1,0,3,0,0,3
79457ad2635e37ac473f81dd121fa8c2b15d8e15,0,0,1,2,0,0,3,3,0,3,0,3,0
7c962a8dee25ac9f0bdeb110dd4b95665eafc97b,0,0,2,1,0,3,4,0,2,2,0,0,1
7cc809833a66bd8b50f1f75fa6c3a5766dbe8949,0,0,0,0,3,4,0,3,0,1,2,2,0
7d032abfe82e788040a5c77bbd6d8458c81f2a63,0,0,0,2,1,0,2,2,0,1,2,2,3
7d5562f103dc7f46a900860d9443f1ebe1081a88,0,0,0,2,0,2,1,1,0,0,2,4,3
7d73368ddaee4dc991389a5e0da99c5977ed8d5c,0,0,0,7,5,0,0,0,0,0,2,0,1
7d9f5884b1f5609154328cd873f3b011e9173196,0,0,2,2,0,6,2,1,0,0,0,0,2
7e1eb4c6f04012031fa1dded6f26a67fa63ae5c9,7,0,0,0,2,0,0,0,3,2,0,0,1
7e85e3439f14eadf0b0ddb37af5fa81560d9b076,0,0,1,3,0,4,1,3,1,0,0,1,1
7f15b504a661ce2df2a4b5ae75d2838b40ab056d,12,0,0,0,0,0,0,0,0,3,0,0,0
7f8b60694825a46d26a97b008ee40d0a79224062,0,0,0,2,0,7,3,1,0,2,0,0,0
819114fc35a0530eba3b1ad8a02cc2a241236f03,0,0,4,1,2,0,2,3,1,0,0,1,1
82cc059efb40fb3b2c81358d6a910b2fe265563c,0,3,0,4,7,0,0,0,0,0,1,0,0
841f58af7d6ff7c2cb9077edbf803bc54d9610b5,0,0,1,0,0,5,0,6,0,3,0,0,0
842175112759f603ff14890a45035f80e059774d,0,0,0,1,1,0,1,2,0,4,1,1,4
8484c07b14f4126a2a73d405b921c022b87b82f1,8,0,0,0,0,0,0,0,0,7,0,0,0
863240eb9c76641aed65fb3fc8abcdfb4243db0b,0,0,0,2,0,3,2,1,1,0,1,3,2
86aba74be37ed7e538349c8a7315ecc1a510d837,0,0,0,0,0,1,6,0,2,1,1,3,1
86d99e1a6672884885f08639b233ec1379752d3c,0,0,0,1,3,1,3,0,0,2,2,0,3
86e565c4f057ba20b462fe7a2df123d5bb071f2a,0,6,0,5,3,0,0,0,0,0,0,0,1
8970769667f874f23fa45a29d85653a5323a3e0c,0,0,0,0,0,0,5,0,1,1,0,4,4
897a756e1213684a74594bcb3ea88d8660d27cc9,0,0,0,0,0,11,0,2,2,0,0,0,0
89ced1e0f3d9f7b4df0fcb7164f18cf66c983f8f,0,5,0,2,8,0,0,0,0,0,0,0,0
89fa43393c32534ad1d68fa3aa41cb6e436e86ff,0,0,0,2,0,0,5,4,0,1,0,3,0
8a2ddb620937fd44d542b8038a1f8b6693e618cf,0,0,0,3,0,4,0,1,0,2,0,4,1
8a4c42c0b213abee7ccce89c251d3420ce74905c,0,0,0,0,0,1,6,1,0,2,0,3,2
8a6c8502dfd9d85d1d8a6f97fcada07b974d4b6d,9,0,0,0,0,0,1,0,2,2,1,0,0
8a7b2bd7a497482285f14298f8a98b3922676d53,9,0,0,0,0,0,0,0,2,3,1,0,0
8a92e9ffb1bc53f94dd9d94ead186d30120929dc,0,4,0,2,6,0,0,0,0,1,2,0,0
8c0b6fc693b6727aae6cd58b1156fc56499c5438,0,0,0,1,1,3,2,0,0,0,1,5,2
8d67921593b14f7fbfb30b3d6c47220cb7b4d64f,2,0,2,0,0,3,0,3,0,3,0,2,0
8d992fa6afcbfeac72b308120d4e496e0f3e382a,0,0,1,2,0,4,2,5,0,0,0,0,1
8dbbcfb3d1115d2f1170e38d136738af6abe55a2,0,2,0,6,4,0,0,0,0,1,0,0,2
8f066340ccade094f4a1726c623aaac10475ee71,0,0,0,4,0,2,2,0,0,1,0,5,1
8f2dc268b9d1da52d1105dac6f594472ae880437,0,7,0,1,4,0,0,0,2,0,0,0,1
8f39d3785cdc00e04eb88a8345c7e571f385f3a4,13,0,0,0,0,0,0,0,1,1,0,0,0
8faf15df52497a2a6e9ef35d7d1015db9df5ae9e,0,5,0,5,3,0,0,0,0,2,0,0,0
902e0726b39f493cd2b95f5252e776ac985d999f,0,0,0,1,1,1,3,2,2,0,1,1,3
902fa20d14cd620930f271f9ab33f5cb0db1f7bf,0,0,0,3,0,3,2,5,0,2,0,0,0
90351691d76b3d005911eef7765fc870fa8f1936,0,0,0,1,0,7,4,1,0,2,0,0,0
90ca3dcf0bed1cf95b3dc36a00a85520b6eba26e,0,0,0,4,0,1,2,0,1,0,4,1,2
91675f6a849f443a2bc97295d88a43d1dd3eed09,0,4,0,4,6,0,0,0,0,0,0,0,1
93f141a60e497d849c970dfc51a576470d1149db,2,0,2,0,0,3,6,1,0,0,0,1,0
93fe7573e2d7e16a529f45b152c18b43a54b0413,0,0,0,0,1,1,2,1,1,2,0,4,3
9563e65340533e6036ed8529ec3b4d962dab2fc3,0,0,0,0,2,3,4,0,0,3,0,2,1
96143cc260eadc2889e4108db3ef25f53c52233d,0,0,0,0,2,3,5,0,0,1,0,1,3
961a55c3a60a88ef13183f4fbfec36848a4cbe88,0,0,0,2,0,2,3,2,0,1,1,1,3
96e78a6b0147bf6768780c9259e78ba6f9c96d31,0,13,0,0,0,0,0,0,0,0,2,0,0
97ba3413b06460dc17f45a788b24c1003905c1e2,0,0,1,5,0,5,2,2,0,0,0,0,0
98a8a1b9c92c00c18e6c5d9f4012964c675755d2,10,0,0,0,0,0,0,0,1,4,0,0,0
990864c90f750e0c0dfad293b92f44dbf067072c,0,0,1,2,0,7,0,1,1,1,1,1,0
995e92760826abf0e3f2d30717907926dbb81e3f,0,0,1,0,0,2,0,0,0,1,1,8,2
999ef1b8e038ec5dca585bea081e1d3a94d7b630,0,2,0,0,9,0,0,0,0,0,2,0,2
99c38ebcee13ad856c1b5179a17031bf17c94dbc,0,0,1,0,0,5,2,1,2,3,0,1,0
99ed26108b73124abfb6419a90e6dbdd85e8e455,0,0,1,3,0,1,2,1,0,1,1,2,3
9b8507e167fe1b3ae81fc99b2819c9a4f8d5b30d,0,0,0,3,0,1,2,1,1,4,3,0,0
9c21f4017f9b82b3eea197da4179e62ccaba06a3,0,0,0,4,4,2,2,1,0,0,1,1,0
9cbec7908e650ec32c335b51f83581adb8ae05c6,0,4,0,5,5,0,0,0,1,0,0,0,0
9db4c02410eaba75c69798834acb8359488f1d28,0,0,0,3,0,2,0,6,2,1,0,1,0
9e3ecbe9a4fc369e261e70790e863078cb794aff,0,0,0,0,0,4,3,5,0,0,3,0,0
9e7d5dde2c29539abd8eab7bb625ed1b875dee56,0,15,0,0,0,0,0,0,0,0,0,0,0
9f124d3608803ec12654842573d79c26e1ce8cef,13,0,0,0,0,0,0,0,0,2,0,0,0
9f27ffc043663e44347102aa611d724a1b89ba45,0,3,0,4,8,0,0,0,0,0,0,0,0
a02a290bd37f64b4e8c3be2879a1d380fe884bac,0,0,1,1,0,5,3,2,1,2,0,0,0
a1b37fd9bee5fca5bf25e882192afa3fbdc9dd3c,0,0,1,3,0,3,1,4,0,2,0,0,1
a21fbc669140b6ac7d78e96f471e75c3096d983f,0,0,0,1,1,4,1,4,0,2,0,0,2
a21fdd2573269a358b8fc469ce4e86fa8499d69b,0,0,0,0,2,2,0,1,0,1,2,3,4
a267528a677105255a2e069f01f6951a6348f5ed,10,0,0,0,0,0,0,0,2,3,0,0,0
a2be630ce45f28def642b2163bfb0e533507b09c,0,0,5,0,0,3,2,3,0,2,0,0,0
a31e02295a3af2d4ff9a371af0143103c2786f7a,0,0,0,0,1,3,2,2,0,2,1,3,1
a33c74d11a17e765bbc62db7290a4ac38c2acc96,0,0,1,3,0,7,3,0,0,0,0,1,0
a35ac6104633b3c97e83524df6818f726159cd0c,1,0,1,1,0,4,4,2,0,1,0,0,1
a367780feadb4c0918790273398848bdda1491eb,0,0,0,0,0,3,2,1,0,5,0,1,3
a4e369ed4d44f2f21113c6760cd92215b1f8ef76,0,0,0,1,0,2,4,2,0,2,0,2,2
a4fbdbe72621c5a4660432fa077e85151aa7cacb,0,0,2,0,0,5,2,3,0,0,2,1,0
a59ca3e453dd1aafa26303769aa0a3c8445344f5,0,0,1,2,2,6,2,1,0,0,0,0,1
a5a6d015ee27475e5e083ce1a3750f45552d16e8,2,0,1,0,0,3,1,2,1,0,5,0,0
a6b6fac380af849477f128fcff91b7c87e7474cf,0,0,1,0,0,2,4,3,1,2,1,1,0
a7c95d69993bebdb5877185c04d06bb1cc3b3b26,0,0,1,1,0,0,3,2,0,0,0,5,3
a88794036602ff30f6489559228d52e90de17000,7,0,0,0,0,0,0,0,4,4,0,0,0
a8e40fec08a60082e3aa6a28f28f71ee3fa436ae,0,0,0,7,7,0,0,0,0,0,1,0,0
a906485bbf5e67e732d8422086f6446b125fb8be,0,0,0,1,0,2,2,3,0,3,2,0,2
a9b799a2793955de1b23f6cee10192f20de93be4,0,6,0,5,1,0,0,0,0,2,0,0,1
aa2e664e57fc009311260dbf40d147f211ec2f54,0,6,0,5,3,0,0,0,0,1,0,0,0
ab4363c512c9ec0e9236f6a05c2bae96a9119dca,0,0,0,3,0,4,1,1,1,1,0,1,3
abf4415365143022663925439a7180beda8d14a0,0,0,0,1,0,1,5,1,0,0,1,3,3
ac8b4013bac434dc0f3cca7872bd947ac14a704b,0,0,0,0,0,2,6,4,0,3,0,0,0
ad4644e2a800271c5664ab4591ede0cf289a4a9c,0,0,0,0,0,0,5,1,0,2,0,4,3
ae1d1932e29310668f0655597c5368ce81f6354e,5,0,0,0,0,0,0,0,5,5,0,0,0
aff7b9e139597d5e2f9751e29e790ea5ceafa960,10,0,0,0,0,0,0,0,0,5,0,0,0
b06df4e6213d39e9bd45baff8fbd3a36cff72ea7,0,0,0,2,0,4,2,0,3,3,0,0,1
b222fe96748aebd95179a21d2ecb5150714055fa,0,0,0,1,3,5,0,5,0,0,0,1,0
b249d11628a9a4c1b43d05dcd72e475a70f54c69,0,0,0,1,1,0,2,0,0,1,1,7,2
b345d197c3c13dcf44059ba740d47debf79ba06f,0,2,0,4,7,0,0,0,0,2,0,0,0
b36e8de65e728979d00aae29b4e405ae58626d34,0,0,1,0,0,2,3,1,0,2,1,2,3
b4ab82bf8a9cd73f2feaeeaf7304393d9951d9b2,1,0,5,3,0,6,0,0,0,0,0,0,0
b554b7d65e3c3d2a437a02c2822189bd4e8de98b,0,0,0,0,0,1,3,1,0,7,0,3,0
b726df0a9b08bf3355e92da6128c3a87a1e8422c,0,0,0,0,1,0,3,1,0,2,1,5,2
b75ac3b1195262634200b6c84a5f7bbc50128249,3,0,1,1,0,1,0,5,0,1,0,0,3
b78594d9b02f0a89c36b0251466ca3b3c2585d45,7,0,0,0,0,0,0,0,3,5,0,0,0
b85dc184001a819e2b97405422e57fc6d76d8be7,0,0,4,3,0,1,1,0,1,0,1,1,3
b8fec380908969767456d94f91457b4687758408,0,0,2,3,2,4,3,1,0,0,0,0,0
b948913d8c639fffbeb56fc94ac747b0c3c8f94f,0,1,0,2,11,0,0,0,0,0,1,0,0
b9a44f2be1bf50dc659110514c4e1b3a31205f16,0,0,1,3,0,1,2,4,0,1,0,1,2
ba0d0ca1ff56f5d481926713c016d91154404106,0,4,0,1,8,0,0,0,0,1,0,0,1
baa6db63605b3dd838648e782a2909d5441a7b20,0,0,0,1,2,3,6,0,0,0,0,1,2
bb421d90d44371e06db1f3ff0e8344da8c6f4ced,0,0,1,3,1,3,5,1,0,0,0,1,0
bc00bef6fd1aee6a98e7cb0e87e259a8a18c6863,7,0,0,2,0,0,0,0,2,4,0,0,0
bc57830a73ca9ba2625f6c23451036c7961b40a0,0,1,2,0,0,4,5,1,0,0,0,0,2
bc9f4f7efbe1224be9fe1d77d479a8e721c11563,0,0,0,0,0,3,3,2,1,1,1,2,2
bd0c9d42cb08dc2f2195dcc81bce55de238d8c05,0,0,1,0,0,1,3,3,0,2,0,2,3
bd71dd161f63384bb00d8925bfacc9b70f85dc43,0,0,0,4,10,0,0,0,0,0,1,0,0
be4b3a55bfaf73ef80e9622f824fc6cdf8b7b258,0,0,2,0,0,0,2,6,0,2,0,3,0
be554b455b89a0384e4d81bfbd83a55f412e3abb,0,0,2,1,2,0,0,6,0,2,1,1,0
c0258b569ab54221f7c413b18f67ab327ea88d95,0,2,0,5,4,0,0,0,0,0,0,0,4
c03cf98ab8406e23f6319824111a752d90003548,0,0,0,4,0,2,1,2,3,3,0,0,0
c117ff0516b881f6a7852dec33a63d0fa09bca93,0,0,0,1,0,2,6,2,0,0,0,0,4
c1fa5612bcb25a4328ff4988ca4edef8eb94ab35,0,0,0,0,1,4,3,2,1,0,0,2,2
c2845f5cfecb1ee2eef65868c435bcf099517296,7,0,0,1,0,0,1,0,5,1,0,0,0
c34b5f71be3c8293d6a5bfa69fb31adf2326aeaa,0,0,0,8,4,0,0,0,2,1,0,0,0
c3a361d1cfffcbff37695e98819d5a7b0459be3c,0,14,0,0,0,0,1,0,0,0,0,0,0
c3c96b5ac7d1ac48b98e14c8fa2526b651b20b32,0,5,0,3,4,0,0,0,1,0,2,0,0
c4c8d18d8d72b568522fe5cd33566931458affa9,0,6,0,0,9,0,0,0,0,0,0,0,0
c55514f8715dadac66ef88b235a215a16d16c2c4,0,0,1,1,1,1,1,5,0,2,0,3,0
c57d6cc9968109d3a5ed4ec1bc53a4b120cba250,0,3,0,3,8,0,0,0,0,0,0,0,1
c58fa8c592e8117079bab44e9fe6a9e7ade612c5,0,0,0,0,0,2,3,0,1,1,0,6,2
c5b16a7b5f9e9e805a1489fa2c22f519df9d925f,0,0,0,0,0,3,4,0,0,1,2,4,1
c5f4b81bec9b39e866e9fd3de486846aca1a0571,0,8,0,5,2,0,0,0,0,0,0,0,0
c6dd88179e44e85d2c6d13b572e9c490209d0b46,0,0,0,1,2,5,2,2,0,0,3,0,0
c786e556a0dde1bd429e96624ce1f51e97e83c64,0,0,0,3,3,4,4,0,0,0,0,1,0
c7a31ccc81a8c7e0734fa306c2da401178e46218,0,0,0,2,0,3,3,1,1,1,1,1,2
c7eea4461633617e4e985f6c6f02fdf39959ff0c,0,0,1,0,0,3,6,1,3,1,0,0,0
c8139c6657417fd4cc96793a0b8d0a8912e0c234,8,0,0,0,0,0,0,0,1,1,3,2,0
c847da439d9e97837b2eb27f912eb0f8047b5e33,0,0,0,0,1,5,0,1,0,1,0,6,1
c8b2fe9743f6c0b1d142e47f21213347cec57990,0,0,2,0,1,2,1,2,0,2,0,4,1
c92b357f52e23ccf877809353210374ae0a5e049,14,0,0,0,0,0,0,0,0,1,0,0,0
c9debb0c1d26b21f3030c567ee22a33eefa3e626,0,5,0,0,8,0,0,0,0,1,1,0,0
c9f691d796d763e2006f6fdaf555bbd019dc0418,0,1,0,7,4,0,0,0,0,0,1,0,2
ca27c235b33abe586d4ca818f3de094aba098214,0,3,0,5,2,0,0,0,0,0,2,0,3
cabc55e39e092a68da54f9f02d2f2ae4454711ef,0,0,1,0,0,5,3,3,1,0,0,1,1
cb8d3bea106f7f67e3d974d49069cc26b0179609,0,0,1,3,0,1,5,2,0,3,0,0,0
cc0f044144f4d33c66ef4ac20cc516b78c5bf825,0,0,0,1,0,2,3,5,1,2,0,1,0
cc2d9eb5826e2e6e571ab4c5d7b0b230d685b92e,0,1,0,5,9,0,0,0,0,0,0,0,0
cd711f62e8f9394009f6fd028031e9df6be8438c,13,0,0,0,0,0,0,0,1,1,0,0,0
ce4f81d7b9666ece2068c17bfa239f39580ab3ca,0,0,0,1,0,5,1,4,1,1,1,1,0
ce8993fc8e00b884269c8e63e9aa2af53b387e28,0,0,2,3,0,4,2,2,0,0,0,0,2
cfc62245ec5d9a8cd8dd6ce2e9b0253133f0eb41,0,0,0,1,1,2,2,3,1,0,1,3,1
d02bd798708868b203319796db89e86a8bbe7e82,6,0,0,0,0,0,1,0,4,4,0,0,0
d07be9982598bc1e01f732a902c9d99291c99d7a,0,2,0,4,9,0,0,0,0,0,0,0,0
d127567bdefd2d2d5d431a44b13fb9f9433eb577,0,0,0,2,0,3,4,1,1,1,0,1,2
d15e6fb57b58c0689ffddb93f5cb3b44cbb64d09,0,0,0,1,0,0,5,0,0,2,1,3,3
d1721338b53a25956efa043ebfe96e29c9566e31,10,0,0,1,0,0,0,0,0,3,1,0,0
d1793fe142792de06ce28aeecc6874b01f5bdb55,0,0,0,0,0,5,1,3,0,0,0,4,2
d1b1be95ab77b18a19cd7bc54373be30841ab790,0,0,0,6,0,0,1,3,0,2,0,3,0
d26411abfca96533349068f7a48f24ce4cb43019,8,0,0,0,0,0,0,0,2,5,0,0,0
d2f58f2a00b655ba91775105df96b6bc75e775d0,0,0,0,0,0,5,1,4,1,0,0,2,2
d3078cfa50655c3f3af875f59b4ce8907676f905,0,0,2,1,2,4,1,0,1,2,0,1,1
d3d3924edb43c7ef49158a7d689c0ed9b9b856a4,0,0,1,0,0,3,2,7,0,1,0,0,1
d432e2d4f2aef453791b9f22b8ad28474e03a02f,0,0,1,0,0,3,2,2,0,2,2,2,1
d435288f14b00e4c2610957cfc90652162c9b357,0,3,0,6,5,0,0,0,0,0,1,0,0
d604991f88fe28305fa94041af17583b5bd0d1bd,11,0,0,0,0,0,2,0,0,2,0,0,0
d63d4014beba1c32c33f1e6e5cf3262a3c312082,0,0,0,0,1,2,4,0,1,3,0,2,2
d6d747de00a8ed2b14779d22d29271d5367cb2ee,0,0,0,3,0,4,3,3,2,0,0,0,0
d72701ca6686866b27fdb66b38238304fa7bab3f,10,0,0,0,0,0,0,0,1,4,0,0,0
d732c3cff171fe0f9c014f8407e0aad33931c0f2,13,0,0,0,0,0,0,0,2,0,0,0,0
d85c86589f5bf9c479ad923df5e6b8e37ecb772d,10,0,0,0,0,0,0,0,1,4,0,0,0
d8fb3e98307e6888c7acb3081795605a6f903e0c,0,6,0,0,9,0,0,0,0,0,0,0,0
d9024578a0ccbaa67a4043ae31c48c1d78be2a92,0,0,1,2,0,5,1,1,0,3,1,0,1
d98125658cd3e1ee23ba411de0c0e15e7d3f9f47,0,0,0,9,3,0,0,0,0,0,2,0,1
dadc243a51acfab170c77cb268d53fa6a1325230,0,0,0,3,0,2,3,5,0,0,0,2,0
daff481ca492bd767b4279fb69fff1a48bc7c750,0,0,1,3,0,1,1,1,0,2,0,5,1
dbb08172164c8e3c73924b2c5c59a4d0527edd09,0,0,0,1,2,2,2,3,2,1,0,2,0
dced5cf14dc3943eec739a4e6e8059017662a877,8,0,0,0,0,0,0,0,5,2,0,0,0
dd9d02e5ab0d4bf9e3b0eaa987aa68059d2a0546,0,0,1,0,0,0,4,5,0,4,1,0,0
dda4a163ac1ec52901fd7c917bcb852021551e97,0,0,0,3,2,1,1,2,2,0,0,2,2
de0371e0c9aaa9c89df83a6506a1c6cf79c99543,0,0,1,0,0,2,3,3,1,4,1,0,0
de2d188e75e9226ed0283e16a76e650e6b6d9c94,0,4,0,6,4,0,0,0,0,1,0,0,0
ded5c5224136acfe553b15887a93682d67dc43d0,0,0,0,2,1,3,5,1,0,0,0,1,2
e01f6a6d71f7635d613dbcfdc80fce18ad50a0b3,0,0,0,0,2,2,3,0,0,2,1,3,2
e0610aa6d4f52fc480a528d9dd7925ae356cc6a8,5,0,0,0,0,0,0,0,4,5,1,0,0
e12bba3645b7aa560d32c3164a53e64ba0a5f12e,0,0,0,0,0,6,0,4,0,0,0,2,3
e18fca24fec8b954570af7954933010171d3185d,0,0,0,2,0,1,4,2,2,1,0,3,0
e1c09fe911488fc6459a92a44cc1f51c5a2772f0,8,0,0,0,0,0,0,0,2,5,0,0,0
e247f1d9444919643eb20dd6c1676f23af39822d,0,0,0,1,2,1,5,0,0,1,3,1,1
e50d32b8eb3010fd0288ea3adbde28fd2ca71300,0,1,0,6,7,0,0,0,0,0,0,0,1
e621c8a9ef86589b55221cc5a1f06aa402d73693,0,5,0,4,6,0,0,0,0,0,0,0,0
e6a3c64048b2a26771237aef801d23a7981be0c5,0,0,0,0,0,5,1,3,2,4,0,0,0
e7a5b21037d7c620623c1fb761993d796fac545d,0,0,0,1,2,0,3,1,0,2,1,3,2
e7cf5ad0043652dce6e1f230132e37dcade762c2,0,14,0,0,1,0,0,0,0,0,0,0,0
e81a375eed033c9d7d4ee25d7ed3cb202f466d7e,8,0,0,0,0,0,0,0,3,4,0,0,0
e9566f0c0a6cce5d0840ac27cd4383ffb5788f0d,0,0,0,0,0,1,4,1,0,1,3,3,2
e9b33f56571fd54afe307fd7a4aedc3ea57278e1,7,0,0,0,0,0,1,0,2,5,0,0,0
e9b4d5905ab913401148845f1a93e44bc294222e,0,0,0,0,0,3,5,4,0,1,0,0,2
e9fe8051c7ed0c97cc5e02afd3992d3657c2b85b,7,0,0,1,0,0,0,2,2,2,0,1,0
eab4afd06ff5a364cf919f0f53466c78cf57df5b,0,0,1,0,0,3,4,1,0,2,0,3,1
eb99c866379a60df35fa5b777ed6046e5a7941a5,11,0,0,0,2,0,0,0,0,2,0,0,0
ebf976c3b70883a014bbdae88b0b1b5f37842750,0,0,0,1,2,3,3,0,0,1,0,5,0
ec42f7d42531e75fbd5e0cd8c15fd9d316fd9ebe,0,3,0,5,6,0,0,0,0,1,0,0,0
ec73e8eddb0a190bafdbaeee4cca936d5ee2f51e,0,0,1,3,1,0,2,3,0,0,0,4,1
ec7aa2cf3bfa6f6388721006f3e150eb8ff98d55,0,0,0,1,1,4,3,2,0,1,0,1,2
ed0026ebb0867cb030209893791802ddc7a2ab34,6,0,0,0,0,0,0,0,2,7,0,0,0
edca42e6e2b5e2d2bb8773d964a48d6af4db5a25,0,0,0,1,1,0,7,0,0,0,0,4,2
edd9e9fb62755cac1413668153aef85c04b71a5a,0,0,0,0,0,4,4,0,2,4,1,0,0
eeb956f0798a9a682b96d339ced792d62f08a718,8,0,0,0,0,0,0,0,3,4,0,0,0
ef9951da6c98bd737728847a33d4fa547ee693dc,1,0,0,2,2,0,4,1,0,1,1,1,2
eff592a7dff2d95dde51491b20f5fd375b8b525d,0,0,2,1,0,4,3,4,0,0,0,1,0
f03736c7fd1ba00688cc9278ff00bb9a0d3fb551,0,0,0,1,0,0,7,1,0,3,0,2,1
f17e542152b1cc1125884577552f5c35c3fce66e,11,0,0,0,0,0,0,0,1,2,0,1,0
f1831e8e94df480a6c53bcbfa1e10094b16ca02d,0,0,0,4,0,0,5,0,1,0,1,0,4
f295f8ca47210c592e7d57d11fc5432cd5c1b41a,0,0,1,1,0,5,0,2,0,0,1,4,1
f33d602eaa93540d326e0dc356f7a89030665580,0,12,0,0,0,0,0,0,0,3,0,0,0
f4a895c07927305fc49f8daca4fd3c2fc2a89bde,0,0,0,1,0,1,5,2,0,1,0,4,1
f4cda664560a8b9497db0c9d0595b40cf221a015,11,0,0,0,0,0,0,0,1,3,0,0,0
f4f0ccc9405fad6907d7228af185eb0076cf1654,0,0,0,0,0,6,3,3,0,2,0,1,0
f5b2cc11cfb8789f2dd0722a31171f48b29780c9,0,0,0,0,2,2,5,0,0,1,0,4,1
f5eafc58c1e32d5a4c75ee988c368773eb4cea36,11,0,0,0,0,0,0,0,1,3,0,0,0
f7db506733f6f548e10e0200526ba1aab3d656be,2,0,0,0,1,4,3,2,1,1,0,1,0
f86d171f107fb286860cc1ba050763bfd2078591,0,0,3,0,0,3,2,1,1,1,0,2,2
f877a19eee814b9769bc9c1bce98b77b508ba6bf,0,0,0,0,2,4,2,1,0,0,2,3,1
f90c173df1e0600f855765eb7a6faf2c81a1de29,0,3,0,4,4,0,0,0,0,0,2,0,2
f9e1c263fb6d6f5f80af0301bca16ead3485547e,0,0,1,2,0,7,0,2,0,0,2,0,1
f9fff443790bbbbb87f17a9dc919546009fd6d47,0,0,0,0,0,4,4,2,1,2,0,0,2
fc214549506b51938249104655c16e2b8ce0044c,0,0,1,0,0,5,1,1,1,5,1,0,0
fc65121c759e000d73f01d2fe716140b6b3b493c,10,0,0,0,0,0,0,0,1,4,0,0,0
fc6e9aca66239f5311286fb0a6f3869dc0af6008,0,0,2,0,2,5,2,2,0,1,0,1,0
fec0b0e523aee546e13a05f85bc67811b721c700,0,0,0,6,6,0,0,0,0,1,1,0,1
ffcb3d166815577b0b6c7233c8d34c3794cbfd20,0,0,0,1,0,2,3,1,2,2,2,0,2
0038287c1f4acee6cc02f5c0ff8b988b67987e42,0,0,0,2,1,1,3,1,0,1,1,1,3
00ae4a81f2bf66cb919aff44c6d374eb54da09e5,0,0,0,0,0,1,3,2,1,1,0,4,2
00b6b6f19c0e585ad20c03286136acd7184f1cc1,0,0,1,3,0,2,2,4,0,0,0,0,2
0102edcd828d57eaf4df6419e26211ee6bc4604e,0,0,2,1,1,2,2,3,1,1,1,0,0
0156c2b30d5782eb30f1b233adedd9a2a5905c34,0,0,1,2,1,6,2,0,2,0,0,0,0
01898a8882249fc08e8bcb144c1a27a2627c24fc,8,0,0,0,0,0,0,0,0,6,0,0,0
019ba1954973c9cdf005d7404455b7ff641ce93b,0,0,2,2,0,5,2,2,0,1,0,0,0
01bce43ea87083682dced232beff91231d645c18,0,0,0,1,2,0,2,1,1,0,0,6,1
01d43b579ba09ee688f59614f6286d81a1a9b7fc,0,2,0,7,1,0,0,0,0,3,0,0,1
02a8b5b9eea587bd25087afc4a25cef77ced8346,0,0,1,2,1,4,1,2,1,2,0,0,0
02ae21f749e733519a97cf6d2e7f07dbcb4b0e8f,0,0,0,2,0,3,2,2,0,3,0,1,1
0360c46511480ab40290771e5391bc5a360be571,14,0,0,0,0,0,0,0,0,0,0,0,0
03cb17b4d029e549e6579b1331e17c5dfafe7397,8,0,0,0,0,0,0,0,2,4,0,0,0
043b029de3717c70694822beb60d21bfc150eef2,0,4,0,2,5,0,0,0,0,1,0,0,2
04bf77aaada9048f970618237b5200c024b25666,0,0,0,1,1,0,5,1,1,0,0,2,3
04f6b75279fa5bd4501b6ba144ba06d0140a7f85,0,3,0,4,4,0,0,0,0,0,1,2,0
06ef20e67ef685f6fb2805aeb2943c2598237c62,0,0,2,2,0,2,2,2,0,1,0,3,0
0714993bece32ff7746d62fcff080ce07b7fe79f,0,0,0,0,0,0,5,1,2,5,0,0,1
07a6d45855740c760d44d15ffeebea1870953257,0,0,2,0,0,2,2,4,0,1,0,1,2
07da377655b5a481fd36202c03a81d01833c0511,0,0,1,0,1,1,3,3,1,3,0,1,0
08558a5590e2946f4d162086c0b580a0b64a0e1d,0,0,0,1,0,1,6,1,0,0,0,1,4
087ff48231bd100a4b86b8de146be8d77706dee6,0,0,0,0,1,2,7,0,0,1,0,3,0
099da7a5a00ea40eecdc3bc3d6730445ff10b5ed,0,0,0,1,0,4,1,3,0,2,0,3,0
0a106f3bf462760c967ec7c94f50695bfb2dd143,0,0,0,0,4,1,3,1,0,0,3,2,0
0a2f617e4c565ab8f991d5ef1a9027b32f036f8c,0,0,1,2,0,6,1,2,0,1,0,1,0
0a4e8c99fdf149655475c145abcb1473893c6d71,11,0,0,0,0,0,2,0,0,0,1,0,0
0aa1ac3d8791a8150ba85e7d1f4fc03fe068d8b6,9,0,0,0,0,0,0,0,2,3,0,0,0
0bc53c963d06e667565350157382fde8eedf90de,0,2,0,5,5,0,0,0,0,0,2,0,0
0bd5257b749a3fea68ba8318597a7e3852fbbd77,0,0,0,0,0,4,2,3,2,1,1,1,0
0bd648860fdd8f1cfbd5e395da6e42ce4a787d91,0,0,0,0,0,2,1,1,1,1,1,2,5
0c1c277eaf495a4f03d7a9679b7db778afd78420,9,0,0,0,0,0,0,0,1,4,0,0,0
0c351793570edd08d84ff7128235b95cacb893a9,0,0,0,0,0,2,0,0,1,1,2,6,2
0d6b1fe8fe06c08bd3cdd550a519c88ee9b1880a,0,0,0,1,0,2,3,1,0,4,1,0,2
0d7ad08549e096ae3a0c28988a636240b747b91b,0,0,0,8,2,0,0,0,1,0,0,0,3
0e0690aab81164c7f9b56d67c07d5f351c6689a1,0,3,0,4,7,0,0,0,0,0,0,0,0
0e71d1d17d0064eeccc76e82b9fd7af56a89fe44,10,0,0,0,0,2,0,0,1,1,0,0,0
0ed585f2750ecd8550bbe0bb1e2e60d90f38f2cd,0,0,1,0,0,5,0,3,1,0,2,2,0
0f28b1388a13214e67bff25a4369b6f6c40460c0,0,0,1,1,0,3,2,2,0,1,0,1,3
0f7c553647d9032ba7bd7d185f6183609885a43c,0,0,0,0,1,1,5,0,0,0,4,0,3
102a381816ed5feca39f4df851e35a0fac9dc01d,0,0,0,2,2,2,3,0,1,2,0,1,1
10bbac5f38de5096fe5dc001380c0f50e9c365cf,0,2,0,4,6,0,0,0,0,1,0,0,1
1180707f08a2240f9f5706efdf0fe32c903de227,0,0,2,3,0,1,4,3,1,0,0,0,0
11a2537b0395e8d8ec98ef010760213fbf76dbdc,1,0,0,3,0,1,1,2,4,0,0,0,2
11a3929fbbab5eebbb15f03d923cb8a66366ca9d,9,0,0,0,0,0,0,0,0,3,0,2,0
11b42b171d6eef17cbcd670ab936aefee5bb963e,9,0,0,0,0,0,0,0,1,3,0,1,0
11c552739d8963d93fc0bf8f792174ded0acacf9,0,0,0,1,1,9,0,1,1,0,0,0,1
11c7153fa4d28cd41fb3f2396c321d1c7e724ae0,0,0,0,0,0,6,5,1,0,0,1,1,0
11e28f8213ebd3f14643188cc799862c94beb2b2,0,10,0,0,3,0,0,0,0,1,0,0,0
130dae9d584465d89c4d1cc02678f31b28a16338,9,0,0,0,0,0,0,0,2,3,0,0,0
133850c32537e2d017bee0b4923566b73ce23b6d,0,0,0,2,0,4,1,3,0,0,2,0,2
1346e9e806a3d94aa5f8f0d8868bc1d5849639cc,0,0,0,1,1,1,3,2,1,1,0,1,3
13659c758e451e4ce3ee3c4fe99a308a3c962279,0,0,0,4,7,0,0,0,0,2,0,0,1
14a2b33c02c24cb093645f5ed2239cdf70785c09,0,0,0,0,0,1,2,3,1,1,1,4,1
14a3316bd36f01cbdca592f0546ca709fcd4c19c,0,0,0,2,0,2,3,0,0,0,2,4,1
14f23d4ba481d6def63cf0db4eb8f8d8a4945b39,0,0,0,0,3,1,1,2,1,2,0,0,4
15762efc1f52d06087f63735779b882113be204a,0,0,0,0,2,5,2,3,0,1,0,1,0
15eee0fb5f4259043ddbcd678f41b2c0470f734c,11,0,0,0,0,0,0,0,0,3,0,0,0
166e8ea5df15cecc0e15f1472fd2922e4ed0786b,0,0,0,7,5,0,0,0,1,1,0,0,0
1675f154528c7a297003df2536ce2a6db3edad53,8,0,0,1,0,0,0,1,0,4,0,0,0
17258f2b4fd80cf0f481c215c4663f1c479dc515,0,6,0,4,3,0,0,0,0,0,0,0,1
1752f1837d32b1e320193a8e1f1dba7a7ed00bc7,0,0,0,0,1,0,3,1,1,1,1,4,2
17b246bc499a8c27d71900fbcb549a9ec4a0738f,10,0,0,0,0,0,0,0,1,1,0,0,2
17d485e12292ca336cbb3411985fe46305b3af1a,2,0,0,0,0,1,2,1,0,0,2,1,5
17d5189da7ee9917f5d72a034bdbcac544840029,6,0,0,0,1,0,0,0,1,6,0,0,0
19014bbe516ef599cad18c311017e508680b8cd9,0,0,0,0,1,0,5,2,0,2,1,2,1
19f63d13b2b73fdc0839efe5e8f178f162015bc3,0,0,0,2,1,2,2,2,0,2,0,1,2
1a5983375585b083188a338340ccee5f8ab9631d,0,1,0,5,3,0,0,0,0,0,3,0,2
1bab0198ac79c4957cea61ea3f5d0f3613ef91bb,7,0,0,0,0,0,0,0,3,4,0,0,0
1c6bec1402aa15be65fa565e6ebd379409a0d7a2,2,10,0,0,2,0,0,0,0,0,0,0,0
1c9c443d7dc27f8fd13a20914bd699cfe6783325,0,1,0,1,7,0,0,0,0,4,1,0,0
1cb0e1d6a1a26bd9a80bb057a042446cbb6a4c2d,0,0,0,2,0,2,2,1,0,2,3,1,1
1e2793da4c95cbdf67779f2be2d35fab612b53fb,0,0,3,0,0,3,5,0,0,1,1,1,0
1e34cca0c8ee026f3b274bf2d5d0e8523cab5e8e,0,0,1,0,1,2,6,0,0,2,1,1,0
1ed1c2578347c7354592bed20c8a39423e59b046,1,2,0,3,0,2,2,1,0,2,1,0,0
1ed1e3ccde479a4d05992295f46313741a34bf98,0,1,0,2,11,0,0,0,0,0,0,0,0
1fd5ab8ceb97b8e8b3ed3426db5bdf1c3e86688f,0,10,0,2,0,1,0,0,0,0,1,0,0
20809fea6697f5cba00c9b4137a7bbecafdc82a2,0,0,1,2,2,3,0,1,0,3,2,0,0
211c18caadfcd48eab65254b8b198d29fe6746d9,0,0,0,1,1,3,3,1,0,1,1,2,1
213114e30e76f212f5c924b7f414b2b4550447f5,0,0,0,1,0,0,5,4,0,0,1,0,3
215b991f5d2d1688d4455505f2d2c2d3a0abf6a6,10,0,0,0,0,0,0,0,0,4,0,0,0
22a1eab766b8c8378412c5a3120eb8adadb2c85c,0,0,0,4,0,3,0,0,2,1,0,2,2
22c7b029f5e11dabe1d843646d342bfed5da8944,0,0,0,0,1,0,5,1,1,1,0,1,4
232f8a63c5051228f5a064d86b31d6e25887a3d6,0,0,0,0,3,2,1,0,0,2,0,4,2
23cd9dbf8905c3938a85bdceeb7e55bf465059e8,0,5,0,1,5,0,0,0,3,0,0,0,0
24cc66cce18ef65dd1d3064b9fc803b3f80b336f,0,0,0,1,0,0,6,0,0,4,1,1,1
252b7b2d67c0add3c4c96e7230f987e7b31d3de4,0,3,0,1,7,0,0,0,0,0,1,0,2
2573c5db44f1f017899f462bc69085bbf5fe309d,0,3,0,3,6,0,0,0,0,1,1,0,0
259ad65d2681f0f3918efac45f3d2ab6e43828b9,8,0,0,0,0,0,0,0,2,4,0,0,0
259db5cb1a188e5bcd8d52c96dadeac9e498100f,9,0,0,1,0,0,0,0,2,2,0,0,0
26e450ef62e9b9e9df6414e7fceedf2e21cf1ca4,0,0,0,0,0,6,1,2,0,5,0,0,0
27181c8df8720d88ea38cae9bd42ebb4c150d737,0,0,0,1,0,1,2,0,1,1,2,5,1
275664e1c60702b6719dce27d26622edc1e57384,0,0,0,0,3,1,2,2,0,2,1,3,0
2758e2a7ca4e8390a8331154682cb072a0b9693b,8,0,0,0,0,0,0,0,3,2,1,0,0
2838ccb39e42c4ad94cdae92afbdd2f09827f7ae,0,1,0,4,8,0,0,0,1,0,0,0,0
28eab5b3eb1223b88a27b7eee54be1fbceb59ed7,0,0,0,1,0,0,4,0,2,0,0,1,6
2905fabb1d2bd1391620b0aa4f90aaa4bce8bce6,0,0,0,0,1,1,1,4,4,0,1,2,0
298717b085a4ea8875e8baef2fe34b6dc59a677d,0,0,0,0,1,0,7,0,0,0,3,3,0
2995a50e45ff6b825a2a2f1245af67d2610ff7bb,0,3,0,1,6,0,0,0,2,1,0,0,1
2a0da5d6ab3addbd114bbf355f5a3d2bafab3063,0,2,0,5,6,0,0,0,1,0,0,0,0
2a634100f2616a0e41a3690cd0304ff87f8815f0,0,4,0,3,6,0,0,0,0,1,0,0,0
2ad66b7da84dd1f696d31bff3683074c5104efa9,0,0,0,0,0,6,3,3,1,1,0,0,0
2afa3545bcb0ea05abf65aac1fcfa87cb92b979e,10,0,0,0,0,0,0,0,0,4,0,0,0
2b46d351a08054f6aad41b6b2723d7d30129459c,0,0,0,6,8,0,0,0,0,0,0,0,0
2b60c06207713fb66a9edf06690765189081a806,0,0,0,1,2,1,1,3,0,3,0,1,2
2bd6b072fdd0b026bad518f8bd3406b46ec5b32c,0,0,1,0,3,1,4,1,0,0,0,0,4
2c4353388e5f1b6d1ce1cc5debff8b290dd3377b,0,0,1,1,1,1,0,2,0,3,0,3,2
2d94e8b3eac29b394c20b35c7fd54c47468d90eb,9,0,0,0,0,0,0,0,1,4,0,0,0
2ded4271a0906f4f34bec9316cf1b6cf9288d7f2,0,0,1,1,1,5,1,4,0,1,0,0,0
2f998c2b25b2f4d6f94197dffd7fd5cb0e4a8cd6,0,0,0,1,0,4,3,0,0,2,2,2,0
30a7a87e8d856fe37d9832a524f6b8572a5f40c0,0,0,1,0,0,5,1,1,1,2,0,3,0
30e5d7cc5a9ad8a140b65ead962e522f8962ea26,0,1,0,5,7,0,0,0,0,0,0,0,1
31130c117a3154410b7997f8f40aab4a6089091e,0,0,0,0,1,1,2,1,0,2,3,1,3
31a0e1c1e577fd83b3665e227dc87f44765c20c2,0,0,1,3,0,1,0,2,2,3,1,1,0
321b0c3e10f30a01319a5aa67f53c4e5be4b97e5,8,0,0,0,0,0,0,2,4,0,0,0,0
3291f5edd794710bda60be15f6a9c7bd13f4d881,0,5,0,4,4,0,0,0,0,0,1,0,0
32e5c82ad8674c11c43936b3cb3a315b26bc47e2,0,0,1,1,1,3,4,1,0,0,3,0,0
3340e18ff8de6562eceda8935d9e6e3844b274de,0,0,1,0,0,4,4,2,0,0,0,3,0
33a35c682c9d7ee913ef6c3c8d7c5901e58d846e,8,0,0,0,0,0,0,0,1,5,0,0,0
33d33ad411b9a11e836604a5d565c376fcf2292d,0,3,0,2,5,0,0,0,2,2,0,0,0
343295d85b70ddb742a7689ad09f7dfa74ca2816,0,0,1,5,0,0,2,4,0,0,1,1,0
34f52d0b3f9b2d6af5c4d6826309eb09235f5108,0,0,0,0,0,5,0,4,0,0,2,1,2
35ce47764dd9f4f7d2bcf9c5bfe20d28e6d85b7d,0,1,0,5,8,0,0,0,0,0,0,0,0
37a228f54d5cff687766a2cada46cfebb9b42c01,0,0,1,0,0,3,4,1,1,0,2,0,2
37e11b522bac15f47e0e90f98ce3fc37a2821ec4,0,2,0,2,6,0,0,0,0,1,3,0,0
38b7f5832995a3200b06d7807dae2b366df05d97,0,0,0,0,0,6,2,4,0,1,1,0,0
3960b5b56eba3adaccb5ff0bd8813449be424338,7,0,0,0,0,0,0,0,1,6,0,0,0
3a299c861065a8c877c0845163353c008c56446b,7,0,0,1,0,0,0,0,4,2,0,0,0
3ac84aaa8da24eae30b497c6e52dcbe8ad45c398,0,0,0,2,0,5,3,0,0,2,0,0,2
3b529a716b98804599c0a2e47ecc928af65f3631,9,0,0,0,0,0,0,0,1,4,0,0,0
3b629bdddb91e5acfd2b366d43b3c01796695f13,0,0,1,3,1,2,3,2,1,1,0,0,0
3c0686eecbafbf77a912bb8816a993cc6fbcdb4e,0,0,0,1,0,0,0,0,0,3,1,6,3
3cca03fa5c1a25526e83676176a3e67ce2e6d604,0,0,3,0,0,4,2,0,1,2,2,0,0
3f27ef45868c0cf3a4e141b8160ad9c8e8a74f19,0,2,0,3,9,0,0,0,0,0,0,0,0
3fd3391e952e7df8466e304128c81320da24c339,0,0,1,1,2,2,1,2,0,3,1,0,1
3fdeccd6ce1556c376c0eac4a31613afc9134dde,0,2,0,7,2,0,0,2,0,0,0,0,1
4013aa6a51237c525d95088e8ff948dff1aba01b,0,1,1,0,0,3,2,2,1,2,0,2,0
41559f387a0c6750d1aaee70f406b84caf44506e,0,5,0,2,5,0,0,0,0,1,1,0,0
42421e6ee8e829b541871355166cfb16cb3338de,6,0,0,0,0,0,0,0,2,6,0,0,0
424ba722c5862c0b1f840ea0e8f15d98552dd19e,0,7,0,2,3,0,0,0,0,1,1,0,0
428a88a2f3231fb18a3d32d25a1e8dc40b2e110f,0,0,1,0,0,0,7,3,0,2,0,0,1
431854a5004dcfa1011a130326dda7f5daf388cc,0,0,1,0,0,1,2,2,2,4,0,2,0
4396c0cbf103fb43c555d6485665d46441c72905,0,0,0,0,1,0,1,0,1,4,2,1,4
43a6966580ebe5decb6d1496f2c91889dbe765ab,0,0,0,0,0,1,6,2,0,1,1,1,2
43fbc761bcf5696227fba9400364eb44e74d189c,0,0,0,0,0,3,0,8,2,1,0,0,0
446dc2b89a4b836fe2a5f5035d7e33787a67d87a,0,4,0,3,7,0,0,0,0,0,0,0,0
44f3a4c056c6deb0cc673d302a22884f18ed76f4,0,4,0,0,9,0,0,0,0,0,0,0,1
46aa196d57e4c2975a5cdbdf82c33927ae0104d4,5,0,0,0,0,0,0,0,7,2,0,0,0
46bfd72748198b47421d9f11356d5becfbc7181a,0,0,0,0,1,1,1,3,1,2,0,2,3
47474824739add9429b6bc5201f8a938d2bb7eb2,9,0,0,0,0,0,0,0,1,4,0,0,0
4757de333f8e3ad9882e3f0debc44477394091af,0,0,1,0,2,0,2,0,0,1,2,6,0
47b83df367f547b55bc3399cba087a282a14a60e,11,0,0,0,0,0,0,0,1,2,0,0,0
4817f20da0084cfc71cc37667f6f79c07f0200af,0,2,0,2,8,0,0,0,0,0,2,0,0
48992a08af0a7e93e494cc8083191c7a54fed205,0,2,0,7,5,0,0,0,0,0,0,0,0
48d50cd3021c32429a8652cea6c0df5ec23db433,0,0,0,1,0,1,3,3,0,2,1,1,2
48e7b8d1469acaac16f1e13982355df07cd676e0,0,5,0,3,6,0,0,0,0,0,0,0,0
48f1759e621d29b437f1c5fc03f2120eee341102,0,0,0,0,0,6,1,0,0,1,3,2,1
4908845fc7b951ff544850f79a1b10f4d5fe6995,0,0,0,0,3,2,4,0,0,3,0,2,0
49fbee88f3d0edd86c841a9e70fda55a4b8c948b,0,8,0,2,4,0,0,0,0,0,0,0,0
4b76757fcaa1d98a4f280b371defb1690da6744d,0,14,0,0,0,0,0,0,0,0,0,0,0
4c2ade3019e7a4eba8be45170cb9d888d770cb1a,7,0,0,0,0,0,0,0,2,5,0,0,0
4d0fbe06a696bd543d736dcee79ea462c6d27770,0,4,0,5,2,0,0,0,2,0,0,0,1
4d332ef2f0f10933d175953e3a7f90d44f6eac6c,0,0,2,2,0,1,3,6,0,0,0,0,0
4f24ab017177f4f4f0fa33023b7f17c3ea6d4a73,0,0,1,2,0,1,3,2,1,0,1,2,1
4f549f081bb4e9fcb471b53f7fb3f3b1ab0cfddc,0,0,0,0,0,3,4,0,0,0,1,0,6
4f60e62218237cd3758e269009eed517c86c712b,0,4,0,4,4,0,0,0,0,1,1,0,0
4fb088a913d5adcbee04a7c8ec352e6d8ae55870,0,3,0,3,6,0,0,0,0,1,1,0,0
4ff7a8217b3561bb29dc9e503203f5c668f21f97,0,0,0,0,0,1,2,0,5,4,1,1,0
50344872080c8428ca2f890da4a7ea5083f46821,0,4,0,6,2,0,0,0,0,2,0,0,0
51765c71404063fec249c10c8fefb3c41cfc069b,1,0,3,0,0,4,4,0,0,1,0,1,0
52614397c1aebd47c207c7472853626688b1ebce,0,0,0,0,2,1,4,0,2,0,0,4,1
5505e6e42c06b3c7942e29c3fcb63042feebfb41,0,3,0,2,8,0,0,0,0,0,1,0,0
5536cb2c938c07f479789cfba89454737578de81,0,0,0,5,8,0,0,0,0,0,1,0,0
5655d3354ffe81ccb8d9a7afa4a37f1dbba4347e,0,0,0,0,0,1,3,1,0,0,3,4,2
56bec4291c2848216bc3eb737f59980a1d676b46,0,2,0,1,1,2,2,1,0,1,0,0,4
571738f81c0172bedac4e509870b3344ae128499,0,0,1,1,3,0,2,0,0,0,0,1,6
5736fc3b017454eb2d9e3c1be9116fa7f7ada1cd,11,0,0,0,0,0,0,0,1,2,0,0,0
5787091a34eefb05cb4a30440e143394f7394c3c,0,0,0,0,0,4,2,2,0,0,0,6,0
57c457dd1b63b6e6410db94a8e93207eb66e9c4b,0,0,1,2,1,0,4,6,0,0,0,0,0
5851d7a178bef07de6bc7d125f97ab4ea7f10fa1,0,0,1,0,0,4,3,2,1,3,0,0,0
588aab8fc52c6684a9c7179443db642b85d12608,0,0,0,1,0,2,2,4,0,2,0,2,1
58e8b96dd2a094dba5382614318928bbc52bf704,0,10,0,0,3,0,0,0,0,0,1,0,0
5954bddab236a2c2a0142f90f8803831763a911d,0,9,0,0,0,0,0,0,0,0,0,0,5
59bd19b9a421b843ed7ac959afb8d56c730d8fc6,0,0,0,1,0,4,6,0,0,1,1,0,1
5a7b144027c395ea7f753036ada3684bf675f94d,0,0,0,0,0,6,3,0,0,4,1,0,0
5b48dfba110cc160d5506a7f8118698b48ced5bc,0,0,0,2,0,5,1,2,0,2,2,0,0
5c146ee8b9fd56c385114e8a3850d59487942b23,0,0,0,1,0,1,5,0,1,1,0,1,4
5c8bb3ed2929f665ab442730bdde76354c118331,0,0,0,0,0,1,6,1,1,0,1,1,3
5cb085572d525eb28c1be1ab5aff8da44320d49d,0,0,1,0,0,6,4,1,0,1,1,0,0
5cc38a836527f3fd33dec3271b30612d0a399b45,0,2,0,9,2,0,0,0,0,0,1,0,0
5d10246518a8189a1cab46fadd0e880d187b966e,0,0,2,0,0,3,1,5,0,1,2,0,0
5d41e20b6b930e813206f0db5305b3cdbc3f8466,0,0,0,7,3,0,0,0,0,0,3,0,1
5e3a39f018a791de231aed493c021c666a7f49e4,8,0,0,0,0,0,0,0,1,5,0,0,0
5e77ca3f779e74453444c0640def50e8b2efddea,0,0,0,2,2,1,3,1,0,2,2,1,0
5f2be997542474b6fe49464de72519d16a5513c5,0,4,0,6,4,0,0,0,0,0,0,0,0
5ff4bd99d6c28ccac07a2c06dc24808e719973aa,6,0,0,0,0,0,0,0,4,4,0,0,0
6077a27f2df928473cb4d88338c4f6c8b79dee66,0,0,0,0,0,2,7,1,0,2,1,0,1
6078e9bb915363358cb558e1748c9540384bf2bb,11,0,0,0,0,0,0,0,1,2,0,0,0
60ee807a348ab10d491605eb8af588b6c1b2b01d,0,0,2,2,0,7,0,1,1,1,0,0,0
611886e50257029ec7ac3dc70ddfcec3a4a20ef8,1,0,0,0,0,6,2,0,0,3,0,2,0
6138eadcc68ff2acce5a2d82001b9342225c5ca1,0,0,0,1,0,4,1,4,0,4,0,0,0
6218b51334a7dfe0a53162f850abcf73ff6a9499,0,0,0,1,2,5,3,2,0,0,0,1,0
639879bf4f1e1ab103a330c76687899fde60673b,0,0,4,2,0,0,1,6,0,0,0,0,1
651b47c6eeccd06f0e75cab87728896059b93913,0,6,0,3,5,0,0,0,0,0,0,0,0
6558e6600168bc78e7863abb58b4b35a22b9b2b7,0,0,0,0,1,0,4,0,3,1,2,1,2
6660f090b853e62901a38d17febe32eeae017963,0,0,1,3,0,3,2,1,2,0,0,0,2
6750ff8cc6bdc1a6153566b678589119dbe631b8,0,0,1,0,0,5,3,2,0,1,1,0,1
68be7264c2dc51242e38a5173adf597b73c79513,10,0,0,0,0,0,0,0,2,0,2,0,0
68c2e4707725d58db5b97797c2681f5eeded20f0,0,0,2,1,0,7,0,3,1,0,0,0,0
68f7de7eda06e8a188a5a37a0ba83289be172082,0,0,0,4,8,0,0,0,0,1,0,0,1
68fd5e39ea16d35aff4c4eba1e7ff1ce46122000,0,0,0,1,3,1,3,1,2,1,0,1,1
69259a616129b283af8b0dda038ed7a5f1ba3a38,9,0,0,0,0,0,0,0,0,5,0,0,0
694a5beab6ce2697bd35058122b766da1fc4e725,5,0,0,0,0,0,2,0,1,6,0,0,0
6a8b41bacae7ab42b2fb1d08530a7d9e46d7cbc6,0,0,4,1,0,3,1,3,0,0,0,0,2
6aeeb9fd00b8d9d97282a7b46a597955777060bc,0,0,0,0,1,3,0,3,1,1,0,3,2
6b5d88ab0dd2083acc57d29cb15cad477df8c481,0,0,0,1,2,2,5,1,0,0,0,3,0
6b79c95733d98eb36aadaf5bf58da0d927b132de,0,0,0,0,3,1,2,4,0,1,0,2,1
6ba4659adaa64eb91dc5301324fa33f3ff4abcc9,0,0,0,1,1,3,0,1,0,2,0,4,2
6bf8e874c78418d6f1fe561c1bebcb078de9688c,0,4,0,4,4,0,0,0,0,0,1,0,1
6cdf77375b69e31da15f5e23e6d9472a60501d5b,0,0,0,1,0,3,4,1,1,0,1,0,3
6cf0b9a1ba475eb29fe35210388ef40d9b9858dd,0,0,0,3,0,0,3,2,0,1,2,2,1
6de4177610e26ea1e954e55e935f7cafc4a9dfb8,0,2,0,4,5,0,0,0,0,2,1,0,0
6e986181ff9e43d3962f8c6ab625410d9bb660bb,0,0,3,0,0,2,1,4,0,0,0,3,1
6f0cf59ecd059b12c94525b9277df71ffab03dff,0,0,0,0,0,2,3,1,0,0,2,6,0
6ff438701be75087805f92c2dd5d28fc12c998de,9,0,0,0,0,1,0,0,1,3,0,0,0
70ce35076e956d9c7a04d6b4e02ac3a327b38855,10,0,0,0,0,0,0,0,0,2,2,0,0
70ec35c1eb378805926acdca566ad39183913365,0,0,0,2,1,5,0,4,0,0,0,0,2
71a32b2bb741229a0ff36f3d098b2a13b973e806,0,0,0,1,0,3,4,1,0,1,1,3,0
720ff566c05627fcbe6ec4f86b3ea00edfb177fa,0,0,0,1,1,3,3,1,0,4,1,0,0
7271486bd5b8eb6823a6fb2261fc359bc87c6cb3,0,0,0,1,0,1,6,0,0,2,0,3,1
736c635a80bb9ae43326f1348c2e276e9210ac64,11,0,0,0,0,0,0,0,0,3,0,0,0
73959db3f50de322f3041207f9f5f6c9c4b3a8d4,0,0,0,3,2,4,4,0,0,0,1,0,0
73adf8bb517d0f6417fcb6ec57a76d58b03332aa,0,0,0,1,0,3,2,4,0,2,0,0,2
75580268c5e6aad93f32bc5537859ee1f11889ea,0,0,0,0,0,4,1,2,0,2,4,1,0
75736b2a71398343e6bb81948d933f703d40a502,0,1,0,2,9,0,0,0,0,2,0,0,0
7574d3e4077c10c33f71e411ead8b2bb36917484,0,0,1,2,0,2,3,0,1,1,1,2,1
768aad45ac73e655aa40f43f81d051ec8a356c1b,0,0,0,0,4,0,3,1,0,1,0,1,4
769014a813bb94346c71b98b54042cebfc6b53c2,0,0,2,3,0,5,0,0,0,2,2,0,0
76e1a9861ed17e90f6bc11632da39f87fefba6a4,0,14,0,0,0,0,0,0,0,0,0,0,0
76e43947a5b73941831ba08e92de4a77ea41255d,8,0,0,0,0,0,1,0,2,3,0,0,0
7744e8ee1c1473a6a87ca6d465f466f5a62549e7,8,0,0,0,0,0,0,0,0,5,1,0,0
776567ece5cee5a36bfc6bf7437632996de43958,0,1,0,4,9,0,0,0,0,0,0,0,0
7816202800f838bd458c5423ed652ef22a1afbf1,8,0,0,2,0,1,1,0,0,2,0,0,0
782a119f64a03548001cbff1173acc869d2e8927,12,0,0,0,0,0,0,0,1,1,0,0,0
783aa851b5e591c4d152378fb55e5d51803d83e4,1,0,0,0,2,2,1,2,0,4,0,2,0
7a67eba1fc7ae2ff18c327fdd642db1f1cd5a734,0,1,0,0,9,0,0,0,1,0,1,0,2
7b486d76ec10847452a4c17c224dbc9a4a28675b,0,2,0,6,5,0,0,0,0,0,1,0,0
7cc4733643551167357070837dffc2c8812775c4,0,5,0,1,6,0,0,0,0,2,0,0,0
7de8e88d205915b2b04e5798698dd7d8fe2c66ff,12,0,0,0,0,0,0,0,0,2,0,0,0
7deb89db7e145b3484fe9d53c5f62616b67dbe4e,8,0,0,0,0,0,0,0,4,2,0,0,0
7e5740e7b96ab84487c0b69b726e2012f6481e16,12,0,0,0,0,0,0,0,1,1,0,0,0
7e5cbbf26df5211dc9a3888d286c5f631c0e622f,9,0,0,0,2,0,0,0,0,3,0,0,0
7e7c9e8214682ce4c060e6fda3478716f7402c46,0,0,1,1,0,2,2,0,0,4,0,4,0
7f308ee4a6055b074ee9d4b175cdc36ea3b95956,9,0,0,3,0,0,0,0,0,2,0,0,0
8019e162b055d074cb8aee4b2be32f4424fb8eb3,0,0,0,2,0,0,0,0,1,4,0,4,3
808641539e8fd95b3bac39becd7f972bee9341cd,0,1,0,8,4,0,0,0,1,0,0,0,0
812501a174ab7f0dfc220c942289b31250ffb241,0,4,0,2,6,0,0,0,0,2,0,0,0
827ef215aad81e582c8a54f25f8b47595b69c578,8,0,0,0,0,0,0,0,1,4,0,0,1
829c1920dc982e3486e3fc1903a0d3361475fc1e,0,0,0,0,0,0,4,0,0,1,2,1,6
82fe7278f74bb679a56db0f7a03dc3f25522e97d,0,0,2,1,0,3,1,2,3,1,0,1,0
8429ff814f1da1889f23b5e51ccac493c4e22812,0,0,0,1,1,1,5,0,2,1,0,2,1
8452c82c21161b8fdd1637a7646c57618764859c,0,0,2,0,0,3,3,0,1,3,2,0,0
848a83b7795f6f51862bb11d4f59a0ff3284f145,0,7,0,5,1,0,0,0,0,0,1,0,0
856afa1fa269543fa53c8e7c65eb656a55f4220a,0,3,0,2,4,0,0,0,1,0,3,0,1
858095742ff5115036d4162c32ff3c3228940597,0,2,0,4,4,0,0,0,0,3,0,0,1
85b4007d890a416c4a742cf2c4338c035dc53a55,0,4,0,2,5,0,0,0,1,1,1,0,0
85feedfce791f40d5700f1fb5d7c6a4dcc3e5912,0,0,0,2,0,3,2,6,0,0,0,0,1
862ac07bcc06730b310854d1b7d84663a5f6eefc,0,3,0,5,2,0,0,0,1,3,0,0,0
86f68005292c9313f789443f7d90997967bcf1ac,0,0,0,2,0,1,4,1,0,1,0,2,3
86fd0d47b0c539f720b30e79157dcaa632dec2a8,0,0,1,0,0,4,1,4,0,3,1,0,0
8757eb544f213fb44977776bbe6b9dec347a2085,0,0,1,0,0,3,3,1,2,2,0,2,0
87ba79dd99905a08fc923db4bbe5204b7fe598df,0,4,0,8,1,0,0,0,0,0,0,0,1
87d5009a6610be286b48083e0c285479a149b421,0,1,0,0,1,2,3,2,0,2,0,3,0
882a3daa1857827448037cabd5aabb1508a625f3,0,0,0,0,0,2,6,2,0,1,2,1,0
8857163ee47b972258801a86efbd18ca87c2bada,0,0,0,0,0,0,3,0,2,1,2,5,1
8889e3ed3dca3b934dd7885baf3874f281860135,0,0,0,0,2,1,4,0,0,1,1,3,2
8929ce5388e7f930627f6777dc93b13639b179b0,0,0,0,1,0,2,4,6,0,0,0,0,1
8995b28bcb1943036673d34ed70ad08dc03ec3e9,0,3,0,8,2,0,0,0,0,0,1,0,0
89f0afa7f8513223c94a9efdacaf7dca08c13e02,0,0,0,0,0,0,4,1,1,1,1,3,3
8a35422b43d2fd32726d33e3474e1349e26e76b4,0,0,3,0,0,4,1,5,0,1,0,0,0
8ca660a21dbfd0afd66532b75ecdf665023a288c,0,0,0,0,0,0,1,5,2,1,0,2,3
8d337e03e72be7247577f7ef80964f337867c0ee,0,0,0,0,0,2,4,3,0,0,0,4,1
8d88062ab6a68f8ef0157dba0e16f7e3a65eb3ac,0,0,1,0,0,3,4,0,0,2,3,0,1
8d99dea39e38afcfba29c4f501238935b4379dc6,0,0,0,0,0,3,3,2,2,4,0,0,0
8da1972ad994775260ab986d6edc63e2fcc76d06,0,0,0,0,3,2,2,3,1,1,1,0,1
8e71fc1073782f660500276474f3bd34c4a4fac9,0,3,0,3,5,0,0,0,0,2,1,0,0
8ed740c81a7f086d51d2513fe979237c1b38dd10,0,5,0,6,3,0,0,0,0,0,0,0,0
8f0129aa25b604839fac554a80af169a0a95a675,11,0,0,0,0,0,0,0,1,2,0,0,0
8f6d6b0d731b6aa51264ced860ddd70c8183f13f,0,0,0,2,0,5,0,2,2,0,0,0,3
8fb0a33d9636c5c4eb0293f5eed52e1d790e26d7,0,0,1,0,0,2,7,2,1,1,0,0,0
9008059c22bbdf616fc5ea15373643793ac12594,0,0,2,1,0,5,2,3,0,0,0,1,0
90428dfa503d5c6394d194d6904bfe3ef954639e,0,0,1,2,0,4,1,3,0,3,0,0,0
906241c37fcab36ce2f3e3e9834670c525659add,0,0,0,1,0,0,2,1,0,1,0,0,9
908b1309cda3141606b2e28c126fe941201be036,0,0,1,0,2,2,0,6,2,0,0,1,0
90c3104d8532199bb3c91a808748efa086beb565,0,0,0,1,1,1,4,0,0,0,0,7,0
9122ad0c68261d98c129b99c3c376a6da8810d7f,0,1,0,1,9,0,0,0,0,0,2,0,1
9124294f7f6ff08aa1c94708589dbf2925b12fc2,0,5,0,5,3,0,0,0,0,0,1,0,0
91ec78294d7bdc85729ebd617f1a844da5ab0530,10,0,0,0,0,0,0,0,2,2,0,0,0
92f0a5e63646d9fe3b3dba50de6527c43b1d1186,0,0,1,0,0,1,1,1,1,3,2,2,2
943a473cc8bc97406ba2764657b739a6bfe5dc7f,2,0,4,0,2,3,3,0,0,0,0,0,0
94404a35d3941a60b867e2b07eb4462a3da93509,0,0,0,0,0,2,5,5,0,0,1,0,1
951179c764673674bdfa694a0669e6c7fc0e92d1,12,0,0,0,0,0,0,0,1,1,0,0,0
980e7e0570992c6df64539cc9e98631ad5757b51,0,0,3,0,0,1,5,2,1,0,0,2,0
987b3b0127060934907cec150760a32d23229a0e,0,0,0,2,0,2,2,0,0,0,2,2,4
99b6f1a9a36a697170e23fefdcdb0442d8d9abaa,0,0,0,0,2,3,3,0,0,3,0,0,3
99c53b01d17e71f194d699327aecf05e4f852b6a,0,0,0,4,0,1,2,0,4,0,1,1,1
9a75788f635f27a054febaada2dba89d8208544a,0,0,0,0,0,1,0,2,2,1,4,0,4
9ad96a782b91fb722cf1b834a8ffeaf783ee4a88,0,0,1,1,1,1,5,1,0,4,0,0,0
9adc6a5d47355418982eef64d4248c442d0a85a8,0,0,0,0,1,2,2,0,1,0,1,4,3
9be9958afa6db275a9bf079fa8423f03fa01a107,0,0,0,0,2,1,2,0,1,1,1,4,2
9c246f63d317f13de6baa0fa8ed04993ae62be07,0,0,0,3,2,3,0,3,0,2,0,1,0
9cd4774b5d65203cb9fd6d8b28d502be2b125901,0,5,0,3,6,0,0,0,0,0,0,0,0
9dcf8359c82f609ae18a2d3be5442075308a6e9a,0,0,0,3,0,5,0,0,4,1,0,0,1
a0328988486baf02a6664c35cb488f64e5362b24,8,0,0,1,2,0,0,0,1,2,0,0,0
a069583dff8d03ed3bf66e7f6ec83ea544e1e947,0,0,0,0,3,3,0,3,1,2,1,1,0
a0b47dd353c6199e6ad623bb7f0b06c8ec0e1c08,10,0,0,0,0,0,0,0,1,1,0,0,2
a30038a41ae83d8b0955f33f2b32c24f97a3c71e,0,0,0,6,0,3,2,0,1,0,0,1,1
a366e751ab0edab5ca6ea185be0841d56d5437b4,0,4,0,3,4,0,0,0,0,0,3,0,0
a3f967327e97aadb1e6c75b897b45ff7bfe57575,7,0,0,0,0,0,0,0,3,2,1,0,1
a507b330d640247e597a32334cebfcf2aee58660,0,3,0,5,4,0,0,0,0,0,0,0,2
a70766ef9d220919be99aceb6e354fef2ed38c29,0,13,0,0,1,0,0,0,0,0,0,0,0
a740c184656324856b93208827d4369bd4484676,0,0,0,0,0,3,4,0,1,4,0,2,0
a86cdee906d81328b020e657cb981861cb9469a0,0,2,0,8,4,0,0,0,0,0,0,0,0
a93829d455258503184a0047724e944e5fbfa84e,0,0,0,1,1,0,3,0,0,0,2,4,3
a946a1b49dc9e23b4069133ebfce3a66060da4ec,0,2,0,4,8,0,0,0,0,0,0,0,0
a947a4a4a5bc413a4b96026222933eb2e61a8507,0,4,0,6,1,0,0,0,0,0,2,0,1
aab26e8461a536940724bd12e8e25e93bda07bfb,0,0,0,0,1,4,2,1,0,0,0,4,2
ab149746089bd0e539b764433b0c01a514d9840d,0,0,1,1,1,2,2,2,1,1,0,3,0
ab77f7fff92bc38d74d53cf092b874433df0ada0,0,0,0,0,3,1,1,2,0,0,2,2,3
ac020bf4813e9da3ea36e99da6ff29653a66a7d0,6,0,0,0,0,0,0,0,7,1,0,0,0
ac9c9802899e82ef0497a5cf5739bc19db6abd85,0,0,0,4,0,2,3,2,0,1,1,0,1
acd0fc37429455892992bdb5cd639c1472971ecd,0,0,1,2,0,2,1,3,0,3,0,2,0
acde467b56c8111092c48dcc6d4cd265c5db8930,11,0,0,0,0,0,0,0,1,2,0,0,0
acec9084ccac782f97a2e81921dee1239bd42f0e,0,8,0,4,2,0,0,0,0,0,0,0,0
acecf9d91505deaccd07ca2e1d639e386e7543e5,0,3,0,1,5,0,0,0,0,1,0,0,4
ad07b805f80311d35e065b1eae7f820044060f71,0,0,3,0,0,2,2,4,0,1,0,2,0
ad20e77f5d055b987dff74204eaf0c06fe94ee5e,0,3,0,4,4,0,0,0,2,0,0,0,1
ada5c63319ab87cc410a8dfdf7b1c8b1fea84607,0,4,0,0,6,0,0,0,0,4,0,0,0
add3974e15ae666bb2339048af821c52f4099a48,0,0,0,0,1,3,3,3,0,1,0,0,3
ae1d4fe99a11d193e729ddf0ab96e6a857b0b54b,10,0,0,0,0,0,0,0,0,4,0,0,0
af71a6ff9e76bb0961df6172e45006b4d2cef99c,0,0,0,0,0,0,4,0,0,1,0,6,3
afaf3cf61c22720fd955fa5d8ec6b6571b539dc6,0,0,1,2,1,3,1,0,0,2,2,2,0
afd7edd1d463a5113892db7b7a3bfa445f54df69,0,2,0,5,5,0,0,0,1,1,0,0,0
b01a13b5f388a4f5388abec11467374aaad7054c,0,0,0,0,1,1,2,0,1,2,2,3,2
b07cc256612e7c9ea3a7ba6f90d7d87ad18189b2,0,0,0,0,0,2,1,3,0,1,0,3,4
b1d3e4a190c2cf57860befd7415ac0b34d782aa0,0,2,0,3,4,0,0,0,0,2,3,0,0
b24dffa52750d70831f69edbff3d1fc46d30f162,10,0,0,0,0,0,0,0,0,4,0,0,0
b2f17af766556e2573e3d5471159f94941e0c3af,0,0,0,1,0,7,3,0,2,0,1,0,0
b3d1e737580bccbd2def571301a9328ef90ff73a,0,0,0,1,1,0,3,1,1,0,0,5,2
b3e2d0ee34fe0978d2355d015d7ffaa67e807017,0,0,1,2,0,3,4,2,2,0,0,0,0
b4ab15a1415abfb1eb6644efdd05144dbfbcae0d,0,0,1,5,0,2,1,5,0,0,0,0,0
b4cb869d03fb28bd88de82a4bb9c405e31aae15c,8,0,0,0,0,0,0,0,1,5,0,0,0
b525a62252f0146c40dcaf7f35bc6e9c4d1ef9f4,9,0,0,0,0,0,0,0,3,2,0,0,0
b5274b80fc7769f434857e0479753bc059b57951,11,0,0,1,0,0,0,0,0,1,1,0,0
b55cfbe025748aebc671e923bdd14b1489b2604f,0,0,0,2,1,0,2,4,0,2,2,0,1
b594e48669a51b06944ee99f6d73fe1ad912d27e,0,0,0,0,1,2,3,1,0,0,1,2,4
b6952808f06b240a0071565e5765ccc87be36cfb,10,0,1,0,0,0,0,0,2,1,0,0,0
b74f798100dc7a476bbe0376075452ffcb7e3828,0,0,0,0,0,0,1,0,1,6,1,1,4
b8c1e5ec8159364d9b07f2f83a2c076180e58a8b,0,0,0,1,0,3,1,0,0,1,1,2,5
b8e7724018dafb1e8d4dfe3a971f9c38e6af180c,0,0,2,0,0,3,0,4,1,0,1,0,3
b903df859014cd42359a96371a77c97d86f4b221,0,1,0,2,6,0,0,0,0,3,0,0,2
b99617020c3e34c0cd5331d5250bbd3bc2531b59,0,0,4,0,0,4,0,2,0,2,0,2,0
b9ef5262c252236938d38e4ff4eed931788a964e,0,0,0,1,1,2,3,1,0,1,2,2,1
ba647c3fa36ab966a873ded8a44b7b89e85ba18d,0,0,0,1,0,4,2,5,1,0,1,0,0
baadd3491ea4bb93cd99e929de24056362808960,8,0,0,0,1,0,0,0,1,4,0,0,0
baffe2c85bcc18a5965e7be1505b31fc28f4534f,10,0,0,0,0,0,0,0,0,4,0,0,0
bb255c80cbe21e60ac1323f684a55ab5f68cafc7,0,2,0,4,5,0,0,0,1,0,0,0,2
bba0f86216157b2f9fa7de352986d22667e33be0,8,0,0,0,0,0,0,0,1,5,0,0,0
bbeb7f5f5989ff609cfda93ddeab2e5cb8c07431,0,0,2,1,0,1,2,5,0,0,2,0,1
bc8905c984b2ec6164f3718d024139b121455a82,0,0,2,0,1,4,3,1,0,0,0,3,0
bcbd5f0f9822c7e03f61d52e66c572b706e5df6d,0,13,0,0,0,0,0,0,0,0,0,0,1
bcdefe7f88351c384ddd2c2d432177a8d992f004,12,0,0,0,0,0,0,0,1,1,0,0,0
bd513e6f55bc6b757d4864bceba5a3d2a150e56d,0,0,2,0,0,6,4,0,1,1,0,0,0
bf3c1a7a8f17f3dc4af7f541b67b4e098671b94c,0,5,0,2,7,0,0,0,0,0,0,0,0
c0d1779c402d2889eeda4521140c1f39205236a8,0,0,0,0,0,5,2,3,1,0,1,2,0
c2197473a82e93b5b13e7bed229cbf33d28caad3,0,0,0,0,1,4,2,4,1,0,2,0,0
c2e85da5097597601952be3a4b1cdbc9041c97bd,0,0,0,0,1,3,2,1,0,1,2,2,2
c38b2f7f2edc26c9d4a7d435664f978ecdca6557,0,0,0,1,0,1,4,1,1,0,0,3,3
c3bf67e261a3ff9a47bee2230d7c6e016151aa38,0,0,3,1,0,6,1,1,0,0,0,2,0
c3f1cc769a58d496c7dc5101a8692299c90c59e0,0,3,0,1,9,0,0,0,0,1,0,0,0
c50ba4a8fb00317ae15386e0c82006231cd3ab02,8,0,0,1,0,0,0,0,2,3,0,0,0
c57f66ef7c8e47e24e929b399df18e45b1e324ae,0,1,0,4,6,0,0,0,0,0,3,0,0
c611a15f98fe929e0eb8e5778c1500a1a35afbf2,0,0,0,0,0,2,3,1,0,2,0,4,2
c62c355cb4deadf02a0c06ad4524fa9e3d66d9fe,0,0,0,3,0,7,2,0,1,1,0,0,0
c654f1b38efe32422e413e280e2c9beb617ed780,0,0,0,1,0,3,0,4,1,2,0,3,0
c6a5b12f1713eb0d3826344fb0dcd6460e341ceb,0,0,1,0,0,3,2,3,3,0,2,0,0
c6a957ed63c31e8f0ecebaffdcea137274f73406,0,0,0,0,1,0,2,3,2,0,0,4,2
c70be5ceb1fc4f0ed4cf572c3d4a42d7ddfe46ec,0,0,1,0,0,3,5,2,0,0,0,2,1
c729b5457e178f6349b2b76d1ca15619d7e3a404,0,0,0,0,1,5,3,0,1,0,0,2,2
c78800cf2ba3bf895f25624463bb8327b65ed287,6,0,0,0,0,0,2,0,4,2,0,0,0
c7b3890b73c99999365603244437e5a487761cc3,0,0,0,0,0,1,7,1,1,1,1,2,0
c8f5e409bc4926aca9ee0190ba4198cce433408d,0,0,1,2,1,4,2,2,0,0,0,1,1
c9ac46404de195addbd052344a2d20511eb6c987,10,0,0,0,0,0,0,0,2,2,0,0,0
c9b0d550c37a9e6e930823605465476dd71eb6fd,0,0,1,0,0,6,0,1,0,2,1,3,0
ca03d8d26c8fa71dd8c135a3b8d98ab7cac724fd,9,0,0,1,0,0,0,0,1,2,0,0,1
ca42468400c5c044f22f75e15f16c05870cbd3b6,0,0,0,2,10,0,0,0,0,2,0,0,0
cdfb43d8ba10a708311ce0965aee3ffe20c3eb4d,10,0,0,0,0,0,0,0,3,1,0,0,0
cebf2f3e0f12c2c669f6bf5ee1e3e44d10668caa,10,0,0,0,0,0,0,0,2,2,0,0,0
cec56c06090e12678cf27a4550b7a415c15b3045,11,0,0,0,0,0,0,0,1,2,0,0,0
cef88ed79289da374e81c90e7b5913c1a07c40f1,0,0,0,0,1,6,2,3,0,2,0,0,0
d04f0f868f1e79be77109c8d4b9e831f15515ec4,0,0,0,0,2,0,2,3,0,3,1,2,1
d0acb22b08257d6e0c0dd3f67b89d6c2668b76a3,0,0,0,0,0,3,5,1,0,0,1,3,1
d0b58b8360109df23c787f8916fc7b11f06e8adc,0,0,1,1,0,4,0,8,0,0,0,0,0
d172b5c4d7f24ca9f940972a40138d06b97637f0,0,0,0,0,1,1,4,0,0,0,1,4,3
d26e75511a8d239a8e01cc24949eb26d3c2eff65,0,0,0,3,2,2,4,0,1,1,0,1,0
d2c43afea14e78d758a1b6f2f1cf5289334d0e37,0,0,0,0,0,2,3,0,0,1,3,0,5
d2fdb5c9d0f0205881193467bfde4975a10a6140,0,0,0,1,2,1,2,0,0,4,1,1,2
d30bc178cc80891aeed22bdfd1ca2e437721ba8b,7,0,0,0,0,0,0,0,3,4,0,0,0
d3d6d5fa15932025c221865da4edecfef44c07bc,0,3,0,4,6,0,0,0,0,0,0,0,1
d48eded606a6a15e8f627e90fe5dd4b13e509861,0,2,0,8,2,0,1,0,0,0,1,0,0
d524adab5e558cdd2787a82baccd50ab464f568b,0,0,0,0,1,4,2,2,1,2,0,0,2
d57dbca648e315daa602a39412bd80d6fb6288ed,0,3,0,5,5,0,0,0,0,0,1,0,0
d648b21504960233e883387179dad0daff6e0086,10,0,0,0,0,0,0,0,1,3,0,0,0
d669a5adc2c54a00f9155849c8fa53864a31605b,0,0,1,1,1,1,3,3,2,0,0,2,0
d66e0623d8b8680edf2e33daf6e173e60e667c8f,0,0,0,1,0,4,3,1,0,1,0,2,2
d753d6d3bb1902ede9894e92a576dbc5298fa5c8,0,0,0,1,1,6,1,1,0,1,0,2,1
d7682a3b216b931b9163cc4b952f40cb91bedc7f,8,0,0,0,0,0,0,0,4,2,0,0,0
d7b65c42a14db329ad850dc9cced387fa67f7634,0,3,0,6,3,0,0,0,2,0,0,0,0
d7cccb4b88a4ad202b0e3544ec22c82bd1b0d5f3,2,0,0,1,0,0,0,0,4,7,0,0,0
d84f3137568127f58cdfe3a89b2e85bdaf64d755,0,0,0,0,2,0,6,3,0,2,1,0,0
d86ab5a61dee62caac4e9d06b4dbc7b30214b36e,0,6,0,4,1,0,0,0,0,0,0,0,3
d9b0962c68b426277c22e2a3e94d025a9441b471,0,2,0,1,8,2,0,0,0,1,0,0,0
da01ff80aed7d840e64d2634764d2dec1ca49afd,9,0,0,0,0,0,0,0,1,3,1,0,0
db6019ca18783644509ac45ab70543f5d77e6841,0,0,0,0,1,0,4,1,0,1,0,4,3
dc0d270ae3c7ff7a4b54fb49bce06633f630de56,12,0,0,0,0,0,0,0,1,1,0,0,0
dc4aba2e1efb388b3d250273acbe8c075b6f2ca6,0,0,0,5,0,3,3,1,0,2,0,0,0
dc78350f1425f0d666fae4f8888c4691eb3ff9af,0,4,0,2,5,0,0,0,0,1,2,0,0
dc83b52b3dac6c38e8bb21835085669ed057bf3a,0,0,1,0,0,2,1,4,0,2,4,0,0
de6576bfc7d5cee9dafd00960bc10a620e9af823,0,0,1,3,1,3,3,2,0,0,0,0,1
de7d4d1fba1dcafd1d18913117372e3d18e78c83,0,2,3,1,0,4,0,1,1,2,0,0,0
df2c9db61c9567daf147d6f464bc9f64c09873e3,7,0,0,0,0,0,0,0,2,5,0,0,0
dfdd7eecd89f693c491719c5cbbfc65d430e55bf,0,0,2,1,2,5,0,1,0,1,0,2,0
e13667966d6f96b98ada4be8b15cb29646a6fa77,0,2,0,4,5,0,0,0,0,1,1,0,1
e2d55f2c75fcea1d3e3bdf1798c3bd9a9960d4ab,0,4,0,1,8,0,0,0,0,0,0,0,1
e360f9504eb111d9730a13d6c2ec6c8ab83192c6,0,0,0,0,0,3,4,3,2,0,1,0,1
e3a8d7abeef2d6a081de2f0eb457acfb6124c6d3,0,0,0,1,1,0,1,0,1,1,1,6,2
e44c6141bd06055488ab5c9f1fbf3d2ba0fe93a9,11,0,0,0,0,0,0,0,2,1,0,0,0
e62084be79909cbbceef1887355aaefe5168c55a,0,0,0,2,1,2,2,2,1,0,0,3,1
e63c2c14f076b502ee2d22fecb902acbefb6ecdc,0,0,0,0,0,6,2,1,0,1,1,1,2
e663151fc3ec1d94e7d3ef05c384034dca756941,0,0,0,0,0,2,3,5,2,2,0,0,0
e73223265c1ce14af5265f30c896e955f1edb084,11,0,0,0,0,0,0,0,1,2,0,0,0
e8418f76b4cc53d1b63c9172890242b98dc1b64f,8,0,0,0,0,0,0,0,5,1,0,0,0
e8c87fb17db0ba0518c877b5615e3a91ae606e70,0,0,0,0,3,4,0,4,1,0,1,0,1
e8dcd62e2cfd14ecbc561ea1040a199f8c513e31,0,0,3,0,0,5,3,2,0,0,1,0,0
e98533aa589e3d20f5b1c3d94597165aad4b03c4,0,0,0,0,1,0,5,1,0,1,0,4,2
e9886f681b5e97ee5a2669f88d16ef730f6e2b47,0,0,0,2,0,3,5,1,0,2,0,1,0
e99477313e8b6124e2a3b75aa78ccac95bf6fb78,0,0,1,2,1,3,2,5,0,0,0,0,0
e99a6cd2674874e07d6df56c4aee44da5bbbf391,0,0,1,0,0,2,7,4,0,0,0,0,0
e9fad3e62ca2f71e21c4f4dbf4c03dc62000c21a,0,6,0,2,6,0,0,0,0,0,0,0,0
ea51ae8ff52e3c405fcf609cead5af1fabedd64c,0,0,0,1,2,0,3,1,1,0,0,2,4
eb3b23477b94ce4f65f9c6daed6acba4d6b9265b,0,2,0,4,4,0,0,0,0,1,2,0,1
ebfb9411592e0ae16db80e0e3fa8ec8bcbc4f5dc,0,0,2,1,1,2,1,2,1,3,0,0,1
ed5787283d67bc619e481e40acfe5a5907bd8492,0,0,1,0,1,3,5,3,0,0,0,0,1
ed90c8fb8fa97a248111d8830ed9cdda431300a7,0,0,0,0,1,2,5,1,1,1,0,1,2
ee3031a425a8a4faadf98638363b07e05f855c20,0,3,0,3,7,0,0,0,0,0,1,0,0
ee52f8c122986e465bbabc348d0185d01dc6c373,12,0,0,0,0,0,0,0,1,1,0,0,0
ee921e86084dd916e12810ccb36683145d730bd1,9,0,0,0,0,0,0,0,1,4,0,0,0
ef5be0dd766700ec9e14130b85de75870f8128de,0,0,0,5,8,0,0,0,0,0,1,0,0
efa7f0734afa605f6e63e3f9ed45e7bbede73168,0,3,0,4,4,0,0,0,1,0,0,0,2
f05661cc7a50594596751f40c1a4d1dd7fd391cd,0,4,0,2,8,0,0,0,0,0,0,0,0
f0a7201da02f054f6860ce5cc102a1352c476fb4,0,2,0,2,10,0,0,0,0,0,0,0,0
f11a2b732460a814644b6172c459f57c1f07c4ba,0,0,1,2,1,5,4,1,0,0,0,0,0
f210c7aa0b0cb17e2f555b60c8bb6b950d58589e,0,0,0,1,0,4,4,0,1,0,0,0,4
f234a33721ef61a69512d919721f97e14c9076b1,0,1,0,4,9,0,0,0,0,0,0,0,0
f2377711f8fa1877ec193d364e6f6b52b808a92c,0,0,1,0,0,3,5,0,0,0,0,1,4
f2c2a7b99db89a9ec05ea099fa3f8496fb44d428,0,0,1,3,0,3,1,3,0,0,0,1,2
f2d7d3cf10b074589d48116bd6420b63fac32603,8,0,0,0,0,0,1,0,0,5,0,0,0
f3101c389c6424fe8bf8e53af834160401866fbb,8,0,0,0,0,0,0,0,1,5,0,0,0
f36807328cde04ffed85cf74d406c51d0fc65021,0,0,0,2,0,1,3,2,0,2,1,2,1
f43cb6fc2c5da4aceff5aa539bffffe8fdd99367,0,6,0,3,4,0,0,0,0,0,0,0,1
f519e64869ca92d6c41f241ee6efb8ea3386cd56,0,5,0,3,5,0,0,0,0,0,1,0,0
f6a018c1086dee75f267eb309e15489e22239af5,0,0,0,1,0,1,5,0,0,2,0,1,4
f6a152f96ccb979b26063ec34a14ad888c1fbd94,0,0,1,0,0,11,1,0,0,0,0,0,1
f71bb957e00f50becbc08a3f01af833879542b9d,0,2,0,7,4,0,0,0,0,0,1,0,0
f74adbef61f8e5018c7c1e7e2eaf0e24ecee3248,8,0,0,0,0,0,0,0,6,0,0,0,0
f75662f92b973c9a5374893739152b1bb9b70feb,0,0,0,0,1,1,6,0,1,0,1,3,1
f76281dc1c1787fadf8f33c33ce8a1bfd8520ad5,0,0,2,0,0,5,2,2,0,1,0,2,0
f776a3df8b7f562e043cb4de5432c60fb34b0966,0,0,0,1,2,1,1,0,0,4,0,3,2
f791b7b7c1b0fc8b05a5fda412aefc74037669de,13,0,0,0,0,0,0,0,0,1,0,0,0
f7cf530faf9b516c34245fa74aa6a0a5a1f7b29c,0,0,0,1,2,0,1,0,1,2,3,1,3
f7e39bdf8e2f5bbe50973b1f27244d749f2df7c1,0,0,3,1,2,1,3,0,1,2,1,0,0
f800d7c5105901023bb6176d0fee4445089799c3,0,0,1,0,0,2,0,4,1,4,1,0,1
f85bf209b16a09f64bce4b6862f57b0155a41c99,0,10,0,0,2,0,0,0,0,0,2,0,0
f9118d429ad35e58df09609eedeac24533c890bc,0,4,0,2,6,0,0,0,0,1,1,0,0
f922c62bf166e6a02c370733b524cd663be6a2fd,0,0,0,8,5,0,0,0,0,0,1,0,0
f930386f77c22208bd9fb5c5e13e71228926dbba,0,0,0,2,4,0,2,0,0,0,0,3,3
f9fa716329ce2fd2b732418a12b82264a2fd24a1,0,5,0,1,6,0,0,0,0,0,0,0,2
fa110618def6189345bcdb8f7d99e8b762169152,0,4,0,6,4,0,0,0,0,0,0,0,0
fa4b2ac4c6ddbd86ef75a45ced1107bb40ccf4e8,5,0,0,0,0,0,0,0,3,6,0,0,0
fae313f8743eb1e45143caeeea5035eca6d2ae4e,0,0,0,3,0,2,4,0,0,2,0,3,0
fb3b75342d6579603d0a2d567e9bc09ddbd55b0d,0,1,0,4,4,0,0,0,0,1,1,0,3
fb6b3fdd641bac33f83e9d2d6a2678e8374d1ebb,0,0,0,1,4,2,0,4,0,0,3,0,0
fbb68f0de590d3e8d4ecf29f0a7317ee91ea3ac1,6,0,0,0,0,0,0,0,2,4,0,0,2
fc1e5c9ecfeba5193bbf5db5a586004808e1a95e,0,0,2,1,0,1,5,3,0,0,0,1,1
fc4a91965ce696a0833cb858df7e2fe73dfbc83b,0,0,1,0,1,4,1,4,1,2,0,0,0
fdc9d8090d9d2bd1938be8376ea1a29f9fb1130d,0,3,0,5,4,0,0,0,1,1,0,0,0
fe03ff757001da82be303f902fd856a25d2448f8,0,4,0,1,7,0,0,0,1,1,0,0,0
fe40b0193f9221b337d3ae8525051a25099b7b17,0,0,1,0,0,4,0,1,1,2,3,1,1
ff97f9d5fe5f8d094861135004e086bc1e51c623,0,0,0,0,1,0,7,2,0,2,0,2,0
ffc0ade7446a960a60a9dfc5bd3b9e7ad18a8e86,11,0,0,0,0,0,2,0,0,1,0,0,0
017c832ec62b3185972e5c976e31c356b8bcde8f,0,0,0,1,0,4,1,3,0,0,1,0,3
02000d8a5d0cdd68c68cd7dcb95313e94645b37c,0,0,0,1,0,1,2,4,0,1,2,0,2
0240428bfa998eceb6532a5f71f46e9de5fd964c,0,1,0,3,7,0,0,0,0,2,0,0,0
02f6a2267175b05ad0ae346ff72b1d07869e04e5,0,0,0,1,0,5,4,1,0,0,1,1,0
03698d8a7cb123799fce5c262722dff36d18fb1f,0,0,0,0,0,0,2,2,0,2,2,2,3
04d8f6b9d0b5e9025bead97f0e7551208422caf3,0,0,1,0,1,3,3,4,0,0,1,0,0
05cd12aaac12f39862b332db3094d434244ccefc,0,0,0,1,1,1,4,1,0,0,1,3,1
05d2599876a21c7f1121bb1453bba666cea0d1e5,0,0,0,0,0,0,3,1,1,0,0,3,5
070b246d6e826cd6f081c2c7d50853749aa6e3b8,9,1,0,0,0,0,0,0,2,1,0,0,0
0728ba8d96071e9bab57b8c5b318c2f83d295172,0,0,0,0,1,2,5,1,0,2,0,1,1
076894942037d7ff4247215ca0275e5ff7a56a52,6,0,0,0,0,0,0,0,7,0,0,0,0
07df54ba85e90581a664509d5b16178618f69742,9,0,0,0,0,0,0,0,1,2,1,0,0
07f5270355de62bc06e20e2d6fbf44d26a2f1356,0,1,0,3,6,0,0,0,0,0,2,0,1
08b4b59a0fda8cfb42e2427de1e2bcd33cea32eb,0,0,0,1,1,1,1,1,0,1,2,2,3
0903e9459508df39c306dc2d98073b2bf918cd6e,9,0,0,0,0,0,0,0,2,2,0,0,0
0937694da7ce19ae133152686dad49b4ffad06f6,0,0,0,1,0,6,0,3,2,0,0,1,0
0972e09c4934c55b501a0bf79b8b4bef0efd44e8,0,1,0,7,4,0,0,0,0,0,0,0,1
09866e9397125768e148fc1645e0bbfc5bafbdb4,0,0,0,0,1,0,0,0,0,1,4,2,5
0a384f7c3b31360089d52f86bb6c61dd8ad179bf,5,0,0,0,0,0,0,0,1,6,0,0,1
0a8429f34c080e3105765261210e814b3a12538d,0,0,0,0,0,3,3,2,0,0,2,1,2
0ab98c2ae425861ada549c27cc06a05f0d5d1d00,0,0,1,1,1,2,4,4,0,0,0,0,0
0adc5ab05278799ecf7e67592a61d870c8688405,6,0,0,0,0,0,1,0,1,4,0,0,1
0b92a4f22d09b4167e63eeab4fb90956b3443baf,0,0,2,1,0,3,2,4,0,1,0,0,0
0ba6f671f6149bf36423bcc7f27b66b64f30dc96,2,0,0,0,0,4,0,1,1,1,0,1,3
0bcec0e19a3285d9ebaa8d7427b926d64ef11d57,0,0,0,0,2,3,0,0,0,3,1,3,1
0c0d6d600e7934bb6ce0d1eecaa835446b83d321,0,3,0,3,6,0,0,0,0,1,0,0,0
0c76f5fedc359435ecc02f3974ba95b9b566158d,0,0,1,0,0,5,1,4,0,1,1,0,0
0cbe08389d2b7bba3bd6096e5e817913e9702e27,0,0,0,0,1,2,2,3,1,0,1,3,0
0cc264b7a69eda415b98dd897f7c5f747d3da47a,0,10,0,0,0,0,0,0,0,1,0,0,2
0cf3b3b3cea456d80d427968710cce7e403ffcb3,0,0,0,1,0,0,5,1,2,2,0,2,0
0d3f755d87cca08fcaedda2dc9b86cbc30cf9d3d,0,0,0,1,1,1,4,2,0,1,2,1,0
0ded14e93dcf7c811d81315bfbcf224ecf27277c,0,0,2,0,0,3,4,1,0,1,0,2,0
0ec39f60e24310bcebc2a09c6a0513ff31bef7ff,0,0,1,0,0,4,3,2,3,0,0,0,0
0ec6a668dfd7c0b78fd6f26c3e2cb1985c3cb004,0,0,3,0,0,6,0,1,0,1,0,2,0
1023eb9cb78bba795935358e07401e3382d41d52,0,3,0,2,7,0,0,0,0,1,0,0,0
10809610c0bfd901f1c94313dbcebe46224d5c8e,0,0,1,0,0,0,2,4,2,1,1,1,1
10ce69f1db25d90b916d2c54778391d1ef4c8a35,7,0,0,0,0,0,0,0,3,2,0,1,0
115c435d5dc4dc2b8517985a690a7654ed9180dd,0,3,0,6,3,0,0,0,1,0,0,0,0
1173ab6269a13036ef7d3758e95b4143df4de946,0,12,0,0,1,0,0,0,0,0,0,0,0
11747e3bf0fa29930756cba13e684cd2f23c04e4,0,0,0,0,0,1,6,4,0,0,0,2,0
11a9822b913a6dc99aab6d71594a914545aef985,8,0,0,0,0,0,0,0,0,5,0,0,0
11b4a26d703d09e82202ec06b9a6f97a9fd1d82f,0,0,0,0,0,6,1,5,0,1,0,0,0
11c823b8c687c5a6061d67f15fe98d57d987af60,0,0,0,0,0,0,4,2,0,1,3,3,0
1278293db759eacc87bd05d3fd51398876461bc8,11,0,0,0,0,0,0,0,2,0,0,0,0
12a789f786df27e5e876fdf79561aea9999efdc9,8,0,0,0,0,0,0,0,1,2,0,2,0
13ac180d684cf135cfb8a96958e1c50423d757c7,0,0,0,8,5,0,0,0,0,0,0,0,0
13f8b1d1e62880fb3357f46614464166b2695b03,0,0,0,2,0,4,4,2,1,0,0,0,0
1416ae59c8ef5883a8594c956ed52b4ab526f709,0,0,2,0,0,2,3,1,2,1,0,1,1
14a89d08205422abbd2f817f63b38671c87254be,0,0,0,0,0,3,5,0,0,4,0,1,0
15092c74a8282d2447a7b9bcc1e781568e239afd,0,0,0,3,1,1,3,0,0,1,0,4,0
15ed2880050fdcc3a80aeeb68470ae44935d8274,0,0,0,7,5,0,0,0,0,0,1,0,0
16138606c40edfd64b08994477eb2f7dab329498,10,0,0,0,0,0,0,0,0,3,0,0,0
1647d03522e5f4bebb1f034cda260c5eeb0f0cd4,0,6,0,3,3,0,0,0,0,0,1,0,0
16525aba8b77275836f4633a98b54cec19748415,0,0,1,1,0,2,1,3,0,0,0,4,1
16c0292addfb9cdd944de577825e7e5b9513f8b8,0,0,0,0,1,0,3,1,1,1,1,2,3
1714acce7864ead16773e9cb6612a1dca5fb1c9c,0,0,0,0,0,2,5,1,0,0,2,3,0
1729dc05417dc8442f5a909e75107b2a4742af9a,0,0,0,2,0,0,4,0,0,1,0,1,5
1774607ea3c803265f04d955bfff19d9e71a2842,0,0,1,0,0,2,5,0,2,0,0,3,0
181d7d5739043840c93f7d0bfb514125e1e8aea7,0,0,1,0,0,4,0,6,0,2,0,0,0
194f1e62c11e665f263daf3bc25e0e8fccf66fec,12,0,0,0,0,0,0,0,1,0,0,0,0
19f6fc63536fa47bae137e72c5faae9e1c24442b,8,0,0,0,0,0,0,0,1,3,1,0,0
19fa61d3de23df222be2112aadfabca16703a786,6,0,0,0,0,0,0,0,3,4,0,0,0
1a0cdea695c6bd2151f9559061e3783384e811e6,0,12,0,0,0,0,0,0,0,1,0,0,0
1a374bc02fe02a95e0e95a40dfd8143d35c4b6bc,0,0,0,2,1,8,0,1,0,0,0,1,0
1a501b98ccb54389e212e5248a0cb2b806b0cf6f,9,0,0,0,0,0,0,0,0,4,0,0,0
1a658a6a43990428e78551a624c4e5379ebb9513,0,0,0,1,0,0,0,3,1,2,2,2,2
1ae709a502f434f7778f685be3c2fdeaf9c91c1b,0,0,0,0,0,2,3,0,4,4,0,0,0
1b229d6defd92d627ddee2e012612e5486afe8fd,9,0,0,0,0,0,0,0,2,2,0,0,0
1b42a33ee02ff7922f4a9bf4ed99d150fdbebde0,10,0,0,0,0,0,0,0,1,2,0,0,0
1b842847ca10e417dca9e77f053b5ac2b43de226,0,0,0,1,2,0,1,3,0,0,1,3,2
1c91cf1ffefd266a4615071f16cf6903950e943b,9,0,0,0,0,0,0,0,1,3,0,0,0
1ca0d8a94c59a33683fee933338d66879a864380,7,0,0,0,0,0,1,0,2,3,0,0,0
1dec8b7cecc8673c65bd15f16ca1cbec82e35615,0,0,1,0,1,5,4,1,0,0,1,0,0
1eb5222cc2b5108e7bddfd791fcb40363a9fbe1f,0,4,0,1,5,0,0,0,2,0,1,0,0
1f2273c30c48132a3cb202fe641cdbea5d5ccb86,0,0,0,0,0,1,5,0,0,2,2,1,2
1f615bdf956b2f4e97ee9a0ffe76873cf6773c32,0,1,4,1,0,4,1,2,0,0,0,0,0
1f7cb0a8f5a2926d11992f1e11673139a1bc75f8,0,0,0,0,4,0,4,1,1,0,0,1,2
1fb52fabeb6d57d1dcbe6bd43bbc8d81dbdb0cdd,0,0,0,1,0,4,0,0,1,0,0,4,3
200b4494f1773cedc0e1d1d6fd563281707e32e5,0,0,1,0,2,3,5,1,1,0,0,0,0
203b60aef205da713050b3fd1afd8c52ea7129bc,0,5,0,3,5,0,0,0,0,0,0,0,0
20661c601388ccf0eee3f6f88fb5ac46a2ff466b,7,0,0,0,0,0,1,0,2,3,0,0,0
207e95ad55b913633d47a5f5233f5ce0b6a53d28,0,0,0,4,2,1,0,1,0,1,1,2,1
2092640da36998d6477b0fe4331bb878be1006b7,11,0,0,0,0,0,0,0,0,1,0,0,1
20dd33c8407944f62f7b273c95ecb4e1ed45d699,9,0,0,0,0,0,0,0,0,4,0,0,0
2157c8c52d3ac199e066ed97620cd248fa1533ba,8,0,0,0,0,0,0,0,1,4,0,0,0
224721f9810acddcb8f9208801661fd8498f1090,0,3,0,6,2,0,0,0,0,0,0,0,2
227bea6a5c37328af5e8dbab4252cfa39afa8209,0,2,0,4,6,0,0,0,0,1,0,0,0
2349ff4ae277315d8875e522f56afeeb938bcdcf,0,7,0,4,1,0,0,0,0,0,0,0,1
2392562b8cd248913d91d35f759ae951dcb3e840,0,0,1,1,0,3,2,1,0,2,2,0,1
23ad9f5f0c8ce044c55985d2eebac58606f56d4a,0,4,0,1,5,0,0,0,0,1,0,0,2
23c7db0240f5b6bd57d9aced9d034ed978610579,0,0,3,1,0,1,4,4,0,0,0,0,0
23f9af536f9a8b269eabafb760923c70ee6f202b,0,0,0,0,1,1,3,2,0,1,1,3,1
24f062f8d84de76143163d62ee413eaaebf13869,8,0,0,0,0,0,0,0,3,2,0,0,0
250af618762cf6fa32be29ea99d4c48780b3da28,8,0,0,0,0,0,0,0,1,4,0,0,0
251260169998ce4e2c2ab3d39e5a38fd624c18af,0,5,0,3,4,0,0,0,1,0,0,0,0
257e5357cff150f4c84bd58072c42bcd40a1362b,0,0,0,0,0,1,3,0,0,1,2,1,5
259b0cee31eaa9782558c5dbeefe461bdce6d391,6,0,0,0,0,0,0,0,1,3,0,0,3
25b3417d921bb97319e555ed4d9c1561ebb5c3e4,8,0,0,0,0,0,0,0,1,4,0,0,0
25d10cccc0b247a2a4872191b53c4a9cbba178b1,0,0,0,0,1,0,3,1,0,3,0,5,0
2609a6b045e5ff269129425d57b68e2fb796d473,10,0,0,1,0,0,0,0,1,1,0,0,0
2882008a60270c3361002c50621f247f7a1e8208,0,0,0,1,0,2,5,3,0,2,0,0,0
29320ac3ef5682b210a12df15fc92ef3f6f78cdd,0,0,1,0,0,3,2,4,0,0,0,1,2
2972b1fffaf8c897fa2cd2a2e6e0815f291696e9,0,0,0,3,0,3,0,0,2,2,0,0,3
2b4af82716649b8e3b5c0a35ab9d408efd60599b,0,11,0,1,0,0,0,0,0,1,0,0,0
2e07f31b2259ced6a8ecd269949845587c45386e,0,0,0,0,1,2,4,1,0,0,0,5,0
2e723c5268a27bf7de779867784ceb3406a42bbf,0,3,0,6,3,0,0,0,0,0,1,0,0
2f684d3106bfbff4104dd1a83e769ba58100f132,0,0,0,2,0,0,3,0,1,1,2,2,2
2f801fb02b75c30edc7aae6d20b17800a4d1da0c,0,12,0,0,1,0,0,0,0,0,0,0,0
3005fa56f49e2e087adb28cbf0964b4ea3776a4c,0,0,1,0,0,7,2,3,0,0,0,0,0
3009764f7f04dddecc612a3bd1f99ffb14ddebd0,0,0,0,2,0,1,1,0,0,1,0,4,4
30ab58cba4eb3026e3e37f1a3c37fb44179eb389,0,3,0,3,5,0,0,0,0,1,0,0,1
30de473777c517069ecda3bdea0c14ba4389caae,9,0,0,0,0,0,0,0,1,3,0,0,0
30e36d2307381f605356c48b6a6163ca139d3c2a,0,0,0,0,1,2,2,2,1,1,1,0,3
3151e1afb43059e78313b8ea413cdaa1f62062bc,0,0,0,1,1,1,1,0,0,1,1,1,6
32660d13c709584144909269c63df054d914f7b5,0,5,0,1,4,0,0,0,3,0,0,0,0
327f52b1909abeaf317d8a3277087c6d4aa2b7cc,0,2,0,5,5,0,0,0,0,1,0,0,0
32862b40c76ef3f8c3bbdaee616c0a81f3503a8f,0,0,0,1,0,4,0,4,0,1,3,0,0
32c60feff30fb7a9637d5a48e30364f47f6b72f0,0,4,0,2,1,0,0,0,3,2,1,0,0
34b99ab6046a9ea49d5210bc12365a1b4007507b,0,0,0,1,4,1,3,1,2,0,1,0,0
34c9cd59b50da256aeaa6a7ab4617dc3bb39c118,0,2,0,2,9,0,0,0,0,0,0,0,0
3564c408c5baf41acf8961f7aa01add82317b2a9,0,0,1,0,0,4,2,6,0,0,0,0,0
36ca45f75badf247870516015e5d8764c717a983,0,0,0,4,4,0,0,0,0,0,0,0,5
37279054d526fcd7c88f5131084181d7bd6210ee,2,7,0,0,4,0,0,0,0,0,0,0,0
3727b3b0c2f0a3594db2efbe2584c640d63db1cf,11,0,0,0,0,0,0,0,0,2,0,0,0
3763fc7e0c781f80506f628221673be7383012e8,0,0,0,1,0,0,3,0,0,1,3,5,0
37a42b00ec006d16932dc16e029854dd885424dc,7,0,0,0,0,0,0,0,1,5,0,0,0
384f11488a7fb6fde8163c5dfcb07768d7164bcd,0,0,0,3,7,0,0,0,0,0,2,0,1
39015c5144fce5c863012380f53619826de88471,11,0,0,0,0,0,0,0,2,0,0,0,0
390ac1ae44fc50ac71f5730ea1838b497f769a43,0,2,0,2,7,0,0,0,0,0,2,0,0
39b1cf76affcb1fb2acbf5f97ea7b0a6a14d012e,0,0,0,2,0,2,5,3,0,1,0,0,0
3a0ac8b2eb5085d7f4067835985801915a181bbc,0,0,0,4,4,0,0,0,0,3,0,0,2
3b0fba9965f07c56fdbee028797110899b09a64f,0,2,0,5,3,0,0,0,0,2,0,1,0
3b5312713b6bac47d8469851708bf21b297afc03,0,3,0,3,5,0,0,0,2,0,0,0,0
3c519a02e4012189a65ab38956a6faf72231dc4b,6,0,0,0,0,0,0,0,2,5,0,0,0
3c7e695a4b8c18d63510c0528d81da4ab0632268,8,0,0,0,0,0,0,0,3,0,2,0,0
3d5f12884e2463872efadf2ea0b3dc7023c3449c,0,0,1,2,0,4,2,2,0,1,0,1,0
3d6abb155b21c5dffcc013db7a2454ab8196654b,0,0,0,2,0,2,1,6,0,1,0,1,0
3df04b78854113afc3b73357f258d5715582da20,0,1,0,7,2,0,0,0,0,1,1,0,1
3df6e7e6cff187ad57c0180bbcbdeaad6b62762e,0,0,0,0,0,1,3,0,0,2,1,6,0
3ec6c0d2191f9da86de1af61b739b2cd9baf8ea3,10,0,0,0,0,0,0,0,0,3,0,0,0
3ecccbb30d1bbb28a4060f50a147db86405decc2,0,0,2,0,0,3,3,1,0,0,0,1,3
3ecd6f47a67f79fa26e64549c4fe74f9910f4801,8,0,0,0,0,0,0,0,2,0,3,0,0
3ee9c961597cc7f5419980679374287d20e91008,0,12,0,0,0,0,0,0,0,0,0,0,1
3f0b508fb22b39d5823e122fbb737b11c7dad68e,0,4,0,2,3,0,0,0,0,2,2,0,0
3f60bf2e937cff3d69922b7b8788b47898efbc81,0,0,0,1,3,1,4,1,0,0,2,1,0
3f7a531839bdf438ca69062e1beaf0f99e6448b7,0,0,4,1,0,3,1,3,0,0,1,0,0
3fb55f4c9830c42f23bb2137c56107f55ac345b0,11,0,0,0,0,0,0,0,0,2,0,0,0
3fd7479f98fc598cb971382006a864bad761ccf7,0,0,0,4,0,3,3,3,0,0,0,0,0
3feb41215af3d86bbb3ac373592c68f02196e621,0,0,1,1,0,2,4,2,0,0,1,2,0
417aadf0d62eb9fbab9cce0cb3e0e2e623a6d467,8,0,0,0,0,0,0,0,2,3,0,0,0
427690930411be4e0a2f6b18f416976d38c3b90b,5,0,0,0,0,0,0,0,1,3,2,2,0
42d5fd84d992710112ea83d886e405dd4ce2d7bb,0,4,0,4,5,0,0,0,0,0,0,0,0
42d803ca358878df38ac0c4384fe7dea2f2c62a0,0,1,2,1,1,2,1,2,0,2,1,0,0
42f243eebbe4923a5d2975f27730bc157e8add6a,0,0,0,1,0,0,2,1,0,2,0,7,0
4334c82df51cff92dd793a0c538da45bf162b092,0,2,0,7,2,0,0,0,0,0,0,0,2
43ca7e766718f9e077ad32b1f20ec5ee0526a339,0,0,0,2,2,0,5,0,0,0,0,0,4
440f6951600e430f7bf9d1f4feea9f067fb8e48c,11,0,0,1,0,0,0,0,0,1,0,0,0
45f055ed195c8e3e016de0dd440f64a9b8a817a2,0,0,0,1,0,2,3,1,0,1,0,2,3
45f10780dcfd1ff959f674de1042981bf71e4cd5,0,0,0,3,0,0,3,0,1,1,2,3,0
460384c6fe9b8a3be0f25e2b5692dae2da5b4912,0,9,0,0,0,0,0,0,0,2,2,0,0
46501c9adade82042b817738c18b2a376807f019,0,0,0,0,0,5,2,3,0,1,0,2,0
46bf247ff6ad781117fbd2c5141ceb2030b4a4f1,0,0,0,0,2,0,5,1,2,0,0,2,1
47ad2d9985377ef736ec97b9fcc2f097e6a5b17b,0,1,0,2,6,0,0,0,0,4,0,0,0
48ff0645214037954ae7c8fec810410101afd310,5,0,0,0,0,0,0,0,4,4,0,0,0
48ff227ced3d41daeba0a0a8b864020c759e8858,0,0,0,0,2,5,1,0,1,0,1,1,2
492efb6470d67b47607dd8e12d71a8b2b74017bf,0,0,1,0,1,3,3,3,0,1,0,1,0
496fbaaf749cca3a89ce900f8044f1ddbf2d53d3,0,3,0,4,6,0,0,0,0,0,0,0,0
497169c93048744ebf4a63bb5a1642c6f545c46c,0,0,1,0,2,6,0,3,0,0,0,1,0
4b2fdc808b141e21a1a12338752d8fa41acf211a,8,0,0,0,0,0,1,0,1,3,0,0,0
4c4204dbebce4705b2e060b3f37615aa1103c5d9,10,0,0,0,0,0,0,0,1,2,0,0,0
4c6c6d09425b3ccb5314ee4e1e9f68d12d858c77,9,0,0,0,0,0,0,0,0,3,0,0,1
4ca861ffa2f89315c7d30a70f24bf035ae4042aa,0,2,0,3,6,0,0,0,0,1,0,0,1
4ce4c90a722dd3da1237ec8d0c003a43b684cb59,0,0,0,4,0,1,1,2,1,2,0,2,0
4d508f36e55fc3acd4dd2c8f1c3884668b7490b5,0,0,0,3,0,0,7,2,1,0,0,0,0
4db4f1429590e9dc967b19de8836a2dadb1ad28b,0,4,0,1,5,0,0,0,0,0,0,0,3
4db5378e639c86cb8ef4df3cc88ce8f986ba17c5,0,5,0,1,5,0,0,0,0,0,2,0,0
4e60690cf79f286fa083e63095d6c550fe0a04ea,0,0,0,0,0,1,6,2,1,1,0,1,1
4ee153f73a3fbaa5f2e089e0cf2fa4c92202c611,0,0,0,0,0,2,5,2,0,1,2,1,0
4f027907fb0dedfc74afca59acdcb3152773ed0e,9,0,0,0,0,0,0,0,3,1,0,0,0
4f0d70721c1a576841840d881035e2ddb3444c52,0,0,1,0,0,2,2,4,1,0,1,0,2
4ff320d0d00f1b7a22809397e882da2080b951e9,0,12,0,0,1,0,0,0,0,0,0,0,0
505157f56da92a5ca6bdf1dba4ce48b090b7a6c1,10,0,0,0,0,0,0,0,2,1,0,0,0
5066d71acba9a759eac72ac2b85cdfe3240e97e0,0,3,0,4,6,0,0,0,0,0,0,0,0
50a4720d9908eb77bbb3eb9d2c14a35e79f74641,8,0,0,0,0,0,0,0,0,5,0,0,0
50b98142f964bd4fcc2c0d7607e5884a4ddc54b6,10,0,0,0,0,0,0,0,1,1,1,0,0
51432052212247f6ca3b57cbad3819ae9f83a791,0,0,0,1,0,1,2,0,1,2,2,4,0
515e96c1e49daf93ed005376e99b2d0b1415cdad,0,0,0,3,0,3,2,2,3,0,0,0,0
51fdb98ea02f6b1b2ba7843f02d8e84e0a721da4,0,5,0,2,5,0,0,0,0,1,0,0,0
52bc5082b794e18333b54f82b3c15dd47dfc30be,0,5,0,1,7,0,0,0,0,0,0,0,0
52c120f8fa7476bbb36b3291e6b9800873a00de3,8,0,0,3,0,0,0,0,0,2,0,0,0
535264eab363aca1bfd57881ba8713bfa7efff9a,0,5,0,3,3,0,0,0,0,0,0,2,0
539fa0d464a4c0de4ff0113fa121f4249e636631,8,0,0,0,0,0,0,0,1,3,0,0,1
53f41d8625cedb2a57f7eeb86f8d384b965db671,0,1,0,7,4,0,0,0,0,0,0,0,1
5404239fce97091f579754e45008712c9448be5e,0,3,0,2,7,0,0,0,0,0,0,0,1
54e838ceffcf648e8e76a0ea49c37c16031400f2,0,4,0,5,4,0,0,0,0,0,0,0,0
54fe7ab129a185f4f953e45522f2d57e21dc4eee,0,0,0,0,1,1,3,2,0,1,1,1,3
55279c59386992c9a93c1537fbfb399ba0dc8951,8,0,0,0,0,0,0,0,1,4,0,0,0
5551fa46211d10af14ea8c65c65ffa45ed5f15f8,7,0,0,0,0,0,0,0,2,4,0,0,0
563686a86e64fd4410c18b5beb0ea58680df3123,5,0,0,0,0,0,0,0,0,7,1,0,0
56630de0fb0eb08ff83ea61caa183d3f9dd5cdaf,0,0,0,0,0,2,3,2,2,0,1,0,3
572c4cf58fa53120534e778950292a3e165c7752,0,0,0,0,0,5,2,4,1,1,0,0,0
577ac471f6a13cb019c877657879c97225e0d8c3,0,10,0,0,0,0,0,0,0,2,1,0,0
58888d1e979a8192c1abe1bed48f1a6a7e6dd191,0,0,0,1,0,1,2,1,1,0,2,3,2
5a0b7a1d046bcba9e80c46cab4e4b45663d25433,0,0,1,0,0,7,1,0,0,1,0,3,0
5a61b80fd867993608ee38a76c6e671a99662960,0,1,0,0,10,0,0,0,0,0,1,0,1
5a75449eba05f193f3c38701985a7786d07da02e,0,0,2,1,0,3,4,2,0,0,0,1,0
5b12ed34662380bc92e6413cd65a81cad59708d7,0,0,0,1,1,1,7,0,1,1,0,1,0
5b34e235a80da40ba6db6bca9c2a92ce82884966,0,0,0,1,1,2,2,1,1,1,0,1,3
5c860abbad4200cd3c02b88f453009bbbfdc55ca,0,8,0,1,3,0,0,0,0,0,1,0,0
5cce9f82bdd918a46fe86c411798fad69d481a06,0,0,0,1,0,1,3,0,0,0,1,0,7
5d3ab8bb7d11e02881871d183acbde6c6b5ac41f,11,0,0,0,0,0,1,0,0,1,0,0,0
5d3b6e026c8358b5856099e4491881bdfc7238ac,5,0,0,0,0,0,0,0,4,4,0,0,0
5dd9746b034d824a7597fe8ff57170905a1fec6a,8,0,0,0,0,0,0,0,0,5,0,0,0
5dde2382e5346459c4fe16ae788cb7b7d53a84b3,0,0,1,0,0,2,0,7,1,1,0,1,0
5e783b8b5b1d2ed9d534fae0c4d8e6af363345ce,0,0,2,0,0,3,2,0,0,0,1,5,0
5ec9050e6592288a2b5a7583c1aa42d2e1c1e6a4,0,0,1,0,0,2,4,4,1,1,0,0,0
5ef267c749fbe04d12eed8668a17431c8b90a99d,0,0,0,0,0,3,1,4,0,5,0,0,0
5efdaa2da10cc7767457c407fa659e4d5b711bbd,0,11,0,0,2,0,0,0,0,0,0,0,0
5f0c3ba10452e630cd80527319aa67d5f0078f46,0,0,1,2,1,3,1,1,1,1,0,0,2
5f12bb9e49f686684bf1f510e94ee6faa5b3a3d4,0,0,0,1,0,2,4,5,0,1,0,0,0
5feef40a7044b1f821d2c9971197b7b7ff2590ed,0,5,0,3,4,0,0,0,0,1,0,0,0
5ffc40967378a815d08ff083d7efdfc807445650,0,0,0,0,0,2,1,2,0,0,4,4,0
605c6417b619de3d5045462235d2926447e97d88,9,0,0,0,0,0,0,0,0,1,1,1,1
609a526ec042a04bc66d00e04883485644bd70eb,0,1,0,3,9,0,0,0,0,0,0,0,0
6177ec9f18fcbe15d9012e6eb2d4cc561445f252,0,0,0,0,0,3,1,6,0,0,0,1,2
6236df944bb9c616b319210ffae7cd2b7df6f69c,0,4,0,4,3,0,0,0,0,0,2,0,0
628881ee4edeb18d0d80fc9fbd18aaa00dbc3dec,0,0,0,0,0,9,3,1,0,0,0,0,0
62b5acbcf223880cfdf3d6a3b92388848b9416d4,0,2,0,5,2,0,0,0,1,0,1,0,2
62f3d4b5974879a5af0c73940d1e1fdf7bbcdc34,0,0,0,4,7,0,0,0,0,0,0,0,2
63968b6d880229e7f131535ed105497aa0b18c11,0,0,2,2,0,2,0,2,0,2,1,0,2
639e26ba876763a6a7d900dca34c0973ded0862e,0,4,0,4,3,0,0,0,0,2,0,0,0
64030b2699a68082fa1ca207c3da08a954e5d1f2,0,2,1,0,1,2,4,0,1,2,0,0,0
642467d39ecde796c4c7538fcdd8f3054687059c,9,0,0,0,0,0,0,0,1,3,0,0,0
64604670c954ece9722efbf869bae20eddca3d0c,6,0,0,0,0,0,0,1,1,4,1,0,0
65abaf8db3ca94d2c42bd01a75b734301a870a5b,0,4,0,3,2,0,0,0,0,1,3,0,0
65bb9d71e3e85a6a1ccafa8142dba41ac6e335a1,0,2,0,6,5,0,0,0,0,0,0,0,0
65e03f469bb21a7b3bc3dff102c8718a60b24db7,10,0,0,0,0,0,0,0,0,1,0,0,2
65e172c2c7c8a4fcbe56d80f70ef62ea106c1330,0,0,1,1,1,1,3,0,1,2,0,2,1
679b5905660f6993eb1a10f0bddc0a653f7847da,11,0,0,0,0,0,0,0,1,1,0,0,0
67e5e767d8d5b0f60ef873cd6ffef99d8c38e6ea,0,0,2,1,1,3,0,2,0,4,0,0,0
68adbe8693e724848f03f932aa3b1dccb44b2ada,0,0,5,0,0,0,3,4,0,0,0,0,1
68b01ed1a0151182565551aa836303b5fcde8590,1,0,0,0,1,3,2,2,1,0,0,1,2
68b3aaf5fdf9d585e430ef2e30423dc3c5ed9e65,5,0,0,0,1,0,0,0,0,7,0,0,0
69f9286cdadc306201acf6af98ec308e9c912d59,0,0,0,3,0,2,3,1,0,0,1,2,1
6ab4ad2196bfb94c3df699cadbc1d0b5870912b5,9,0,0,0,0,0,0,0,1,3,0,0,0
6b7311c0f706cab94f0797d3343e5f1f52bea19f,0,7,0,1,5,0,0,0,0,0,0,0,0
6be44116d2c7a00cd3a6b29c863b1093ef2b4122,4,0,0,0,0,0,0,0,2,7,0,0,0
6c27628af2019455aeeb3566eb61cf0502ac1e71,0,0,0,1,1,2,2,3,0,1,0,0,3
6ce029079a319e70908812b67ae4c5640aa20e30,0,12,0,0,0,0,0,0,0,1,0,0,0
6fa08b4e66bc2d7b4caae1c1d3c2ba68c4a9a276,0,0,2,1,0,2,2,2,0,0,4,0,0
70a011f2b4fb75f33dda5770182211e6896c09b1,0,0,2,0,0,1,1,4,2,1,0,0,2
70f84814b7a91ba95f31a88feda94a995737cecb,0,0,0,0,1,3,3,1,0,0,1,2,2
726b814aa797973f4c321eab560acd4513d63dde,0,0,0,4,0,3,0,2,0,1,0,1,2
72cc7910dfdb43f838a9adc6efb5378a153ec281,0,0,0,0,0,0,3,1,0,0,3,1,5
73e917d182bd95a9788fce4e20306993ab58e234,0,0,0,0,1,0,10,1,0,0,0,1,0
743ac711ec65047de67cfa0ccc6073956dfc8124,0,0,0,1,1,2,4,1,1,0,0,1,2
75a337b2ef2c143b3efc5bbb17ed1abb29232bee,0,0,0,2,7,0,0,0,0,4,0,0,0
75dfc8682af347004f544d4ff73023163b7f1bfe,0,0,0,2,0,2,4,0,2,1,1,1,0
75e36fabcd092d5d987a443636a441caa6be22fa,0,0,1,0,0,1,3,5,0,0,0,2,1
768d810e3c17a191d2a6f7d441a96413d56ed6e0,0,0,0,0,0,5,2,0,0,2,2,1,1
77db7646ea6a919f301bd00b1e48282e7d0ecbbe,10,0,0,0,0,0,1,0,0,2,0,0,0
790e636d39ad8395497cc2c07251d45544261fb4,0,5,0,3,1,0,0,0,1,1,1,0,1
79fab98c686fd8b62d1aa60350b9571f73b7181e,5,0,0,0,0,0,0,0,6,2,0,0,0
79fbf2b241c75d04540c282b8f4326b061a8d652,0,0,1,0,0,2,7,1,0,0,0,2,0
7a469f32f49a7ea67d48de6cb77525b2fcedf744,1,0,0,0,0,3,5,1,2,0,0,0,1
7a4eb871c19925b13076666f4c386945f2c53c98,10,0,0,1,0,0,0,0,1,1,0,0,0
7a8f28ef3c10a5157c276104ae9b8d5462a3a80a,0,0,0,4,9,0,0,0,0,0,0,0,0
7b04dc721d091a2303a2749cf9fb7637e816ea0e,8,0,0,0,0,0,0,0,1,3,0,0,1
7b36f509270d9521d231a42c428c6dfec5268ccd,10,0,0,0,0,0,0,0,3,0,0,0,0
7bf96503d4b1770bd82d000cf064b9f5a0851d1e,0,5,0,5,3,0,0,0,0,0,0,0,0
7c7583d1c5956ab5f43961c89c7a3dbaa130e508,0,0,0,0,1,3,1,4,0,2,1,1,0
7ce9eff8bdbb3eb544ed5ed3f309d58c1772862b,5,0,0,0,0,0,0,0,2,4,2,0,0
7d4983090b6870de944c0c986a5679330be7996f,9,0,0,1,0,0,0,0,0,2,1,0,0
7d4f58457eb69cf58eff8e2c7f91e674ef6a9565,0,0,1,0,0,3,1,7,0,1,0,0,0
7e40213ca07086604673fdc060d37d62c814378c,10,0,0,0,0,0,0,0,1,2,0,0,0
7e5d8148ac46f239049286f538ddab23d2389e47,0,10,0,0,3,0,0,0,0,0,0,0,0
7f59d1ffef9fb2d3e6dae4704f989f8f68adc077,0,0,0,0,0,2,0,0,0,0,0,4,7
7f5b990b31ae62eb8bfed4bbbf18540009c5f6f2,0,0,0,0,1,3,1,1,1,0,2,3,1
806baa875c08e12ee17e455e575d36ed415ab93c,0,0,0,2,1,1,1,4,0,2,0,0,2
806f70aca81b47d1520a43959713e8b2a3e54ee7,0,0,0,2,0,1,1,2,1,1,1,1,3
80979df4523aabc9f802bfb16873def53fdf29c5,0,0,0,3,9,0,0,0,0,1,0,0,0
80984624c20fff7fb2f768f7d74c080ed231fb4c,0,0,1,1,0,3,3,1,2,1,0,0,1
812cd5fad84e7663fedfb18794f1122373927acd,0,0,0,0,1,2,2,2,1,0,2,3,0
829bd985c931532275f1a785b0419ff28d8d6a35,6,0,0,0,0,0,0,0,0,7,0,0,0
83902b4ba32a21068144270bab0396b2181f96fa,0,1,0,2,8,0,0,0,0,2,0,0,0
83b6af4f19e75ecacd36cbd766204125c0161fb5,0,0,0,1,0,3,2,6,0,1,0,0,0
83cb3e7520e7793e47d9252a299c93dcd6688772,0,0,3,1,0,5,1,1,0,2,0,0,0
83df8b570753e617eb9d6b4b83676d940f2a1b01,10,0,0,0,0,0,0,0,0,3,0,0,0
843b7c481660042a3d4939ba9cabb08706df54e8,8,0,0,0,0,0,1,0,0,4,0,0,0
85ae9db70acdeab8fdd58585988129eb74904a33,0,0,0,0,1,1,4,1,2,3,0,1,0
85dba7f4ba0e049da71847bea21fb5f42e4a0339,0,0,0,0,2,4,2,1,0,1,1,2,0
85e351655a14914e4c01bda5e6f34afba7859652,0,3,0,3,5,0,0,0,0,0,2,0,0
85ee18e11ae154dd97a6a07dde51d43252b2192e,0,0,1,1,0,1,4,1,1,1,0,3,0
85ffac8d03446786d61b4694e1bc35b066c0a198,12,0,0,0,0,0,0,0,1,0,0,0,0
8637136422cb46ed8e6e3bc55a59f4b2c7085e66,1,0,1,3,0,1,5,1,0,0,0,0,1
86977fc39ba5c4386ec3116586902d810af02898,0,0,0,0,3,2,1,0,1,1,2,1,2
86e485842877adf05b55db48d0a7e9a06f797e00,0,6,0,6,1,0,0,0,0,0,0,0,0
871dfe39f3cbf1b519973f880bb6d77a5a9eeb75,0,0,0,0,0,0,5,1,0,1,0,2,4
88b68fc4c9bb747508bb1eeaaf004666d03d2323,6,0,0,0,0,0,0,0,1,5,0,0,1
8909d0c2c291144e1d7bf227a11a92a82cf4ed9d,0,0,1,0,0,4,5,1,0,1,0,1,0
8936a848c7937ccc10ffc106b7aa99675c478a69,0,1,0,1,8,0,0,0,0,3,0,0,0
894750ab5b997cb065b53186fbe0d821660231ac,0,0,1,0,0,3,2,1,2,1,0,2,1
89851460b7c23ecfa784da7af714a89bbf9cd025,0,0,1,0,0,6,4,2,0,0,0,0,0
89bc33044839c31454e6f108573ecefa9079bce9,0,0,0,1,0,0,0,5,0,1,0,4,2
89e64955193e7064f12b45f4bee1d5ced79754ad,0,0,3,1,0,5,1,1,1,1,0,0,0
8b519d58fdba733bfab75e910106819ab3c41410,0,3,0,3,5,0,0,0,0,1,0,0,1
8c0a6a247a3b37b38fb0e165499ceef676fc25cc,0,0,0,0,2,1,7,0,1,1,0,1,0
8c125086b892eaf4b53400ed39beda6c32fb1910,0,3,0,5,5,0,0,0,0,0,0,0,0
8c95365d152599ccc651a50993ef64954a81be4d,0,5,0,0,5,0,0,0,0,0,0,0,3
8c9fe6f0291059e2005f5e13ff3b1fe573e21e91,8,0,0,0,0,0,0,0,1,4,0,0,0
8dc23c9c4477b0a1b6245a09839b4b0675f6dcae,0,2,0,5,5,0,0,0,1,0,0,0,0
8f6e75b59b2727b9a6b2c2914320533c4f7636f8,0,0,1,0,3,1,2,3,0,3,0,0,0
8fe900d7fd6046cccc5d10e888310a467bc348af,0,0,0,2,1,4,0,1,0,0,1,1,3
8ffc1b0944fb45e0d1c60551ea5a9ebd639e73b8,8,0,0,0,0,0,0,0,2,3,0,0,0
90a31baa88d779bdb2c4fda03c3e1e539a5991ab,0,12,0,0,0,0,0,0,0,1,0,0,0
90e38b4dc0b654f3ba36f25dac5b7626ea72c632,0,0,0,1,0,1,5,4,0,1,1,0,0
916878def1705fe70f8327c4ccffb20f5ba1c0d5,6,0,0,0,0,0,2,0,3,2,0,0,0
920fcb0871ec99c114d1184fae657f8ffaaccf7e,0,0,0,0,0,7,3,1,0,1,1,0,0
924f70ca845ddd09c856acd9821465a88f37562a,0,0,1,1,1,2,4,2,0,0,0,0,2
92af568d0e517ad81e48668f3b68fbf1eff0e92c,0,0,0,0,0,1,4,1,0,1,2,4,0
92f2aa4a25f3bb495481959a34f67c5eaa894ffa,7,0,0,0,0,0,0,0,2,4,0,0,0
9340258b121ab640eb40404272cda6f97954d916,0,6,0,2,3,0,0,0,0,1,1,0,0
93715cf1ee6425b4506787cf06aa20cb699d529a,0,0,1,1,0,3,6,0,0,0,1,0,1
9526d3f865c6ad7f28635bcd5d3fc980bdf272ff,7,0,0,0,0,0,0,0,2,4,0,0,0
9596079b160886e5351808cafc8dc452166d83f4,5,0,0,0,0,0,2,0,5,1,0,0,0
95aec028555bc0663c16bab0b3caa4a024e85cf8,0,0,0,2,2,1,4,2,1,0,1,0,0
96d0ef80092023c855f69c190cfb43c59a2f441b,0,0,0,0,0,1,3,1,2,1,2,1,2
96e2695b6985c4efc4dcf33ab5b294f74e1154dd,0,0,0,3,0,6,1,2,1,0,0,0,0
9744f1edb9197768763bb11d6931fafd3c30ffd8,0,0,0,0,0,1,5,0,1,2,1,2,1
97a2a7e7990d57e57306ab61e00244f0e715e72f,0,3,0,0,9,0,0,0,0,0,0,0,1
97fbc755624d771c64f7c3a5cdb4e7622f03d871,7,0,0,0,0,0,0,0,2,3,1,0,0
980d247d772abe8c39ff7a38e12e77d0ed84d13a,0,0,0,0,2,2,4,0,1,1,0,2,1
981f8e4440bf999878b78c72a2b82169aeec7607,0,0,0,0,0,2,2,2,0,2,0,2,3
989fd4d9f68386b41f07c6356329f9d09dd8a850,0,4,0,4,2,0,0,0,2,0,1,0,0
98fd2e5383eff0f4cf06bb173e7ee085e4a38371,0,0,0,1,1,1,3,1,0,0,1,2,3
990c11e976e6e7b9a4daa13a339fe8b0150d4d87,0,0,0,3,0,1,4,0,0,0,0,3,2
99e58b6b43dcea56397ce121b9abee2fb9539f32,0,3,0,4,5,0,0,0,0,0,0,0,1
9a0ce688a1cd5ac24e745fd1ef54815384c91dae,0,0,0,1,0,4,2,0,0,0,2,3,1
9a103388150d238b349694fd9212fc07d70fe86b,0,0,1,0,0,5,0,2,3,0,0,2,0
9afad440c8c662fedeb96e5da3a20ee4488a5063,0,0,0,5,8,0,0,0,0,0,0,0,0
9b333a882e7eb66063aebf8244abd9080c7e9316,0,2,0,5,2,0,0,0,0,2,2,0,0
9b6c35ebc236feaa3ea301e3dff8d04c8d4bccf2,0,0,0,0,0,6,4,1,0,0,0,2,0
9b83ce7b83e7fe990378e2878a93243092b84d60,0,0,0,3,1,7,0,2,0,0,0,0,0
9baf655060eab7737b56a76081efedb05cbb0562,9,0,0,0,0,0,0,0,0,4,0,0,0
9bbaaa5a8cdb5d4cda99675d359f78a0b1b2e54d,0,0,0,0,0,2,2,2,0,2,1,4,0
9be86b5a93039a9ea2081d912cbce6a035c1a5b7,0,3,0,3,6,0,0,0,0,0,1,0,0
9bfffe20215a83d709dd19e2f22c54bd4481cc80,0,1,0,9,2,0,0,0,1,0,0,0,0
9c548c0e3a9ac4d0c9ed46b841533f1c999108c1,0,0,0,1,0,1,2,4,0,1,1,3,0
9cf5b768ad666eb026e44766879f39913911a7c7,0,0,0,0,1,9,1,2,0,0,0,0,0
9d0debedb5f054773a3a9ddc08551ec89f494c4b,0,3,0,8,1,0,0,0,0,0,0,0,1
9d1573961d659bff3b4b5173aa888abc58fb15ab,6,0,0,0,0,0,0,0,4,3,0,0,0
9d18189e83273751c208a48867313c146585b584,9,0,0,0,0,0,0,0,2,1,0,0,1
9db5ec7ce1efda7aac760d060fff8bbcda9ee370,0,0,1,1,0,8,0,2,0,1,0,0,0
9df8d8afc23dccbaae139e81b9b918113b2ae25e,0,2,0,3,7,0,0,0,0,0,0,0,1
9ef685aa335efba2f5d2127ffe47d6b2fcf95179,0,0,0,2,0,3,2,2,0,0,0,1,3
9f5c7ec18a9595f2465da577020291c9d23f2e66,0,2,0,6,4,0,0,0,0,0,0,0,1
9f8820b1ccf041785342615ef30bbe6b5247b9d5,0,0,1,1,0,2,0,3,2,2,2,0,0
a0caf347ec7e190680ea8f91e919018d3e6dcb7c,0,0,0,0,1,0,4,0,0,1,3,2,2
a0e044db776b568ca5eed0285fa5492d5dddc701,0,0,2,2,0,4,4,0,0,1,0,0,0
a15b6c3e6b35424fa3681b2b767d0db4c522b0d7,0,5,0,2,3,0,0,0,0,2,0,0,1
a1838ca177f65218675c90e17d22516215b722b3,0,0,0,2,0,3,1,3,0,1,0,2,1
a1a38f237b3b52c1ddc1f77c18df953175de1e92,10,0,0,0,0,0,0,0,2,1,0,0,0
a2041cc043e52b946dd9adb82397b862c2c8cb94,0,3,0,4,6,0,0,0,0,0,0,0,0
a2512b320cd2099b40072b6f579568cc6840e89d,0,0,0,0,0,3,3,1,2,0,2,1,1
a2af3cdf007a29f57b35ba488abda8925bc7022a,0,7,0,4,2,0,0,0,0,0,0,0,0
a40083ca6543d953d97c253c73257d786b622ece,0,0,0,1,0,0,3,0,1,2,1,4,1
a4014713d39226674e25c366baace41773e41c3e,0,0,1,1,0,3,5,1,0,0,0,1,1
a44bef7eba8edb2e55b881542ead7f8bcd6db890,0,0,2,0,0,2,0,4,2,0,1,0,2
a55d6a4b336221fb88dd983405542766b938a323,0,6,0,5,2,0,0,0,0,0,0,0,0
a5ccf0111c10961586ab154e67de309f1a3d6e7e,0,0,0,0,1,0,1,2,0,1,1,1,6
a5cf6f5c966f4f32bc3a19b4b2ccc78266f054eb,0,0,0,4,0,7,1,0,0,1,0,0,0
a70805177c1435c37e3408c3511e4c0bc221ba3b,0,1,0,5,6,0,0,0,0,0,1,0,0
a7ca4cca02f2987a57aa9b0414ac5ef1fb7c89be,0,4,0,6,2,0,0,0,0,0,1,0,0
a7e3b357bf1f30a18a9792b0239981d88bcbfb03,0,0,0,2,1,1,0,4,0,0,1,2,2
a8d16df53d4f4ae7d4d3094d098b879baeb588f5,0,0,2,4,0,2,2,1,0,2,0,0,0
a9020db5d092fcf321bcb323c025dad08334c3ca,0,0,0,4,2,1,0,3,0,1,0,1,1
a94023ce2d1078b4338f2d7cffad8f0f8ef976a9,0,0,5,1,0,3,1,1,0,1,0,0,1
aa4c7d7eb485d1ed3a2a605473bbac83bfcd2f39,0,3,0,3,6,0,0,0,0,0,1,0,0
aa73118c933280e22fc003b8820d88088e0e0550,0,2,0,2,8,0,0,0,0,0,0,1,0
aafbdf14c7f5317d2cf437177128a1723145771c,0,2,0,4,5,0,0,0,0,0,2,0,0
ab30f9f0675fcf73bc276320206afc7a893d4603,0,0,0,1,2,2,2,1,0,3,0,2,0
abb1f62ecb08b2b5684ee277f1d8c1677f415728,6,0,0,0,0,0,0,0,2,5,0,0,0
ac128441199605d70a1539ae9d005558f48f56b1,0,0,0,1,0,6,2,3,0,1,0,0,0
ac39546a4a2c2981a8657436eec8a50263fb859f,10,0,0,0,0,0,0,0,0,3,0,0,0
ac485161e585e9d6d7a27ee9333ebef3a8b73a75,0,0,0,2,0,0,3,0,0,1,1,1,5
ac4ded4534019266b80bca95c122b17a405b81ab,0,0,1,3,0,3,0,3,0,0,1,0,2
ad076f6e00a023cae1ef429ac6c4c4cee2ad2374,0,0,0,0,1,1,2,1,0,3,2,1,2
ad67e3f80c90cb5a3418e3346dfe45af80687333,9,0,0,0,0,0,0,0,2,2,0,0,0
ad9a9e025617a1bc1e1f397bea08ea282b18cf40,0,2,0,5,5,0,0,0,0,1,0,0,0
ad9c8b2eb66e7336c273d0c79f02903006375375,13,0,0,0,0,0,0,0,0,0,0,0,0
ae6d2ef3bfd98a29ef54795bb9de26a164a5206c,0,2,0,2,4,0,0,0,1,1,2,0,1
ae7f8e10695292941e3f9e291babbe24817e4728,9,0,0,1,0,0,0,0,3,0,0,0,0
af10310e20d68239cdf260ddea49628e34285796,0,0,0,0,0,0,1,1,2,5,1,3,0
af5f504cd95e72f6efd85cca3ef2f6da285e5e1c,8,0,0,2,0,0,0,0,1,1,1,0,0
b0505a62917f1853c10d1116b1eeff9b83335fd1,0,0,0,2,0,2,3,2,0,2,0,2,0
b05d7ebcb8e4604670dbc9487ca262e155436331,0,3,0,3,6,0,0,0,0,0,0,0,1
b1a78c57b30da926500d923bc060ca5ae800e296,4,0,0,0,0,0,0,0,2,5,2,0,0
b2012f4188dfacbd86a4a7ca8ecd21d89c29970d,0,0,3,1,0,1,0,3,3,1,0,0,1
b28f49ff9cd8d780ce0fd90dc9033ac193367215,0,2,0,4,7,0,0,0,0,0,0,0,0
b35910fcad2f0864aec34cfdffd786178f06766c,0,0,1,1,0,4,1,2,0,0,1,1,2
b4652478aaabd2513bec4dcb4f4688da9d144614,0,2,0,5,5,0,0,0,1,0,0,0,0
b49078f246f0cfc6403853da9147af45c38ceb4e,0,0,0,0,1,0,1,1,1,0,0,8,1
b4c8a4ff6dce07db8112e7cbb9f8cb985c8a061d,0,2,0,6,3,0,0,0,0,0,2,0,0
b4e6ebe35d3a448ec2828536f271b929c07f8aae,0,4,0,8,1,0,0,0,0,0,0,0,0
b540df81466baeed3e910773c3cf45c3791d779b,0,0,0,0,0,0,3,0,0,2,3,1,4
b5a9bed98e46e04802bde3cf176c6d8f4c9fcba9,7,0,0,0,0,0,0,0,2,4,0,0,0
b5b04b343240f39199b7bcf667700be0af0dec42,0,1,0,4,5,0,0,0,0,1,2,0,0
b6eeb9d4634e6293785985d205d9c0d95862ce0c,0,1,0,6,4,0,0,0,1,1,0,0,0
b79a07aebcec4dfcb8787e6dcad792a8f959bb55,0,0,2,0,0,3,1,1,0,1,0,0,5
b7a0a42d5598252e65edc4cde15d5dfe8cf553b3,0,2,0,5,5,0,0,0,0,1,0,0,0
b7a1d859031b20bc99dece06e363ebc92ef4063b,0,0,1,0,0,4,2,1,1,0,0,2,2
b7a6eaf2941c5626ed48d1c30f38f0267362d21f,0,0,1,1,1,2,1,1,0,0,0,6,0
b8001fe1a4a457155979abc527f13cfd359a1a05,7,0,0,0,0,0,0,0,1,5,0,0,0
b81b80a97fb25e093c23386a040cf7dadc03b50c,8,0,0,0,0,0,0,0,4,1,0,0,0
b81ecc545c27765cd16ebb66a29eb9dc756babc7,0,3,0,6,2,0,0,0,0,1,0,0,1
b86b76b58aea7e09342bd412ed7670a5a1d436da,0,4,0,6,2,0,0,0,1,0,0,0,0
b8ea576b22caec440665345214b522172fcdf9af,8,0,0,0,0,0,0,0,0,4,0,0,1
b9530b94b280e4f46af2942103e913472d5fa01f,0,0,0,3,0,0,0,4,0,1,1,0,4
b9b496e3dac9447cbce37f230322eeff34c74ca7,0,0,1,2,0,1,2,0,0,2,0,5,0
b9b52a62d37561e9a2f8e33150f3d9c2c1861153,0,0,0,1,0,3,1,0,1,0,1,1,5
b9f31aa6216a16b4c88b970e2bda4bde6cd503be,0,10,0,1,0,0,0,0,1,0,0,0,1
ba0538e580d34e204aae4b257eeb6902e4c10bca,0,0,0,0,1,1,6,1,0,1,3,0,0
ba2ec876602fd5ced820c0113227d98c2a8ad14a,0,0,0,0,2,0,3,3,0,0,0,1,4
ba5da6d19df8d0349f25889cc504e608765ae277,0,0,1,0,0,6,1,3,0,1,0,1,0
bb3b9419886da788dbe69abcd189a30b3e8932b5,1,0,0,3,0,4,0,1,0,4,0,0,0
bb63aae087ce63e1ab6cf9cecfd76a84b59fe739,0,4,0,5,4,0,0,0,0,0,0,0,0
bbc01c34566eb45195f89e3834a28a8703253828,4,0,0,1,0,0,0,0,3,5,0,0,0
bbd70b9b03f978a60d0c118196246dd7d985bbba,0,0,0,0,1,3,2,0,0,1,0,1,5
bbe72fad9ef948c9b6669db9ce0c7a7f4bd4e5bf,6,0,0,0,0,0,1,0,4,2,0,0,0
bc2213d9a22447429b76c85bf236c38299d95928,0,0,2,0,0,6,0,4,0,0,0,0,1
bc3e18491d8667e1d6820e2a42f4671b00347e81,0,0,0,0,1,8,2,0,0,2,0,0,0
bcd62374c455d86b87af8c759713054a95cbff0e,0,0,0,2,0,1,2,1,0,2,0,2,3
bcf6579c8f274f0b4227d130ee7ef17329083415,0,0,0,0,1,5,2,0,0,0,0,3,2
bcfffabc247597ade7b9fda612d5981fdee633d6,0,4,0,2,7,0,0,0,0,0,0,0,0
bd14b365f2c6d0117299e8a5b1f4c0cce2cd5b75,0,4,0,3,6,0,0,0,0,0,0,0,0
bd77f0131e1474e7b8036ad8cf6732b3463f1431,0,0,0,2,0,0,2,2,0,2,0,4,1
be5772d13e6f7201da843fb9c9680fcf019f43a3,0,0,1,0,0,3,3,6,0,0,0,0,0
bee6814a850e367e41de1a0441a0ad6752f72814,0,0,0,0,0,3,2,2,0,2,1,2,1
bf0fe67ad28ed3867fed8fe32b8860806e33f9a0,0,1,0,4,5,0,0,0,0,1,2,0,0
bfb5d9da274068d50499a7d496792ba307eb938d,0,0,0,0,12,0,0,0,0,1,0,0,0
c035b321a4c167cc7a14b1eb31e4ef724b4f67ed,0,0,0,3,8,0,0,0,0,1,1,0,0
c0a8c11686f58063574a0ceb5c704f704cee53b1,0,0,0,2,0,0,4,1,0,5,0,1,0
c104f5c8ac470843728db2de500ac88921edc6f1,10,0,0,0,0,0,0,0,0,3,0,0,0
c18cf94d6ef47446c7576410595780889b0bc9f0,5,0,0,0,0,0,0,0,4,4,0,0,0
c1b09228baf4951a2451ea711253a6fc3bbf0c77,11,0,0,0,1,0,0,0,0,1,0,0,0
c2d88158f6cfac13f6684e75a5b5a5f480f45fe2,9,0,0,0,0,0,0,0,1,3,0,0,0
c2f03f66623846d489714c78e1b7a0b577e4bfe5,0,3,0,2,7,0,0,0,0,1,0,0,0
c2f2cf202855607c80f23db78f8a0c722b5cd4cc,0,0,6,0,0,4,2,0,1,0,0,0,0
c350aacff562ecb81bffe6213708aca5e072ec78,0,0,0,0,1,0,4,1,1,2,1,1,2
c371f3c4f4084f203fb8ce70ae47620495abd611,0,0,0,0,0,0,4,2,1,0,2,2,2
c40970eddb9f31fc9306eae2a13c0a7995082cab,0,0,0,1,1,0,3,1,1,0,3,1,2
c4e3952e428159b607189d81a8a1e2f47c904a56,9,0,0,0,0,0,0,0,2,2,0,0,0
c4fa5629045ac80ecd3c8ee96754b66d371c44fe,0,0,0,2,0,4,0,2,1,1,3,0,0
c51eae11e33a382f0bbc56f6b708d3bfcfa99508,9,0,0,2,0,0,0,0,1,1,0,0,0
c55d74b956e96d494311abd5d8fb00a823be8bdd,0,1,0,6,6,0,0,0,0,0,0,0,0
c597ff02d6467784fc42d305cd6717dfa7b0b4ea,9,0,0,0,0,0,0,0,1,2,1,0,0
c60bca804a2d191ccf96294e9bce75c6f7bede2e,4,0,0,0,0,0,0,0,2,6,1,0,0
c674cd148784008cab4b55c000e28d28061b420b,0,3,0,2,6,0,0,0,0,2,0,0,0
c67b1433a55d3bd5d26f5a4e419d0541a504a8bd,12,0,0,0,0,0,0,0,0,1,0,0,0
c6d6401c21a05bdf1df500bbfeda3751a4f0f615,0,1,0,2,10,0,0,0,0,0,0,0,0
c7234a8425bdbf3c386181869db5f3817aa67133,0,0,1,3,0,1,2,2,1,1,1,1,0
c877679c8f898712a0207e880c66e11f5a3f58e6,0,12,0,0,0,1,0,0,0,0,0,0,0
c8c1ab2e4a85bce57fb52d059a4017bf7bc596d2,0,0,3,2,0,1,0,3,2,0,0,2,0
c8c8c8467bf6e94f2d8095a367c40554da516929,0,0,0,2,0,0,0,0,0,1,3,4,3
c91aab4f5ac08fa0f8643b83ac91c4ddc10033d9,9,0,0,0,0,0,0,0,1,3,0,0,0
cab7831f323daf22b9a4df2e36739f0df8248af6,11,0,0,0,0,0,0,0,0,2,0,0,0
caeeb23904d019beb65b5b1e288fa1e02d8d0192,0,0,2,0,0,2,5,4,0,0,0,0,0
cb4211f88fdec00ea8a5d6ac7516bd4d6a61853f,0,6,0,3,2,0,0,0,2,0,0,0,0
cc0a955b117e2a2885bb732986b88f3ce703124d,0,0,1,0,0,4,1,3,0,0,2,2,0
cc2e3ce9edf85ad779b024a7aa2827b5441b4221,0,6,0,1,6,0,0,0,0,0,0,0,0
cc7359744eba2bc2a12c8832c677fba53c243713,0,0,0,1,0,0,5,0,0,1,0,5,1
cc86c76e81a0780fbadfd774aaa13a39baf16f15,0,10,0,0,0,0,0,0,0,0,3,0,0
ccfed7b5e75423d1a3f650cc708199150d6fc48b,0,0,2,0,1,4,1,1,1,2,0,0,1
cd1476021e27070c54ece5a082705d185eef2d0a,0,0,0,0,0,0,5,0,2,1,2,2,1
cd7939c7ba7b3ec89843a1d140d68a0a410b12e3,6,0,0,0,0,0,0,0,2,3,1,0,1
cdffd50c77685ae4aa939bd65563df5873b1eff3,0,0,0,0,0,3,4,2,0,1,2,0,1
cf044f761ab474e75b69a9a0ef5f428897f3f867,6,0,0,0,0,0,0,0,3,4,0,0,0
cff2f61708cae90fa90721cb87ab8fd781452541,0,3,0,4,3,0,0,0,1,2,0,0,0
d012087b949bca1edc3def9c33c1c88da477b055,0,0,2,0,0,5,5,1,0,0,0,0,0
d01de925d121098d24aac3481face47b8cb8de9a,0,1,0,0,1,0,6,0,0,0,1,0,4
d04cbd88f4a89dab80c64beb83a13ddf791bb6eb,0,0,0,0,0,3,2,2,1,1,0,4,0
d05f2da0642fc1462c7433a71b549ff9d594593d,0,0,0,0,0,2,6,0,3,0,1,0,1
d09268a39bd7e6c3d6123387810274358b552b59,0,0,0,0,0,0,5,0,1,1,1,2,3
d161f9ca6f3e11369f77fc29490629e88954cc20,0,0,0,1,1,7,1,1,0,0,2,0,0
d1a7a68e43e5087f2005c6013c2d812f085d055f,0,2,0,4,6,0,0,0,0,1,0,0,0
d2c6dfe0109647e7df459a132a70799fc9863028,9,0,0,0,0,0,1,0,1,2,0,0,0
d3164a18db84d5bb395b320f41cbbe81dd28fde0,0,0,0,2,3,5,1,2,0,0,0,0,0
d31688a4c0dec9ddc1f25debd0fffd01697de47d,0,4,0,3,3,0,0,0,0,0,2,0,1
d31cd7218583c0a4abeb341f2d8bd3f96a707b56,0,0,0,1,0,1,3,0,1,1,1,5,0
d3668025491587a60a409281871d1d8a05a61e53,0,4,0,1,4,0,0,0,3,1,0,0,0
d3adcf5f4251f8a25a9efed0bd4a93acb3a30392,12,0,0,0,0,0,0,0,0,1,0,0,0
d3df278d4397263d8f9959e7a0b9be08fa245fc7,0,0,1,3,1,3,2,1,0,2,0,0,0
d435e95ad467c411e415b76e76bfca5e50490963,0,4,0,3,6,0,0,0,0,0,0,0,0
d443be3d5d71bf172736e6bdc97e2a53ed5d1a41,0,12,0,1,0,0,0,0,0,0,0,0,0
d44c59c0cf951c5b1bf6a3e2146bcf3a8b866fb8,0,0,0,1,0,7,3,1,0,1,0,0,0
d49916d8bc531fbbdc354cfa284a36a018efbe61,10,0,0,0,0,0,0,0,2,1,0,0,0
d4ca690947a402c31ba24cad78317f22613de343,0,0,0,0,0,6,1,0,1,1,0,0,4
d5f9ede2814a967a8df4790900749533c9d57cf2,0,0,1,0,0,4,4,4,0,0,0,0,0
d6b29c5c47a45a0d287fa6c3f16d5028be6eed5e,10,0,0,0,0,0,0,0,0,3,0,0,0
d70780dced9d31b28922ac17d32ea8ce98659566,9,0,0,0,0,0,2,0,1,1,0,0,0
d72de7d2fbcd7115fa0c8f76c53814a10d14a60d,0,0,2,0,0,5,1,3,0,0,0,2,0
d832f4400a4398e80d7c9ee349be582b91f73c37,0,4,0,2,6,0,0,0,0,0,1,0,0
d8eb084f15844360dd83a7740b5eab1f27228f84,0,0,3,0,1,5,2,1,0,1,0,0,0
da77f73c7ee9a6742c11198eae5483627cf4d8c5,0,0,0,3,8,0,0,0,0,0,0,0,2
dbb3956393446b163bf2178a6fa60a1dd88c033f,0,1,0,3,5,0,0,0,2,2,0,0,0
de0ff9c9eb0257a556b009c6ce74cc434a80190c,0,0,0,0,1,0,6,0,1,2,1,2,0
de2b1243e2f4c2d971b3530162ff555f18060283,0,0,0,1,1,0,4,2,0,3,0,0,2
de5b3b38e68c11dd3dcac1bdcc5c01e89e5ac2c6,0,0,4,0,2,4,1,2,0,0,0,0,0
df65049db05469ddd5b6d5cb202cdf9db28015e6,0,0,0,0,1,1,1,1,0,0,3,0,6
e018312d9633ee4d68ac73f12a8d423b0ac0ddae,0,5,0,3,2,0,0,0,0,1,2,0,0
e058a18501906901c84b44497de955b097236a3e,3,0,0,2,0,0,0,0,2,4,0,0,2
e058edce07a40f46f0851b61d1dc619b7742f627,8,0,0,0,0,0,0,0,1,4,0,0,0
e0e712266393e53ca4b757190a8a16e02033e85c,0,0,0,1,2,4,1,1,2,0,0,1,1
e12d50d412664fc1f1f7c4988917302df50ac81d,0,0,0,3,10,0,0,0,0,0,0,0,0
e1763a5451118a7aa7f70842c8800c390a4f1edc,0,0,0,0,0,1,3,0,0,0,2,2,5
e1bb22def8252a79e08f69938c8e49dde99b05d4,0,5,0,5,1,0,0,0,0,2,0,0,0
e2bf90118922b975fbd25a51e3159f95ad8b118c,0,0,1,2,2,5,2,1,0,0,0,0,0
e33af9051f8d8d1a47995ec25249caa1b2dbca10,0,0,0,0,2,0,6,0,0,0,0,2,3
e374aab4abc4a1dc1b2cb1a933615585ebec162b,0,0,0,0,0,5,0,0,2,2,1,2,1
e3fc91a969f9d2c8707cc10a01c145669650ea36,0,0,0,1,1,2,1,1,0,3,1,0,3
e424bfe57290920c6aba7acf303e9577a73fe992,0,0,1,1,1,1,2,0,0,0,1,5,1
e44b0ba58254eaaa82649b3e5c9c545ee81e89d0,0,0,2,2,0,2,0,0,0,4,0,3,0
e6ab96dffe34916b8f39c07a4cc8e9c30a49b57c,0,0,1,1,0,2,1,7,0,0,1,0,0
e6c33a796fa884b899047545b96f47625bd4ec53,0,3,0,7,3,0,0,0,0,0,0,0,0
e76531963860781e7debc75ef31e8db487dbb350,0,6,0,4,3,0,0,0,0,0,0,0,0
e7a101fedfd087d738ed4c406c4007dd97ee86a3,0,1,0,6,5,0,0,0,0,0,1,0,0
e7a2f782891a5a2da408197e5cff6141b9ba9829,0,4,0,5,1,0,0,0,0,0,0,0,3
e7c2d881b813185ac1224e79874d4b9af358d4bd,0,9,0,0,0,0,1,0,2,1,0,0,0
e7f7856c142643e883fc598ebc224dbdc72e84d8,0,0,0,1,0,6,1,1,0,4,0,0,0
e8516173ea920423a8ae10d364a4d50e57915f9c,0,0,0,0,0,0,1,0,2,3,5,2,0
e8785fcc99af0bd1da2db6839194ce40423a9543,0,0,0,0,2,4,4,0,0,0,2,0,1
e89a955dcdbc930c8e28b4999037126381a98e4b,0,2,0,7,4,0,0,0,0,0,0,0,0
e8a3d85a3fc58877f5ebdd12366e7ab2af7c10df,0,6,0,2,5,0,0,0,0,0,0,0,0
e8da9479aab29c987785139900396368ff0714b7,0,0,0,0,4,0,1,1,0,4,1,1,1
e8ee10671a239356e66d93a8d52d8d59e65db8b2,0,12,0,0,0,0,0,0,0,1,0,0,0
e9ab29f57068c49936e68ee9a2350211ff04629f,7,0,0,0,0,0,0,0,3,3,0,0,0
ea25ef4960e1faefa68d139f543e186d4f764d31,10,0,0,0,0,0,0,0,2,1,0,0,0
ea5bb4806caae6b33e3ff0ac1234b4e01726e5da,0,0,2,2,0,2,4,0,1,0,1,0,1
eb1cd61ad06e4824db7bd0814443b3fcee14029a,0,0,0,0,2,2,0,3,2,2,0,0,2
eb44000e6ea7d1ac0309df34134cda59dcc3b903,6,0,0,0,0,0,0,0,0,7,0,0,0
eb8a198843645f2bd5021258da25155e710e6b03,0,11,0,0,2,0,0,0,0,0,0,0,0
eb9afb856d2703f6174fcabafb1cad3b2917ec1e,0,0,0,2,0,4,3,2,0,0,0,2,0
ebc09edc1e4a648fefe2f09ffac5ed584f3e2cb4,0,0,0,1,2,0,2,1,2,3,0,1,1
ebcd76d5ab1c41711cba00545961868609302bbf,0,0,1,0,0,5,4,2,0,1,0,0,0
ec63805dda7a5fb46acccc09faa0f8b93252a7e7,0,2,0,5,5,0,0,0,0,0,1,0,0
ece987ff9b4dda76a95b9222549defc9fa78e0b3,0,0,0,0,0,1,0,0,0,6,1,2,3
ee3c199d80d925e986198e069889ed76d6d1ef9d,0,0,0,2,0,1,3,1,0,0,1,4,1
ef34de3990bca7c565e7ee843beb2123fd79a130,0,0,0,0,0,0,2,1,0,2,0,7,1
ef82cd85f24c1365eca6642cffb7ae2d11395115,8,0,0,0,0,0,0,0,3,2,0,0,0
efe107d9f3fd1ac4c6f497b8609d707e1cffef3e,9,0,0,0,0,0,0,0,0,4,0,0,0
f0cfd0c794614dc3620dc1560fae9064a3d1c411,0,0,0,0,2,2,1,3,0,0,1,3,1
f0e029e0e1d6e7ba7c87be1299261b0f09526bdf,6,0,0,0,0,0,0,0,1,5,0,1,0
f15b67098916913cd5ef5cbd23be30628441b6e2,9,0,0,0,0,0,0,0,1,3,0,0,0
f1fc83e28daa398ff73deb097a496f0f9b1dea9e,0,3,0,3,4,0,0,0,0,1,2,0,0
f22fe749233c8f1700624d340d0d2c1e01b2268c,0,0,0,0,0,1,3,2,0,2,0,3,2
f255ab451e421a2f17acd4f44478bae13d1a88b9,0,0,1,1,0,5,0,2,0,2,0,1,1
f2f582544f0d7bbf65ead275500d11e8a22a376c,0,0,0,2,2,1,2,0,1,4,0,1,0
f3032ae6c63963f419eb5dd34acb26f7823c0f54,0,0,0,2,0,1,1,3,1,0,1,2,2
f4b60aa3402e5001d1a98c802dfba14ceea52569,0,6,0,2,3,0,0,0,0,1,0,0,1
f53c84c760e0f06f956dd4790b88cec5d2f51efe,0,0,1,1,0,3,3,1,2,0,0,0,2
f550a9d4d75257039db636c90488fd8b770247b4,0,5,0,0,7,0,0,0,0,0,0,0,1
f56d67bdbc9bf1a831e3ccd7343133ad368812dd,0,0,1,1,0,1,1,5,1,2,0,1,0
f5b54ab1953913fe5a83dd1cf2b7ec8a3fd155bd,0,0,0,1,0,2,3,1,0,0,1,3,2
f5e416c8d3b7f819dcc1358fc4d2c3317b84e47b,0,0,0,0,2,2,2,1,0,1,2,0,3
f70c773a98288c6e1d8dd27a898374408205bcc2,0,0,1,2,0,3,2,0,1,0,0,1,3
f83c1b9f9f3894d5a10600b8556b625486c8a5d2,6,0,0,0,0,0,0,0,0,7,0,0,0
f87484a0d7128eac673fdbd30cad6451920ff869,0,8,0,0,0,0,0,0,2,1,0,0,2
f878e6a96b2e3dc96356edd109e620e9c712336f,0,0,1,1,1,2,1,3,0,4,0,0,0
f8aee5316485dc3650275bb63a6cdf6ad9986949,0,0,2,2,0,2,3,3,0,0,1,0,0
f9eb4517de08663aa66245ecb50f533bf0a1723e,0,0,0,1,0,2,3,1,2,1,0,3,0
fa4f711270170cd3a297cded060041dce21578a2,9,0,0,0,0,0,0,0,2,2,0,0,0
fa730d5dd280779cf55ba0647dca23a32f6df4d8,0,0,0,1,0,0,3,1,3,0,2,3,0
fb62849661ae7c584d8b8a8675d0234dc5345039,7,0,0,1,0,0,0,0,2,3,0,0,0
fbdd76414c788198279bb9a349a9e27785a0a3f6,0,0,0,0,1,3,1,2,0,3,0,2,1
fc77e97708372142edc18005f39f1ca847372230,11,0,0,0,0,0,0,0,0,2,0,0,0
fd97bf1a8b7b29502b5cc9427a1fb018dc312973,11,0,0,0,0,0,0,0,1,1,0,0,0
fe19b92c171e3f21717e015b254327d2ef11cbec,8,0,0,0,0,0,0,0,2,3,0,0,0
00f0bd331693620bba70abb29d58467ccd366153,0,4,0,4,4,0,0,0,0,0,0,0,0
01017ca01e7fd9aac5f7047c6484eb05f9a37e88,6,0,0,3,0,0,0,0,1,2,0,0,0
01489f7cf807cca27929a82b40f00849e76a370f,9,0,0,0,0,0,0,0,0,3,0,0,0
0194945457a77a6d08e03a41a8a50a7a9932c9f9,0,0,2,0,0,4,2,2,0,0,2,0,0
0203f48b337c370de834368790b20e35407f6d03,0,3,0,1,6,0,0,0,0,0,0,0,2
0218d1be8a0d876bfd16dec2138058ee45ed772e,8,0,0,0,0,0,0,0,3,1,0,0,0
02f8c30b1e1d1a4965d0e5897e6a078f27889de6,0,0,2,0,0,4,2,2,0,2,0,0,0
030ae959b291376ca384534c70e4064d99c5ba3f,0,1,0,2,7,0,0,0,1,0,1,0,0
030e32f43fa6891eed22005011f2e37dd338aa97,0,0,0,1,1,2,3,0,0,0,1,4,0
03148a505a736d0cb2441304dc1bb5a2d07f7622,0,0,0,0,0,3,2,5,0,1,0,1,0
0376d540f0338e2bff0b466cbe9a53e34146cb2b,0,0,0,0,1,2,0,2,0,0,2,0,5
039bba61d75e3d4bc6eff2da2b9d47502663fa56,0,0,1,4,0,1,2,2,0,0,0,0,2
03eb7cbf804ee01af9839f90c0758ba79fb4e554,0,0,1,1,0,4,2,2,0,1,0,1,0
042107e836c1be9d275c15212fe452c282034fd0,0,0,0,1,1,1,3,1,0,2,2,1,0
043219c14a9852c879c036b32acb80f4b262ad4f,0,4,0,3,4,0,0,0,0,1,0,0,0
04c210b6c12cb737342a058a0d9fed640c81bda2,0,0,0,1,0,2,0,2,0,3,1,2,1
04c887064c62529b56ec94f86a31b3c574682969,0,0,0,3,0,2,1,2,0,3,0,1,0
053cf1efe9770c0a7708df0cbe0df574dfa6628b,0,0,1,1,1,1,4,0,2,0,1,0,1
05b298fdbe903d4619c13135304d1f0077118f50,0,0,0,1,1,1,4,3,0,0,1,1,0
0643f57debb86929191a0877a341725f4620e1a1,0,0,1,0,0,0,2,2,0,2,1,3,1
06488617942d16e6469abde5c78727a511fcf594,0,0,0,1,1,2,4,0,0,0,1,1,2
0648d792972ac4574481c65ed2a31d4c1adb1850,0,0,1,1,0,5,0,2,0,1,2,0,0
064cd794c2fab88e8a1c41df2cebb941eef24b18,0,0,0,1,1,1,2,0,0,1,0,3,3
0693b96602af94710c065f53912c678aa90dca71,9,0,0,0,0,0,0,0,2,1,0,0,0
072c41bb3a035b344f1b6fb116dd3a0080d33adc,0,1,0,4,6,0,0,0,1,0,0,0,0
0753e34471d9e73c84a2c4d2637c38342facffe0,0,0,0,1,2,1,0,0,1,1,3,0,3
08012763d4582f3ea386de057ac120e7a379b88d,0,4,0,2,3,0,0,0,0,0,3,0,0
080c53e0b27f4b84fa6a41475856f0599bce09de,0,0,1,0,0,3,2,3,1,1,0,0,1
0832d578502ee44e4f4802fa3ccc84a9e31b6ec2,0,0,0,1,0,0,0,4,1,1,1,2,2
0870d23d7440c8254c8f4a085030c72d1a595531,1,0,0,0,0,2,1,1,0,1,2,1,3
0969596dbbee71b8f984ad9642877aded8b42439,0,1,0,8,3,0,0,0,0,0,0,0,0
097fb905e509b635533d4984c14f371ef0080f5e,0,0,0,2,0,4,3,3,0,0,0,0,0
099ed783a81e8381943f03acfa1b48863c026287,0,0,0,1,1,0,5,1,1,0,1,0,2
09ddef3e7affe4847fa266feefe0a3a9035fee4f,0,0,1,1,0,2,2,5,0,0,1,0,0
09f2baecd17e450b0d2043c585407c439e60d2eb,11,0,0,0,0,0,0,0,0,1,0,0,0
0b7c11e23ef015fa86f9d9324c61b8af3da744a8,10,0,0,0,0,0,0,0,1,1,0,0,0
0bfcc9d7273ae6ac3f740e7c2d5268a3bea9534c,0,0,0,1,0,0,2,4,2,0,1,2,0
0c5ee221192ceb0592a62e798cf1e7f62b3b7da6,0,0,0,1,0,3,5,1,0,1,1,0,0
0c9a4f9e0843069bac5ea44bdc4d199b36df43a8,0,0,0,0,0,2,4,0,0,0,0,4,2
0d1b4c6fa89421f5d405f01b9a7a514b369ce48e,0,2,0,2,6,0,0,0,0,2,0,0,0
0d80e0b874b5ce914c31b775c1d3f76cd170494e,0,3,0,0,7,1,0,0,0,0,0,0,1
0e3e4f7a024210101efddb527c48f92ac8156835,0,0,0,0,2,1,0,1,2,1,0,2,3
0e78c31d71112c45a2683ee9d3587206b8e1af02,7,0,0,1,0,0,0,0,1,3,0,0,0
0ea615b36653b8a668e2fc22b4c9df9267bfbb54,0,0,0,0,0,0,5,0,0,1,0,4,2
10481b546b2aabda1d495987949f3be727072bf0,0,0,2,1,0,1,4,3,0,0,0,0,1
10a4527bdbb6729938df285f795397cfb9d28c39,0,0,0,3,0,5,2,1,1,0,0,0,0
10c2fd4db9b80421aeb921c4207a24f0381eec9b,0,0,1,4,1,2,0,3,0,0,0,0,1
10c3e1797d52a99cf914f2946d9af562ed6b8af2,0,0,0,0,0,4,1,0,1,3,1,2,0
10cf255c32cf224f4b1c4e6910503023253327e7,0,0,0,0,0,1,1,1,0,1,0,6,2
10ef2579cd16d05674debaafc1ad194074c67014,9,0,0,0,0,0,0,0,0,3,0,0,0
118a06377a8ceb98df7a6250802e59d674cf59f0,0,0,0,0,2,1,3,1,1,1,2,1,0
11b6d265a761e72060e0a29b287144638d27b98e,9,0,0,1,0,0,0,0,1,1,0,0,0
11bd59ca29e5b4dc4db7fab4a1c2bcd8487d63e7,0,0,1,1,0,3,2,0,0,2,1,0,2
11cdbad2c79c32fc49e122022cfde180fdd5f91f,7,0,0,0,0,0,0,0,1,4,0,0,0
11d6e08be2bc325a9821a9d59da1e84bff3d4708,0,0,1,0,0,6,1,2,0,0,1,0,1
11e322c3793c369726d088ac99e96179c0a8faf9,0,3,0,4,4,0,0,0,0,0,0,0,1
1252f931cd777d04e46839a795cb5a1b57ec795c,9,0,0,0,0,0,0,0,1,2,0,0,0
1386e0928bf65264eeb54a0a6f0c95a50eae18a3,0,2,0,4,5,0,0,0,0,0,0,0,1
13cd31abd7efe1866fe9cfb82e6c56d59f82feb1,0,2,0,3,6,0,0,0,1,0,0,0,0
1468bf63fd83ba69dd5058370e58313248f29aa6,0,2,0,2,6,0,0,0,0,0,0,0,2
1483e1186f6c76d2be91232f14d856aac0ac0853,0,0,3,1,0,4,1,2,1,0,0,0,0
1484135687280f16554c2eb51a1d41eeb952c43c,5,0,0,0,0,0,0,0,0,7,0,0,0
150dc3e680ef549b26add0840f833023f7fbf882,0,0,0,4,0,2,2,1,1,1,0,0,1
151a7b89c038994db209d9b2a3c95a1f98a5b857,0,0,1,0,1,3,2,2,1,1,0,1,0
1574e224e62f65682c6f283b8499de762955a7d0,0,4,0,6,0,0,0,0,0,2,0,0,0
1590911fb4254694b20d5be80e68f7983a3c601c,0,3,0,3,5,0,0,0,0,0,0,0,1
15d5a69aee34877f246fd8312cdd0948cb1d35e1,0,0,1,1,0,3,1,0,0,2,1,3,0
15e02f05751d661e5fc0f65e43ca214d185006e7,0,0,2,0,1,1,1,3,3,0,1,0,0
15f4dd499e85e10c679176e0be38129fc5c1d5b7,0,0,0,0,2,1,0,0,0,3,0,2,4
161ec512139a194ca7c5dc04fc965ffc800121ae,0,0,0,2,0,1,4,1,1,1,1,0,1
1631f9d217f3db22364a996c2efda4ed82d68a06,0,0,0,0,1,2,3,0,0,1,3,2,0
164bb2de26ad81997fc2da59b64415d3c78f0c55,0,0,0,0,0,10,2,0,0,0,0,0,0
167af06b8aa6232a229de04cca1aac1765c27555,0,0,1,0,1,1,3,4,0,2,0,0,0
18152d7307fb5874d941e61a3bcce23e98496909,0,0,0,2,7,0,0,0,0,2,1,0,0
18d44831d156a874efeeba9a7114dc8eb1210396,0,0,1,0,0,1,0,3,0,3,3,0,1
19a7f0c3c880e3e0c4c4fd8f2cb9beacf10e56ea,6,0,0,0,0,0,0,0,2,3,1,0,0
19ef64512068d9a2b5b21c4644bad472a21f477e,0,3,0,2,5,0,0,0,0,2,0,0,0
1a305508e411fd71b5572be100856c565930b8de,0,2,0,4,3,0,0,0,0,3,0,0,0
1a67089e8f4b2681aa0cf2ba770f0bc2161881ca,0,0,0,0,0,1,4,0,0,2,0,2,3
1a9767c86b27750e8582fb34e5faa16f5b66230f,0,7,0,0,0,0,0,0,0,0,3,0,2
1b529906fc9e23985b66d256889f6f09a8691232,0,3,0,2,7,0,0,0,0,0,0,0,0
1bbca3e201631d186b4adc9bf25ae941d9a4c87d,0,0,3,1,0,3,2,0,0,0,1,2,0
1bc7f46b8476456794c0a3c04bec5720bd571183,0,3,0,2,2,0,0,0,1,1,2,0,1
1befe0f7a75e77e1bb2721d117d50d9f930921d1,6,0,0,0,0,0,0,0,2,2,0,0,2
1cc8091181673b266a4ef9e5464364e63b9ebcfd,0,4,0,2,3,0,0,0,0,1,0,0,2
1d02af80c2a37a03e896bffbc0a34a2a39e4f678,0,0,1,1,0,3,3,3,0,0,0,1,0
1d6a183cc17911b0ca9c7ed0cd2d9d1531f5e147,0,0,0,0,1,1,4,0,2,2,0,1,1
1d7e4ed5274c6e546dd2a9c6d1170ef3b8eee672,2,10,0,0,0,0,0,0,0,0,0,0,0
1e83e5d918118c5df3b4e43f82af26d58eb3e5a4,9,0,0,0,0,0,0,0,1,2,0,0,0
1eaf4282dda08b4c09d0ddbaef21b644da466ab1,0,0,0,0,0,0,2,5,3,2,0,0,0
1f2fafdd8a9d3c101dabbf9dbc40d0dd5d22d7bf,0,0,1,0,0,0,1,5,1,1,0,1,2
1fb5b0ae45e0a6ad42b710234804c94381bf0aed,8,0,0,0,0,0,0,0,2,2,0,0,0
1fe0220c39ed8e4faf020280f9ee95b87952cdbb,0,4,0,0,4,0,0,0,0,0,1,0,3
200d4358205cf09722d9f5b9d559cfcea370619b,0,0,0,2,0,4,2,0,0,0,1,0,3
2034554474adbfba6f7d224c36a9c4692deb0109,0,0,0,0,0,0,5,0,1,0,1,3,2
204f2f03494da7ab697cb352e97f20084b82befb,0,0,0,2,0,4,1,2,0,2,0,1,0
20d71e4a5b85a01f5cab23ba3f5e7e67f1b0dc88,0,0,2,0,0,6,0,3,0,1,0,0,0
20d8c28daac8002ca2b0694693321c8d0d55bfc4,0,0,0,0,0,4,2,2,0,2,1,1,0
218f40e5272d3e3dadf8ada612bcf84bceb3c192,0,2,0,3,3,0,0,0,0,0,2,0,2
218f4fea25486b30352fc2ed653ac2beeab9308d,0,5,0,1,5,0,0,0,0,1,0,0,0
22007d3d755e703af478a25a612abe5c58afb6d7,0,0,2,0,0,3,2,3,0,2,0,0,0
225cde099459234a54650c89482463503a05aa46,0,0,0,0,1,3,1,6,0,1,0,0,0
22656a5a4173b0721f7e6f9e8dccf4c827b5534a,0,0,0,1,0,0,4,0,0,2,1,3,1
22b4391881def8c82debdc5b0e069aa898cdeb24,0,0,0,0,0,4,3,1,1,2,0,0,1
2421de21949ab433cd09d741fde95c87bc497370,0,0,1,0,2,1,1,3,2,0,1,1,0
252d1eb7d4e02fdcdea167ebcb609bd078f41eff,0,2,0,9,1,0,0,0,0,0,0,0,0
2534e726830d6c4effdeeef6c271713b8081b4a2,0,1,0,6,5,0,0,0,0,0,0,0,0
2553a2451506db9574123af3018516e8830153e0,0,6,0,2,4,0,0,0,0,0,0,0,0
25a88bb335f77298d26df80215b5fe84e858a517,0,0,0,0,0,4,1,1,1,1,1,3,0
261ded2714e3f704e2c56d359419c8e4acd13748,0,0,0,1,0,5,1,3,0,0,0,2,0
262246c63099b115ff275d9c7ef967c2ce5543af,0,3,0,2,6,0,0,0,0,0,1,0,0
26b207dc593a7830d1709845c6fdc76c6a498b86,0,0,0,2,0,2,1,5,0,0,0,2,0
26da484c0c05f68054b7d42a9435f0bb1ddb9f5b,0,3,0,3,5,0,0,0,0,1,0,0,0
26ef2be9eef8f509ed9f8ecc4507627e8d262436,0,2,0,8,1,0,0,0,0,0,0,0,1
26f76f5059996a72847ca9dddf969c6294149a2d,0,2,0,3,6,0,0,0,0,1,0,0,0
2736ddd432e3d734ec12b26b2abea10cfabad72b,5,0,0,0,0,0,0,0,5,2,0,0,0
27595e18fa234a64eefaaad5cdeb17539c202aa9,0,2,0,4,6,0,0,0,0,0,0,0,0
27bed9d77da146b878e55557b14d756ccaaf69f6,0,0,0,0,0,0,3,0,2,0,0,3,4
27f354433e387b55ec2a1b93cec27d154b1e6b54,0,3,0,3,4,0,0,0,0,0,2,0,0
27f5127efe6ed7019c64f7c9ddf9d070a7fac8ae,0,0,1,0,0,3,3,2,0,1,0,2,0
28550d151f5c35d8c53dcba5cce6227bdfff54b1,0,1,0,2,7,0,0,0,0,1,0,0,1
2964419cbe0d9dbeee9a90d5f466e60397d643f4,0,0,0,1,0,1,2,0,0,2,2,1,3
2a850794107eef7fdb1549771e5e4e8087e88ef4,0,0,0,0,0,2,0,3,1,4,0,2,0
2affe7497d6f9c021fd445aff6795dcaff8413d7,0,0,0,1,0,1,2,2,1,2,0,0,3
2b06a0d95f6451b116e377e84d7e302f70f04c7d,0,0,1,0,0,5,0,4,0,2,0,0,0
2b12a6f4c37785b97c2b0d8d102706a3c73abda7,9,0,0,0,0,0,0,0,0,3,0,0,0
2b66b527b10721a1ca2abf6fafbee27a30c89345,8,0,0,1,0,0,0,0,1,2,0,0,0
2ba3f95acefdfb115ebc47a0320893c3429d8998,0,0,2,0,0,3,1,3,0,0,0,0,3
2c49a5cd359bb8a08404dfd8aed3ba66416130cd,0,0,0,1,0,0,4,1,2,0,2,2,0
2c780b00dc761430c85683f02ff761a5b5fd8e87,0,2,0,1,5,0,0,0,0,0,0,0,4
2cad09b1d95682eeec7f4b46082a76e808f38839,0,0,0,1,1,0,2,1,0,2,3,1,1
2d19dab1c144713eea9e4f99f0c30290720646b0,8,0,0,0,0,1,0,0,1,2,0,0,0
2d707b7771f218099b1fb98c601127e98e674ed5,0,0,0,2,0,8,1,0,0,1,0,0,0
2e82a43ffe17df6296e53efc780539e0f9bf31b1,0,0,0,0,0,4,3,1,0,2,0,1,1
2ea543b1362582fd7714954a7218ffe339d7ff78,0,0,2,3,0,2,0,5,0,0,0,0,0
2f2cbccf0c98bb1c4b9c098a63d26031710e66c5,0,0,0,0,0,3,3,5,0,1,0,0,0
2f8e5f8272bcbd4d6196f23a139409b7a54795f0,0,0,0,1,7,0,0,0,1,2,1,0,0
2ff18373f89bba5a6b051f45be121a6029d78772,10,0,0,0,0,0,0,0,0,2,0,0,0
30b842f1ee098d56b433332db2d6dac05602532e,8,0,0,0,0,0,0,0,3,0,1,0,0
30c392094cab6c887672b53e97572dfe63a9345f,0,0,1,1,0,2,0,4,0,0,0,1,3
30e4fa851d982b2dc8a33abb7bec7c9bdf445be1,0,0,2,1,0,1,2,3,0,1,0,2,0
30eb7dab0cdfb74e77aabaf896b84f7d0171d34a,0,0,1,1,0,5,1,0,0,0,2,1,1
311d6d3e47ddcdd021b226e4b3e935e71fe7b47d,0,0,2,2,1,2,4,0,0,0,1,0,0
314b40c125f5376fd315ca7720b0672cb6419572,0,0,1,0,4,0,0,0,1,2,0,2,2
315a93bbdec3b88b74d05fad9b72e2a492a376de,0,0,0,0,0,5,2,1,4,0,0,0,0
31a12f5bcf9ae6bb754a8c8d090de5842b9bbd9d,10,0,0,0,0,0,0,0,0,2,0,0,0
326a3b0d606017b5fc3bc4d5d7faecefed440253,0,0,3,0,0,1,3,3,1,1,0,0,0
329ef29ad9874b5c7bd5ac35098f945f73fd5db7,0,0,2,0,2,2,0,3,0,1,0,0,2
32a562a3ef040e189192bd60aa3a59a9edd561c4,0,0,0,0,3,2,2,0,0,1,1,3,0
338f7acf779c66137c9d51c2114faa69b0b861e8,0,0,0,0,1,3,2,0,0,2,0,3,1
34184021d8c5b03701ecc7cd2a047494c844c6e1,7,0,0,0,0,0,0,0,1,4,0,0,0
344fced12bc0ca4e685210e6d81822b539ca297d,0,6,0,4,2,0,0,0,0,0,0,0,0
34643bf1cb59ddf23f5ef94112d0018e319d1f66,7,0,0,0,0,0,0,0,1,3,1,0,0
34f2b4f1aa84df79383c80c37db549127e987d5a,0,0,0,0,0,4,0,3,0,0,1,3,1
358be186aa34652dde16ced6c6b238843ee0bc31,0,0,2,2,0,0,4,4,0,0,0,0,0
35e5986f8f6f61dae8a7d1316d47b532b76d63a4,0,0,0,3,0,1,5,2,0,1,0,0,0
3680fca8699a17c422f1afa92d32ca8dac02cd25,0,0,0,0,1,1,0,1,1,2,0,2,4
3720c5a6a07657dbe39c25c4f54ce9a1e5a74315,0,0,0,3,0,1,0,5,1,2,0,0,0
374356979c7f310b1319dd4d08a33f6e4d79dc47,0,3,0,1,4,0,0,0,0,0,1,0,3
37e00742a31c30096d98176e9f5e19f09a604242,0,0,2,0,0,1,0,6,1,2,0,0,0
37f99538630ac5bc17646baadb8d021682cc7e54,0,10,0,0,0,0,0,0,0,2,0,0,0
387e3fb7d31581b763f988bb3776414ca0b061a8,0,0,2,0,0,1,1,2,1,3,0,0,2
38a5d71190ba36d69448feddabd6e00a7dffdec4,0,2,0,2,8,0,0,0,0,0,0,0,0
38d091ac0abc68b8e7c881c65b4b596d0b9277f8,0,0,0,0,2,1,3,0,1,3,1,0,1
398fa63549cd73a9811a1ab35f35881ea263e92d,8,0,0,0,0,0,0,0,1,3,0,0,0
39bd4e47e9fb06f06a28107291f7f2e027e7f0c1,0,0,0,0,1,1,3,1,0,1,1,2,2
3a1c518a873cad0d6e1c2ead7172092bd467aba3,0,4,0,5,2,0,0,0,1,0,0,0,0
3a3b0870e5a40079284a9502a0b317a778f53f7b,0,2,0,2,7,0,0,0,0,1,0,0,0
3a55702afc9ce36d3ab421b4c57bac47aec98c8b,0,0,0,0,0,1,4,0,1,0,1,1,4
3a5ae0bd3f383c3e1af133e83ec627147ccd06dc,0,2,0,5,5,0,0,0,0,0,0,0,0
3aa2576ae690bdec2f1dca9023bb2fb0f3149d47,1,0,0,1,0,8,1,0,0,0,0,1,0
3ad7e83c73ce1b7412f56269a04b68bd57ec0565,0,0,0,0,1,0,1,0,2,2,0,4,2
3b393ba8cb6edd083dae4c84d669385f129d3875,1,0,1,0,2,3,2,2,0,1,0,0,0
3bf6a4aca8be373f854ed7be501c0cf527b62912,8,0,0,0,0,0,0,0,1,3,0,0,0
3c2fd87fac7c109f4d91e107eb84c28d0c96efe2,0,0,0,2,2,0,2,4,0,2,0,0,0
3cec90a7481ecb5298682fd0fd90a8d782141a98,0,0,0,1,1,1,2,2,0,2,0,0,3
3d37d24fe7ab0bf025319b14d570ad2f0bda4f6d,0,0,0,3,0,1,3,2,1,0,2,0,0
3d8edc88bdcdaeda7e37d29d9f280cf60ce7f4ad,0,0,0,4,0,1,2,4,1,0,0,0,0
3db7e14ffa65c7d44a84602ecc4c357f9c907252,5,0,0,0,0,0,0,0,3,4,0,0,0
3e486613c59de9acec6c47b89c6b5d072b90b8dc,6,0,0,0,0,0,1,0,1,4,0,0,0
3edcbc981eb28f2ba39a903e53273318e8a8b06a,0,0,0,5,3,0,0,0,2,2,0,0,0
3f5c7a5a599e8ef76f3127f13c22c41f8f871bcb,0,0,0,3,0,1,2,0,1,2,0,0,3
3f5c84bd07023b43ccff6f953cd7f7c3405598bd,0,0,0,0,0,0,1,2,0,4,1,2,2
3fcc8bd53bd996d83b572af15a350a7b3e35d64c,6,0,0,0,0,0,0,0,4,2,0,0,0
3fe5e18fc38a8ad6c9fee9737577f759ecad9e09,0,0,1,0,2,4,0,2,1,0,0,0,2
40397b4dd13dea68157aca0832a854d788aa33f6,0,0,0,2,0,1,4,0,0,3,1,0,1
404cb326eb5724dd435c2256e5e73a5a1dfcb3f2,0,0,0,2,0,8,0,1,0,1,0,0,0
4051e7264ad3c6099b1bf1247f549fc618c998a9,0,0,1,0,0,2,5,2,0,0,0,0,2
40bb9759806a8e592b57bc9fe5201ffb1709221c,0,0,1,0,0,3,0,6,0,0,1,0,1
40dc49476165864875bc678684642ae9ed69b66e,0,1,0,4,7,0,0,0,0,0,0,0,0
41949d87d6e984b49bd7b13ec2c560a98b9d45ef,0,0,3,0,0,3,3,0,1,2,0,0,0
41efe6c2a5d9510063e09d67743f315dc972d47c,11,0,0,0,0,0,0,0,0,1,0,0,0
427872335c764bf70a0710871fdc3bd423508cc1,0,0,0,2,0,1,1,2,0,3,0,1,2
43cd3f43cdd50e19763b951ad47d3ad152ae52ec,5,0,0,0,0,0,0,0,1,6,0,0,0
4407f70793d597d6e8162f6f296c1057aa4cc508,0,0,2,1,0,4,4,0,0,0,0,0,1
44a0de577fd77944666bb321484a191e5a259287,0,1,0,3,7,0,0,0,0,1,0,0,0
45c42af07e9117abe319c2b1555958640d35e256,0,0,1,1,0,5,1,2,0,0,0,2,0
46b912cc82e2f31cf8b3a55e35f7a451e6e401ce,0,0,1,1,1,0,5,1,0,2,0,0,1
46cd5599dda31e7ea4028f4874470a18376229ac,0,0,0,0,0,3,2,3,0,0,4,0,0
4755ce80d71a484606e1e17200767586a9948776,0,2,0,4,4,0,0,0,1,1,0,0,0
47df610a59a5d25890319a0663c31fa1f4f21ed0,0,0,0,1,0,0,2,4,0,0,0,4,1
490e716a2046d275f02ca151374d6962bfc4888b,0,0,1,2,0,5,2,1,0,0,0,1,0
49afc7d8166ab4f1a8490c8e6d8d6e6329702472,8,0,0,0,0,0,0,0,2,2,0,0,0
4a133f738df01da15860e61b4c264533c8e8154f,0,2,0,4,5,0,0,0,0,0,1,0,0
4adddb07216965d2922bceb4a311f54d9c07111a,0,0,2,0,0,2,5,3,0,0,0,0,0
4ae513fb44a13e5e30c051d0b1f2f7b3c5e9777b,0,0,2,0,0,3,1,0,0,0,2,2,2
4b32a7d11aed05e8e0f4acb33a3dd72c97db3e97,0,0,2,4,0,2,2,0,1,0,0,1,0
4b6f8791c7c66235c461a4f457e38e2a5a735a48,0,4,0,3,2,0,0,0,0,1,0,0,2
4bb0283f5578959cd49e446512ccb8e638d23b76,0,0,0,0,0,0,6,1,0,4,0,1,0
4bc56da6ffee31276010bd69b045785a6ef8a221,0,0,2,1,0,3,0,2,0,1,0,2,1
4bf2971deec47713993fc13c5a58348c689d84ae,0,0,0,0,0,4,3,4,0,0,0,0,1
4cc65dbd93cd6054b2bfd2ad6a3c9ba1117f867a,0,3,0,3,3,0,0,0,1,0,1,0,1
4ce59d3dfb98e4c26213c8c4edf6eaa2010b3489,0,1,0,2,8,0,0,0,0,0,1,0,0
4dbeaa1126542f31f9ff2e306353631f862db2a8,0,0,2,3,0,2,2,0,0,0,0,3,0
4e2f5d1ef0f1f7064d9ca63fd62deb9416e5946b,0,0,0,2,4,1,2,2,0,0,0,1,0
4eab36059c55dce6207f5f2bc2809cfe0741b8ce,0,0,1,1,0,4,1,4,1,0,0,0,0
4ecc2b6beae1d6cdb5700d4dc11e9208a99178cb,0,0,2,0,0,0,1,0,1,3,3,0,2
4f68d73943c09ac3c21a481de27c4c7a0c9b8b42,7,0,0,0,0,0,0,0,2,3,0,0,0
4ffff61fd415177d151a94793a09557cd1359233,3,0,0,0,0,0,0,1,0,7,0,0,1
5004c3efea747856b537f1a420888e9c391317a5,5,0,0,0,0,0,0,2,2,3,0,0,0
503b329ef3eec9e6c912abfae64cede92e96f1f4,0,0,0,1,0,5,5,0,0,1,0,0,0
50582335996bff17ccd0ae34011896fad9123dfa,0,0,0,0,0,3,1,1,2,1,0,1,3
507846daf00dc37fa67371e4d5054fece6687e96,0,0,0,1,0,2,4,1,0,1,3,0,0
50b54325991e0e3805f5fa0241e8e5378bf5f0b5,0,0,0,0,0,0,1,4,2,2,0,1,2
510e4784bfe6e5cf1766588f47367fa7616f3c0b,0,0,1,0,0,6,0,1,2,1,0,0,1
523cbaab09ac5dcaeadf5156d8616131e55815f8,0,3,0,0,5,0,0,0,2,0,2,0,0
525daac6380641349c88744c8cb28b94dcd2b174,0,3,0,5,4,0,0,0,0,0,0,0,0
53b12196f28e09a9b3a4ab6dedf56c60bb2fd40d,0,0,0,3,0,0,1,0,0,4,0,1,3
53b784f1f5f43347184c192f847a0938ac2f363d,0,3,0,4,3,0,0,0,2,0,0,0,0
54588ad15eeab9e7d86a08647a9c00ca96a91071,0,1,0,4,6,0,0,0,1,0,0,0,0
54e02c69a1ff96bb1184fee8e06545fea0426e43,0,0,1,1,1,4,3,0,0,2,0,0,0
55c09f37f8e83337a37b8ff02a35e17698194951,0,0,0,4,7,0,0,0,0,0,0,0,1
56167dccf0c8f25bd51cd236f7004ac40e85be32,0,0,2,2,0,2,1,2,0,1,0,2,0
5648bc92043fc2c35f09b77cd5a59bb5c7243141,0,0,4,0,2,5,0,1,0,0,0,0,0
5656f879334b925b16f6818bafa4e65f6ebf1e5f,0,0,0,1,1,0,4,2,0,0,1,2,1
56c1f5bedb036cab2a152ee2bd3f3dd9b071c4f2,0,11,0,0,1,0,0,0,0,0,0,0,0
56cf9669c804f92a5bcadbf4e256e525a1e1f903,0,0,1,1,0,6,0,2,0,2,0,0,0
5705af000d429881be93c4ef3d01bce3669d7acc,0,0,0,1,0,0,2,0,0,1,2,6,0
570dc5a3ed61877196e0abcad2edb63cb23edc30,0,0,0,1,1,0,6,0,2,0,1,1,0
579106298ea4511ce5dd50722fa8d851d2f306af,0,3,0,3,4,0,0,0,0,0,0,0,2
57adda3cebcf324c8ada706d9049da64b9e0963a,9,0,0,0,0,0,0,0,0,3,0,0,0
57e4587cdf93417ce5e2e11e6bffaeffcc1de75f,4,0,0,0,0,0,0,0,1,7,0,0,0
580f7dcd624e080f911627fc9c00eedfe28a2684,0,0,1,1,0,5,2,0,0,1,0,0,2
588f51b7c4660428bbfc65ed0e5ba8797251a484,9,0,0,0,0,0,0,0,0,3,0,0,0
58f003b13848041ae5f236671446cda1ba0309c6,0,0,0,1,0,0,3,2,1,0,3,1,1
599c01809336e65788ae99c6a20f9514e3dcfdb5,0,0,2,2,1,3,0,2,0,1,0,0,1
59dc9c50554ff76b7b869751bf2f74e6cb4b72a8,0,0,0,0,0,0,2,1,2,2,0,4,1
59dd2e2dc0e26f59b2e5178a9753e577fba7da64,0,0,3,0,0,4,0,3,0,0,0,1,1
5a366e9deee4b6fd7e0a72d7234abcdea4ccf8da,0,0,0,0,0,2,0,0,0,3,1,3,3
5a446d31e9f60418a92c0e173d57af9c221d3b5d,0,0,0,2,0,0,5,0,0,1,0,2,2
5af97796285e8af828b6bf5f4ef674ad8e2d48ac,0,0,0,0,2,1,4,0,0,1,1,1,2
5b330a147fceb7e7c5b500c24ce689f1f7015eb1,7,0,0,0,0,0,0,0,1,1,0,0,3
5be586e2605c5f66748ed3874c321446aa1972bd,0,0,0,0,0,3,1,0,0,2,3,1,2
5c3b713fabd3177ea64093e4213819da52aa7256,9,0,0,0,0,0,0,0,0,3,0,0,0
5c54f02e7bffc8cd2f577e8fa13d538fb8bf6e4c,0,0,0,3,0,4,1,1,1,0,0,1,1
5cd6510102214d4652b66c52c709a59d5c78bfc7,0,3,0,3,5,0,0,0,0,0,1,0,0
5d22c761238b9b1d641781eebb650774c6054f01,6,0,0,0,0,0,0,0,0,6,0,0,0
5d80e0ee888aa3f90974239e3c601a537dc5f128,0,9,0,0,0,0,0,0,0,0,3,0,0
5e08494e4af4092fac6b6d832de173c4418fbc9f,8,0,0,0,0,0,0,0,4,0,0,0,0
5e63ae6571f5cf7639e67654fe59058d47a3bcb7,0,0,0,0,1,2,3,1,1,0,1,0,3
5ea149f96f34b5273f586e24fb1c56cc55613366,0,0,0,0,1,0,3,0,0,0,1,4,3
5ed3c8d35d433924c688a939c4787fbd0d519af0,10,0,0,0,0,0,0,0,2,0,0,0,0
5ffdc3aacf138211a4ffa975683d4b89ceae8e5c,7,0,0,0,0,0,2,0,2,1,0,0,0
603915b308abc5e9233befa4d8ec2508fae9c085,0,4,0,3,5,0,0,0,0,0,0,0,0
61a41acc5478e23690a733345244eba0e6aa4437,0,0,0,0,0,0,1,1,0,3,0,5,2
628aaa49d53755fe3ea47d4311cf8bec27036597,0,0,1,0,0,3,2,1,3,0,0,0,2
62f6900ba4846ea22a411e7e4ff0425d25a62ec4,0,0,0,2,0,1,3,3,0,3,0,0,0
62fcc8fcf289e39177638b0677e156a5c6e9bd2c,7,0,0,0,0,0,0,0,1,4,0,0,0
6387ead70f5dc2ec4aa42162b23192df84cefec1,8,0,0,0,0,0,0,0,1,3,0,0,0
63b99b3db4dd3e6a215b714561bf2d6c4fef9962,0,0,0,2,0,6,0,2,0,1,0,0,1
6409d8880f806da8eb0dd7f226db8b2ea826a235,0,0,0,0,1,0,1,5,0,0,0,3,2
644df504120c60faaf4ee1a55bc579edff070f03,0,0,0,0,2,3,3,1,0,1,2,0,0
646754386d0ebce74890fef595ddf359f3e76a90,0,2,0,5,2,0,0,0,1,2,0,0,0
647fde1fc37b872c406237f5ddee5d0d7343f3c7,0,0,0,0,0,6,2,3,0,1,0,0,0
64985ddd41da6cea3b3b5e8a15debdfef00634fd,0,2,0,4,3,0,0,0,1,0,0,0,2
64e4745c86965342d964675a79296ab14f673f0c,0,2,0,4,3,0,0,0,0,1,0,0,2
64f305112d6e1bc99ae25b280685e8c83620eed0,0,0,0,3,0,1,2,4,0,0,0,2,0
658e866a850cdf21f10d43b5c1ba8659db73fefb,8,0,0,0,0,0,0,0,0,2,2,0,0
66697c82a0dfbcfdc6d9a837d55948c940fba6d6,0,0,1,1,0,6,1,2,0,0,0,1,0
66d0134e7e6397a95090c5d55dc3f69dbc8a3e4b,0,4,0,4,4,0,0,0,0,0,0,0,0
66e7028108ca82b437d4d2f6f1c2a511af507646,0,0,2,1,0,2,2,2,0,0,0,0,3
67141b90518fdd73704106f5991a6958cadd4c24,0,3,0,4,2,0,0,0,0,3,0,0,0
67a04e5eef9bdce8cfd9871c213d7f15fc3f3c4f,0,3,0,4,4,0,0,0,0,1,0,0,0
6875e4b965e04c476f3bc00383fb9f7527e9f1bd,0,0,1,1,0,5,1,2,1,1,0,0,0
693496f8e2d5f147412238156b7326346af556e5,9,0,0,0,0,0,0,0,1,2,0,0,0
69c92f1ca174c061608b8b973be2119e9fddacf2,0,0,0,0,0,1,1,0,0,2,2,3,3
6aa96eff5bddf6c0ac37ecadd91d31a24e40e4f9,10,0,0,0,0,0,0,0,0,2,0,0,0
6add0ac704ef35655b0e0dfcc1ccd51e7983358f,10,0,0,0,0,0,0,0,0,2,0,0,0
6ae0b3f4cf78bfc58ca2210c97054bcb1442a1c7,9,0,0,0,0,0,0,0,2,1,0,0,0
6ae12a7e72a0a3575445d6cb878f198a22356e05,0,0,3,0,0,3,1,4,0,1,0,0,0
6aed5b556f78c40b7f1027ae5b7f255becdcb052,0,0,0,0,0,2,3,2,2,1,0,2,0
6aff4c4dba1f3190125051b13d8a6a09d92d381f,0,0,0,0,0,4,1,0,3,0,1,2,1
6b04e183674b9be1482cedd678b325a324a3bab3,10,0,0,0,0,0,0,0,0,2,0,0,0
6b4733a9f7cce7838e7e2a00ad4c71314b172e8c,0,0,1,0,0,3,3,0,2,0,0,3,0
6b8298987f301ecc48f642fe273d0ab1ccf7913b,0,0,0,4,8,0,0,0,0,0,0,0,0
6b996825077dde01188d3fa05eb912e96ff1ca10,0,0,4,0,0,5,0,1,1,0,1,0,0
6ba0d6792cf0e6078471bca2b949d131cb6942a1,2,0,0,1,1,3,0,2,0,1,0,0,2
6c0985a4602d09c91e1360411e2c9f920b57dd10,0,0,0,1,0,0,0,0,0,5,0,1,5
6c23dba2b3fe76d59120b0ffaaa0e629ff5c863d,0,8,0,3,0,0,0,0,0,0,1,0,0
6c8942a915240afd661926cf1f94b5def5cbc3b1,0,0,0,0,2,0,3,0,0,2,0,4,1
6cb666218a2b3ab91c3c323418c2221e2ec501b2,0,0,0,1,1,0,2,1,0,2,0,0,5
6d17a6a4b07f10f76922db5fde877730205d17b9,0,10,0,0,1,0,0,0,0,1,0,0,0
6d3586b0950fa2a44023c7231659d79e1aa1a613,6,0,0,0,0,0,0,0,2,3,0,0,1
6d7c81d08305ffd3500885e357a03f554ff48fa9,0,0,1,0,0,2,1,3,2,0,0,3,0
6e11e851fed91f51959da64ae360ba72da3e239a,7,0,0,0,0,0,0,0,2,3,0,0,0
6e283502102e9301ec9308cdb38f9597dd94d942,0,0,0,2,0,4,3,3,0,0,0,0,0
6e32b18fae54d394206e3ec95aa01dcc7dbab4b9,0,0,2,2,0,2,1,2,2,0,0,0,1
6f24b592ceff71202448e8c63f49fefb10d0e38c,7,0,0,0,0,0,2,0,2,1,0,0,0
6ffa2a5cc2d1b7124978d03fbffda290c289c72f,7,0,0,0,0,0,0,0,4,1,0,0,0
70978b20639ee08ab2f2ad511c6dd239773a9d52,0,0,0,0,0,7,3,1,0,1,0,0,0
7186c0e6606de704b6f7805426d6d5a112b471ad,0,0,0,0,0,0,2,1,1,0,0,1,7
71af894fa4b4137f6df3cb0cd6601d419b1ea802,0,0,0,0,0,1,4,1,0,6,0,0,0
7239750c7fb0f116f62e2af292e97289be5a20fc,0,0,0,0,0,4,0,2,0,0,0,2,4
72904ce6381cd71098087921ee208f1277f3ab80,0,0,0,2,0,1,2,0,2,1,1,1,2
72b1c1da4e0ce23ac9adcb3852bbbe2e9eb7f9a8,0,0,1,2,0,1,3,2,0,0,0,2,1
733f340848f83f8db6924e3ef1b8c455c28fcd11,0,5,0,1,5,0,0,0,0,0,0,0,1
740e22457d5b79e4637788f33812a9301af03e31,0,0,1,0,0,6,3,1,0,1,0,0,0
741ec189ff0c4d99e97649cad7b3d68d55446839,0,4,0,1,5,0,0,0,1,0,1,0,0
7459f942b719b286160a3b0b2c675e16875ec471,0,0,0,0,1,6,1,2,0,0,1,1,0
7474d79aa5f139c5700518f309a78c4ffaac055c,0,3,0,4,4,0,0,0,1,0,0,0,0
74b29fd459cf011991f83e5f0e044ce5073cd48c,0,0,0,0,1,6,0,2,0,2,0,1,0
75a6cea029cbdf5b3816a52723cefba52f7ea668,0,0,0,1,1,0,4,1,2,1,0,0,2
75b52a431342ab3e4fe7775ace2cd5e8bb07be4f,0,0,0,1,0,1,2,1,1,2,0,3,1
75ec73cbcaee7fb8c1d6f3e3fa462bdf7a16f694,0,0,2,3,0,3,0,0,1,1,0,2,0
76945fa341006bd18df4e069f18cae358ebcbd45,0,0,0,0,2,1,1,4,1,0,0,1,2
76e5c6ce52c2837a52fb793ce2df05ae893b920d,0,0,1,0,0,3,5,2,0,1,0,0,0
7766f064c668232e2b10e4f38c9f2c4d3e365ca4,0,2,0,4,3,0,0,0,0,2,1,0,0
7785971806762e3f86373a67ad9643efa90001dc,0,0,0,1,0,2,3,0,1,1,2,1,1
77b0c9d2fcf838a47aff5dd7a0e5949a8024377f,0,12,0,0,0,0,0,0,0,0,0,0,0
77c67d534dd0acbe5280d4bdd717c00b087c034f,0,0,1,0,0,4,3,0,0,2,0,1,1
77d1053b9ef292cf54d899a4ccb2c9d13e1739dc,0,0,0,0,1,2,2,1,2,0,2,1,1
77e7941e07cc0dd0d8f1f0381b24a267a5e4144f,10,0,0,0,0,0,0,0,1,1,0,0,0
78203c69423ec933bfec4a99075112531510835e,0,1,0,5,6,0,0,0,0,0,0,0,0
7868d2e95f14bf5e02d151c6c3b0f4f1741f3271,0,2,0,1,4,0,0,0,0,2,2,0,1
78c5341e5d4e5268a44f9c25f461242a16f1574d,0,0,0,0,0,0,2,1,0,1,2,3,3
792f2c3b8d493c1e4522100f9cbc67c5b39e13ee,0,0,0,0,1,5,3,1,0,0,0,1,1
794876c5c20750a7785f3dfd844b055156fe85bc,0,0,0,0,0,3,1,1,2,0,1,1,3
794d2eb25fbaa8976685d6002bd945b39c8ee6b8,8,0,0,0,0,0,0,0,1,3,0,0,0
79eff93d1678e49fda6df2d58e8700858d0d96f3,7,0,0,0,0,0,0,0,1,4,0,0,0
79f09e0efa41421bec87801f24eb346e44876f87,0,3,0,1,8,0,0,0,0,0,0,0,0
79f11e132812d35bc5d809282fcb37b54227ebb5,0,0,0,2,0,3,2,1,1,0,1,1,1
79f20b6f3b34d91aa13a92b4647b78a0ab14ac34,5,0,0,0,0,0,0,0,4,3,0,0,0
7abafb82f34f2d5d30bffc9b5768c2e30965edd7,0,0,0,1,0,2,1,2,2,1,0,1,2
7aee74f28c06b270e64fd6ad42f13637fae45ba1,0,0,0,0,0,2,3,1,1,1,1,1,2
7b6541afd66833e26f1cc5a2e403f80e3bc823e9,0,0,1,1,0,4,3,2,0,0,0,1,0
7bb34bf045ecd4feb75cf03ebee2bb35b3c11258,0,0,0,1,0,2,0,1,0,2,0,2,4
7c5a18c452cf45a39cb24443fcc4045a92e3a13e,0,0,0,1,1,4,3,1,0,1,0,0,1
7ce0bc55941e5b90b77264a0240af9af43240657,0,0,3,1,0,5,2,1,0,0,0,0,0
7d476b63f715750bfde0af1b4dbdde122c09f0bd,0,1,0,4,5,0,0,0,0,1,1,0,0
7d7c22bd7fcc3ec390286e149e74e2b2370903b8,0,10,0,0,0,0,0,0,0,0,1,1,0
7da5df13cef856e4b596e2a16cffb5f8751245f0,1,0,1,0,1,3,2,1,0,2,0,0,1
7de35f31265262e038a8540cae9d6232e538ce75,0,7,0,0,5,0,0,0,0,0,0,0,0
7e2f919400db0f413743756548813043deb30d77,0,0,0,2,0,1,5,3,1,0,0,0,0
7e362404db6f311d338f2bca0929abd138ddeb4a,0,2,0,1,0,1,2,0,0,0,2,3,1
7e8a16b5e563c7b75b5240c3e6e66662891fc9ff,0,0,2,1,0,1,4,3,1,0,0,0,0
7e9489306339148e26a5ad63f6a36cabe540b30a,0,0,0,0,0,2,4,5,0,1,0,0,0
7f7936301606ad92b2f6a85e3ce941c238080903,0,4,0,4,3,0,0,0,0,0,0,0,1
7fab8afad0e494f095f2e32d88ce3a949eb6ed53,11,0,0,0,0,0,0,0,0,1,0,0,0
7fe1fddccc605fe9a015868844b9de9806e4010e,6,0,0,1,0,0,0,0,0,5,0,0,0
801eb5ac765c70d24f76408eb293486f0cf6d1a2,0,1,0,4,7,0,0,0,0,0,0,0,0
805ecf15a5dfde0678e10bb2ca034b80d89c089f,0,0,1,0,0,6,1,1,0,1,0,2,0
806cae874ba1ec5d644a80a134179a6163d1402e,0,2,0,3,7,0,0,0,0,0,0,0,0
8076fd3bd79d33b130d40bb56c786c57429a69f3,0,1,0,3,6,0,0,0,0,2,0,0,0
80beb88f3abd5dd9b20d3f8fd3e4b8af76931d27,0,4,0,2,4,0,0,0,2,0,0,0,0
80cd91e8f95c0b85aff0e16cde17755853c2de16,9,0,0,0,0,0,0,0,1,1,1,0,0
8322630167deaeef028e5c0f186853bf01c57d25,0,0,0,0,1,1,0,1,1,0,1,6,1
835b5cba50be65978e7c929f97b4e64f982f01c3,0,0,1,2,0,1,1,2,1,1,0,2,1
83987c9c90168c2d50852e10ca706f621de36d43,0,0,2,0,0,1,2,3,1,3,0,0,0
84b8b7910c09c5546ad4eb2e110a3880290ce7ee,0,0,0,1,0,1,5,0,1,2,0,2,0
852a5d7001276a596a01d481bcb46606c99ea10c,0,0,0,1,0,2,0,0,0,1,1,1,6
85a5a5c6d78e452d9f9e2f7374d83314277c51f3,0,0,0,0,0,2,2,0,0,2,2,3,1
85b146825aa73972e980f4e5191d46426f7572ca,0,0,0,3,0,2,0,2,2,2,0,0,1
85b5d17c8bba9d0480afc7c78be0ad50e52941a4,0,6,0,2,3,0,0,0,0,1,0,0,0
8601d11060b2a12a7511aacd07efb316984cacac,0,5,0,5,2,0,0,0,0,0,0,0,0
8634cb2efdbe9ca58a79ab626101c058a44f89e1,0,0,0,2,0,0,3,1,0,3,2,0,1
86ca7982550d714b66f47307f872b08a3f88fc05,6,0,0,0,0,0,0,0,6,0,0,0,0
872a35c83a29dfcec65496570a757cff9cf3fed1,0,2,0,4,4,0,0,0,1,0,0,0,1
88310030082c54f27ac8c4b37e70c5e6596d5706,0,8,0,0,0,1,0,0,0,3,0,0,0
885659f5d06f185128d7bd32c27b3db9e7587203,0,0,1,0,0,3,0,4,0,3,0,1,0
8900a5419ba545f3a37e80e5619d04897b47f8f4,8,0,0,0,2,0,0,0,1,1,0,0,0
897d71a726e38c14ee7c7cce05b71119d3470e75,0,0,0,1,0,1,4,0,0,2,1,2,1
8988387f89bb75f37aa0af83d433a819375d86fc,8,0,0,0,0,0,0,0,1,3,0,0,0
8a25abe05808459f8b9ce0076caaa7ecbf96831a,0,0,0,1,0,1,1,2,1,0,3,0,3
8a3b26cb2c331ad4137181974aa71fda6cccc2c3,6,0,0,0,0,0,0,0,2,4,0,0,0
8a5d0a86c231ffe228d8276874edb3cff18fdfef,0,0,0,0,1,0,3,2,0,1,0,4,1
8ad3ed982efaea70f9b19d2403a24f294289d063,0,4,0,3,5,0,0,0,0,0,0,0,0
8b16b0fbbd254a51bf6086ca75f96d30a3f18776,0,1,0,3,8,0,0,0,0,0,0,0,0
8be328371943452b5625aaa273bc9920cc4ba6e4,0,0,0,2,7,0,0,0,0,0,3,0,0
8c10da154a82488942a8bfcf44ae19c679737f3e,4,0,0,0,0,0,0,0,1,7,0,0,0
8c247e423df3940da92305c3dc89219cb4a30658,9,0,0,0,0,0,1,0,1,0,1,0,0
8c3e1e26b39b83897a2f53fc153f633f2cc79e24,0,0,1,0,0,4,4,0,0,0,0,3,0
8cf686d0943133348e0b8e2555955646800acd66,0,0,0,5,5,0,0,0,0,2,0,0,0
8d5d7cf82bf68871de4eb5fdd0e8c521df953d8c,0,0,2,1,1,2,0,3,1,2,0,0,0
8d9a9c438d3db8152cd14fe66f3789b7aad258a9,0,11,0,0,0,0,0,0,0,1,0,0,0
8e183c664f6bdb8caeed705ce305584c007c922c,10,0,0,0,0,0,0,0,0,2,0,0,0
8f0ca4acb1eb2b775b5507f93be33156e588f8f5,5,0,0,0,0,0,0,0,2,5,0,0,0
8f410c37897e8c11c128272aab426c7ee900e4a2,0,0,2,1,1,3,1,0,1,1,0,2,0
9030fb9885252770df5a78eae89d8ad59fe3b702,0,0,0,0,1,4,1,1,0,0,1,2,2
904a774ce1d2bbb0622da4dcbd75c34845edb0b1,0,0,0,3,0,5,0,1,0,0,0,3,0
90607387b9e3685a75308e6eb67703e87f9c1b72,0,0,0,0,1,0,0,0,0,3,3,4,1
9089c57e967bf6b38049935b5f5034f564b85eb8,0,0,1,0,0,4,4,1,0,1,0,1,0
90af0127adf91aeb52c4da8a78c263d9d4b6baa3,0,2,0,2,0,3,1,3,0,1,0,0,0
9124aae95af6f70b25026801fd963d8ff93e5ebd,0,4,0,2,4,0,0,0,0,0,2,0,0
915c9fb9447a80979cc73bd7cb5b6f899706dd8c,7,0,0,0,0,0,0,0,3,0,0,0,2
91bc13a8c9ea5f62d849eac258513ddeebd5a4fb,0,9,0,0,2,0,0,0,0,1,0,0,0
920268d8f1073664581fb2a7fd357417f0f18888,0,0,3,1,0,2,1,1,1,1,2,0,0
9284d0275446cf72b34086bc6d1f8d1645377fda,5,0,0,0,0,0,0,0,1,6,0,0,0
9286419a821ec9714cad90300d8390ed4241f195,0,2,0,5,2,0,0,0,1,0,0,0,2
932bfe2b09c5a4bc0e53c0a7e4a6675237edda84,0,0,0,1,0,5,1,2,3,0,0,0,0
93d148f998acf80cbc9d56c52adcc2df00656f87,0,0,0,0,1,3,2,0,0,2,2,0,2
93f58859bc4a731b84e3fa068612d90629338a2d,0,3,0,0,6,0,0,0,0,1,0,0,2
93fb209289d4f6584d0d5ddcb7b488f5b3341e5e,0,0,0,4,2,0,2,0,0,1,0,2,1
959f9d220a8ad69a1591b4af756383feea43654b,0,4,0,5,2,0,0,0,0,0,1,0,0
95c54ce1dcacc4a231b155cdd621d3f4dc8a0d32,0,2,0,3,6,0,0,0,0,0,1,0,0
96746507ba7507be5abd86e043a279756db1c806,0,0,0,4,0,4,0,4,0,0,0,0,0
967e872f97cc3cc6c9ddd9d2059ffc7db091318f,0,2,0,1,7,0,0,0,0,0,0,0,2
9684d9622a5ed713ed90edbb292e4d04ec92812a,6,0,0,0,0,0,0,0,1,5,0,0,0
96c0fb444eed033e63a6d331e1b3f513562a335a,0,0,0,1,2,1,2,4,0,0,0,1,1
9782eb1698ec54101d11fd31888c08976f3a9999,0,1,0,4,6,0,0,0,0,1,0,0,0
984957507453967e7fdbe4f308f996190e350a4e,7,0,0,0,0,0,1,0,2,2,0,0,0
9878ede04e59a0af88364b9ee203bc187c8e701a,6,0,0,0,0,0,0,0,0,6,0,0,0
988f70b033b411a84b0e7b380651e776453c4e44,0,0,1,2,0,2,2,0,2,0,0,0,3
98a987befc66d7e9a7195548768f9cd90d374d11,0,0,0,1,2,0,2,2,0,1,0,2,2
98cb0c7765b63b252af803bac8a31b3e0742d086,6,0,0,1,4,0,0,0,0,1,0,0,0
99901472b8e27133019f86c6b453e5740afe032d,0,2,0,4,5,0,0,0,0,0,0,0,1
99c7bdb81f09c90d0a80d445f40fc6fddddb1948,0,0,0,1,1,1,3,1,0,1,1,2,1
9a03370030f90f592bcde4d00cbb78b7d514922b,0,0,0,2,0,2,0,3,0,1,2,1,1
9a4020f708e1c58a064bd96fab658031b6d123dc,0,3,0,1,6,0,0,0,1,0,0,0,1
9aa7b57f3e964d73a02d7b203d0e0e6e0296f6e5,0,0,1,1,0,4,2,1,0,1,0,0,2
9ab964efc7da18c9b1605be51fddfae7753003bb,6,0,0,0,0,0,1,0,3,2,0,0,0
9b6695781c1f9bc138f7ca1700fcb94c4b0ffb8e,0,0,0,0,0,1,5,1,0,2,1,1,1
9b673de9e4093accd131e7e02c638d1120d44052,0,0,0,0,0,2,2,0,0,2,1,3,2
9b7c2d6df15d24835926aef94b3b983ecde3aa9a,9,0,0,0,0,0,0,0,0,3,0,0,0
9bd3600a05e0f6f6d54eb1b3392596b3c9eaa476,8,0,0,0,0,0,0,0,1,3,0,0,0
9becf9a065ab1c9901a09e1e107ef2a884879717,0,0,3,2,0,0,3,1,1,0,0,2,0
9c1a3e511254821090c21cf6c0b1e15ac59d85d0,0,0,0,0,1,1,4,0,1,3,0,2,0
9cf3f5096824f7399a63c4eafb50012505e0dd34,0,10,0,2,0,0,0,0,0,0,0,0,0
9cfe71597bde41f542c4570a248d835fc8386e52,0,5,0,2,2,0,0,0,0,0,3,0,0
9d9adc9bdd11c87f85f58ef1cad350e5a1d005f3,0,2,1,2,0,0,3,1,0,2,0,0,1
9dd8db61bcde82b582b5ff6abe6e629af6f7ac02,0,0,0,1,1,0,7,0,0,1,0,1,1
9de23b28e32c1b8437c097decde4793292725365,0,0,2,0,0,2,4,0,0,0,3,0,1
9e98a8c63e3df0d226570ee510e4c814e4fcf077,0,7,0,2,3,0,0,0,0,0,0,0,0
9ed3b5f1abf7718c2d075624d722842b9059dd69,0,0,0,0,0,4,3,0,0,0,0,2,3
9f4921c0b9614b00504005c462735f89edab7798,0,0,2,0,0,1,0,5,0,1,1,0,2
9f8323f7ee62a7901711802e369c5348befa155b,0,0,0,11,1,0,0,0,0,0,0,0,0
9fcd55020343f97ab5f10eeaabdcb5e87644036c,0,0,0,2,0,2,5,0,0,1,0,1,1
a124387748812b6db03995af7a0dda5a4ae915f1,10,0,0,0,0,0,0,0,2,0,0,0,0
a1d23328420a755928ebf32e274f1625f5a0349a,0,0,0,2,0,3,4,0,0,0,0,1,2
a2285ed7a86463a1c3b78faddf90ef085a5d228d,6,0,0,0,0,0,0,0,2,4,0,0,0
a24fd72d2bf16253a987cc846661cecc4d1eb852,0,5,0,4,3,0,0,0,0,0,0,0,0
a278c803c9d5da4b2cf15c509a601bd90104c189,0,0,0,2,0,3,0,3,0,1,2,1,0
a2c5c236185f1dbfa491b37deb7cfced9d944cbc,7,0,0,0,0,0,1,0,3,1,0,0,0
a38cada4e90a8ec08ac2a90fe6e0ba25cab4e848,0,0,0,1,0,4,1,0,1,1,2,2,0
a3eff1d51e41e8d300e1d039f6fc2ca81e2ab3ab,0,0,0,1,1,2,2,2,0,0,0,4,0
a4c36f56731a22c171b5b095f1e88f124c483111,0,0,0,0,1,0,4,3,0,1,2,0,1
a4cb259afc5351294b3475889c60db5a5333abf6,0,9,0,0,0,0,0,0,0,1,1,0,1
a50dbb19f0aa35b911967a82ddae850292573c83,8,0,0,0,0,0,0,0,2,1,1,0,0
a552f96cbf7df828e6c142063c6b62513b386fa6,0,0,0,2,1,1,2,0,1,0,0,2,3
a5c6f8804155b780056cfd6b0e5118c39c430feb,0,0,1,0,0,5,2,2,1,0,0,0,1
a65b93a811f95f6c973031e8c775739c5e0ef7df,0,2,0,6,3,0,0,0,0,0,1,0,0
a6ec41067cb440de90199079a55fae0f23a83c08,0,0,0,3,0,4,1,2,0,2,0,0,0
a6ecc12c148c2bdf0d58e0fdfe62568f996d7a09,0,0,0,0,1,3,4,1,0,0,0,2,1
a7115c29bded1388799f69a65b274da376b68fea,0,0,0,1,0,3,1,0,0,0,0,5,2
a775e64fca2397587406bd77938c51ed3b2ce85a,0,0,0,1,1,0,4,2,1,0,0,1,2
a8ebba84838464ca12b85005547f1c1572b68fae,0,0,0,2,0,2,1,1,0,0,2,1,3
a92d3010e83c131d68933622e7d2ad897454b534,0,2,0,2,2,0,0,0,2,1,2,0,1
a985a84830c25427014a840dd8549f3fd59e1d45,8,0,0,0,0,0,0,0,0,3,1,0,0
aa4875fbecda58d13774f0905f4a6d1700103e00,9,0,0,1,0,0,0,0,0,2,0,0,0
aaee36d3935d57b5696fc613afc46e6b674be2b8,8,0,0,0,0,0,0,0,2,2,0,0,0
ab9a36ac1b39bc4d43b82688834d8f0517c8ad25,0,0,0,0,3,1,4,1,0,1,1,1,0
abd005a91b7cec95700e3651355ddc335794b499,0,0,1,0,0,6,4,1,0,0,0,0,0
acb92637e031a9c8ba5a218740492a7895479f25,0,0,1,0,1,2,3,3,0,0,0,2,0
ad153e6c6a3ae5deeedaeafef65e8751877b3e58,0,0,1,1,0,0,6,0,1,1,0,2,0
ad1dc6dbfeef67ad5b9f16812925c280fbdd80ea,0,4,0,4,4,0,0,0,0,0,0,0,0
ad66f2b70b9022bc4aba1482f13671298b71b43d,0,2,0,5,5,0,0,0,0,0,0,0,0
ad9a96a4b813db509b547d4513b99140e8395091,0,0,0,2,0,3,1,1,0,2,2,0,1
adb166d62eb2a64d1315b93e6f55edde52edcfaf,8,0,0,0,0,0,0,0,0,4,0,0,0
adbff9f007c88159147a732f363ded94d6b5c202,0,2,0,4,5,0,0,0,0,0,1,0,0
adf3a404962bafbf087bd5c3e3aa8982a1a4ea29,0,0,1,0,0,1,6,1,0,1,0,0,2
ae7aeb80844e2ba5db58c0a41656b17b52b564ff,0,0,0,0,2,0,2,0,0,3,0,2,3
ae9147d7bdf7233355338138b78a07488a98908d,11,0,0,0,0,0,0,0,0,1,0,0,0
aeba3e8e024c687d05fd1323e440cd66823f660a,0,0,0,5,4,0,0,0,0,0,1,0,2
af1eb6094041d936279807f367ac8d626e7a8f6f,0,1,0,5,4,0,0,0,0,0,0,0,2
af4bbafda518f848b0e8a111103ad026e07101d5,0,0,0,0,0,2,3,0,0,1,2,1,3
af66b1be5818991b2ea13a792acb92208cacf85d,5,0,0,0,0,0,0,0,2,5,0,0,0
af717dbaa0200a1fc68699c502b1a098a1401613,0,3,0,7,1,0,0,0,0,0,1,0,0
b01c6eed58d9d8401920f75bda43baefd15bbf6a,0,0,0,3,0,3,3,0,0,0,3,0,0
b0f9574acf5c7367e4ddd041f2bfa251499ef117,0,0,1,2,0,2,5,0,0,1,1,0,0
b16d2c68552bf91a48420518f5af41d0d964c5d8,0,0,0,1,0,0,3,0,0,0,3,2,3
b20285cac3c0af1d9e9eaac556952f8e565c2fa4,9,0,0,0,0,0,0,0,2,1,0,0,0
b21c1b63f096085f0e56d93fb2b8f6a8c112960a,7,0,0,0,0,0,0,0,3,1,1,0,0
b285fbb7dfe1c29a6b3e0be03977842ffadca452,0,0,0,1,1,0,5,2,0,1,0,0,2
b2a01ddeb4c4bbc73abdae57eaefcfe283fb0eae,0,0,0,1,0,5,2,4,0,0,0,0,0
b39fd837cc1954b4ea42f99c4a9c622c1b61bfd5,0,0,0,0,1,1,0,4,0,2,2,1,1
b46a3df1eca071949e451d4340e89bad29de40ae,8,0,0,0,0,0,1,0,3,0,0,0,0
b47da536a2d0d692122b6cde7d794d76ab45bca6,0,4,0,3,4,0,0,0,0,0,1,0,0
b47ff46d3b45695d107001d5bf8db6edceb5b4ba,0,0,0,0,0,1,4,0,0,1,0,2,4
b4d51e3cd261596e6b9a9c4394d83418a93afa5a,0,0,0,0,1,4,0,2,1,1,0,2,1
b51aecc35dc012c0ec2710cbfcb2c9418d521e00,0,0,2,1,1,3,1,0,1,1,0,0,2
b521b45d8b180a0233c628e757d4fedd65cd8c87,8,0,0,0,0,0,0,0,2,2,0,0,0
b542003c5b51f1da7e03c6c20e25ccec1b5cf944,0,0,0,1,0,4,1,6,0,0,0,0,0
b547b64b5484ac05043b052d4b35af32c7e35c5d,0,0,0,1,1,0,0,2,2,0,0,0,6
b574f2b9b1b3b934e61463587050c5c7d8abecb6,0,0,0,0,0,5,2,2,2,1,0,0,0
b5c32c6d9e545d7f206a5e6c4141d3ed7d0bc662,10,0,0,0,0,0,0,0,1,1,0,0,0
b5d0383fd14c6bc61cf7fbf53ba022ab2c48544e,0,0,0,0,0,0,6,3,0,3,0,0,0
b601c2ae2017cbbd4e8e2f2f4ce97ddabeb821d0,0,0,0,0,0,4,4,1,0,2,1,0,0
b660a9f0b8654db4adec7778fac9e5ae6dad0207,0,0,0,3,0,1,2,3,1,1,0,1,0
b6ee29df56d067ac632e4e0422ef24cfc95df714,1,0,0,0,0,4,1,4,0,2,0,0,0
b72ec02092426ebfa653b65aae2e25996fdccc90,0,0,1,3,0,3,1,1,0,1,0,0,2
b775549f121bb61a909de000e6546f8a0dd4f7fb,0,0,0,1,0,1,2,1,0,1,0,1,5
b81c5cd84e4493ac47fab3def9ec5a1c2b9d9bc7,7,0,0,0,1,0,0,0,0,2,0,0,2
b82135587b347c5ccb21275bdd4a2b0be8a24440,0,0,0,0,1,2,3,1,0,0,0,2,3
b871f86dfabb7617d5e3dc0b733e64fb2ce48a79,0,3,0,1,6,0,0,0,1,1,0,0,0
b8a3f04319569debf845012c3b8b3ffc0c680d22,0,1,0,4,5,0,0,0,0,2,0,0,0
b8fce5bfba19c76582a8f35e579074ca0a6580b5,6,0,0,0,0,0,0,0,2,4,0,0,0
b91eca03c55c2c44dda4750075034ae6a9786b86,8,0,0,0,0,0,0,0,0,4,0,0,0
b923a65df4504196d2b61006b865ca66bb579921,1,0,1,0,0,4,0,4,0,0,1,1,0
b9c8cf56611f0086667a1e872461175fe1cab009,7,0,0,0,0,0,0,0,1,3,0,0,1
b9ca74f4867a68b89e287d82c99778417ff40bc3,0,3,0,3,4,0,0,0,0,1,0,0,1
b9cb2b790b3e3fc38f670c61e9c1c97052e8a961,0,0,0,1,0,7,1,0,0,1,2,0,0
b9e70c94b7b7d6fd9da7e852e5ec994090e01a5b,0,0,2,1,1,3,4,0,0,0,0,1,0
ba1b79b75295d70b5aa4000eec2eb1eab2d8527b,8,0,0,0,0,0,0,0,0,4,0,0,0
ba36d534d470e93936248fed5bc6cfce3af4bd94,0,1,0,4,4,0,0,0,1,1,0,0,1
ba3c6ad725279b7ee6d7cf0145067d8238c53dae,0,0,0,0,0,5,1,2,0,0,2,2,0
ba4821586e7b23e2e5ae3e69b701ef808ec46d6b,0,0,0,0,2,1,1,1,1,1,2,1,2
bbc50c05378fcdda3ef6d6ae8627a91a6ec2918e,0,5,0,3,3,0,0,0,0,1,0,0,0
bbd8846776f49ec3e81d741fc4b278d674335161,7,0,0,0,0,0,0,0,1,4,0,0,0
bc1975383f80170a179b3b8598cd0347f3a2ff07,8,0,0,1,0,0,3,0,0,0,0,0,0
bc68431cd17a780cc8eda7348e7a6a6b1f35b95f,0,0,2,0,0,3,1,4,0,1,0,1,0
bc96f9352911df8050ae6116524b0a767c2573bc,8,0,0,0,0,0,0,0,0,4,0,0,0
bc9bc7a022c1f17f19b1821909ce7cfe6e459ab3,2,0,2,0,0,3,2,1,1,0,0,1,0
bd658c64d2e99af505f1c7dc9e9b686c0b37468f,0,0,0,5,5,0,0,0,0,2,0,0,0
bdc57916ea95c97bf1bad9f68e1fa8a3360e2f66,8,0,0,0,0,0,0,0,0,4,0,0,0
bf325aeb86a617297a13c12881a66a2edc6b1ad3,0,0,2,0,1,2,2,1,0,1,1,0,2
bf85da58884015f4cd5c788acc66bfe5237edd01,7,0,0,0,0,0,0,0,1,2,2,0,0
c07649fcbcd8a090e4a2e97653a6068218f3b3c3,0,0,1,1,2,3,0,1,1,3,0,0,0
c1043a5f9705148eb14da9f865e33702a335288b,0,0,0,0,0,5,2,5,0,0,0,0,0
c1c9a60be34cd5323f91912c8240129f28087b3c,7,0,0,0,0,0,0,0,3,2,0,0,0
c1ed8e702f014204db985e89ef41e9173e1f5d18,0,0,0,0,0,1,2,2,2,1,2,0,2
c21336472031fa74531c5dbedc75eb9e1181b96d,10,0,0,1,0,0,0,0,0,0,0,0,1
c22876e8497b00f641f0c80ec36ead9f2a6194bf,0,6,0,1,3,0,0,0,0,1,1,0,0
c35dd353be8608b53d3b3cdbd0d049a8e1258c7b,0,0,0,4,5,0,0,0,0,0,3,0,0
c36bf11549c284604f3daac2ae8b7cd2f78aad1c,0,0,2,0,1,2,6,1,0,0,0,0,0
c37308fc27e837afbab8fd77eca64b6ae4f70c86,8,0,0,0,0,0,0,0,1,3,0,0,0
c37d5764b68cf87323e08be8849bd00d3476da48,0,0,0,0,1,0,3,2,0,1,0,3,2
c38ebe683e515f1c9f1ad1c9e22687921d740dcb,0,3,0,3,6,0,0,0,0,0,0,0,0
c4842bf56024a0c69be2fd97273dae4db0582d7c,0,0,2,0,0,1,4,3,0,0,0,0,2
c49a54337c696ec1897b385bddeda8e3bd109820,0,2,0,1,7,0,0,0,2,0,0,0,0
c5626e0264565b5a608d57b84886a38962f647e5,0,10,0,0,0,0,0,0,0,0,0,2,0
c5a379db1ca5b50078339010997c1ecedb205415,10,0,0,0,0,0,0,0,0,2,0,0,0
c749ce74f7efe5f38aa1ad6027116fdcfe44fc5c,0,0,0,0,0,6,2,0,0,3,1,0,0
c7652ab005bb15ac9a9b96387556b6d6f982a0e2,8,0,0,0,0,0,0,0,0,4,0,0,0
c7bf9efe155f0e5b23112eea590ffdd3c91e7c7d,8,0,0,1,0,0,0,0,1,1,0,0,1
c7f1d6a8329777a567f33f0bd292cef6480fea83,0,3,0,2,7,0,0,0,0,0,0,0,0
c7f5fb16bdec5daeaae8023bc8fa127af28e688f,0,0,0,3,7,0,0,0,0,2,0,0,0
c8d0baef113e34e9092772f8843650c267bc7fe3,0,0,0,0,0,4,1,0,0,0,1,3,3
c930d80192cb09e989acda16e887e7bddbc7849b,0,0,0,0,0,0,4,0,0,0,5,0,3
c9654d178b9840653548c0278f47cfaa5a9b5724,0,0,0,3,0,2,4,2,0,0,0,1,0
c97b071a8bc7e1759133b572dbb4583c7d0856e9,0,0,0,2,4,0,0,0,1,4,1,0,0
ca2fbab751312d251d72f3eb5f0491252a2af549,0,4,0,4,4,0,0,0,0,0,0,0,0
ca37526c88bd82cfe7c16fa85eb72f38406768c0,0,1,0,7,2,0,0,0,0,0,0,0,2
ca55700416d0d05e3aca4f7831dc4263f0eaf43f,0,1,0,5,4,0,0,0,1,0,1,0,0
ca56b63ac16ef6051963136fc9263018587e6183,0,0,1,5,0,2,2,1,1,0,0,0,0
cb5bcd576b86814cae9287a547078bc93832d14e,0,0,0,3,0,1,0,6,0,1,0,0,1
cbeafd41ac0031be210d2fdfc19b3dae3d921762,0,0,2,0,0,5,4,0,0,1,0,0,0
cc24aec2afe234575813536a5d36d29a8ffd4500,0,11,0,0,0,0,0,0,1,0,0,0,0
cc39487a44bc3168174682d5759c0b29b0c01116,0,10,0,0,0,0,0,0,0,2,0,0,0
ccb6b6ce83776b132b77254b8c64656634337655,0,8,0,0,0,0,0,0,0,1,0,0,3
cd281e67d5e455d45d9e26e6ca433f744f6125e4,0,0,1,0,0,3,0,5,1,1,0,0,1
cda60fdc06de33ac80d24d16bbaa29e79cde3cb9,9,0,0,0,0,0,0,0,1,2,0,0,0
cdf20205e6c33d509f7b02d184b90900a34b2d8d,0,1,0,8,2,0,0,0,0,1,0,0,0
ce4bad49f09b072563adbf26129dd53010081524,0,0,1,1,0,4,3,0,2,1,0,0,0
ce7ba6c39af1bba8fde7b6f2ae0bfe1af67fea1d,0,0,0,2,0,2,1,1,0,1,2,1,2
cf593fdd7fb74db57721231736c7d640a04b17be,0,0,0,0,0,3,4,3,0,1,0,1,0
cf5eb3144663d4d6bd488aca00a0474c2b08dbed,0,1,0,5,1,0,0,0,0,4,1,0,0
cf777f12bf7ad831be2aabf6e33cb9f81584d586,0,0,2,0,0,5,0,3,1,1,0,0,0
d0734580de762244049d97072a3520a1d9f948f7,0,0,0,0,1,1,6,1,0,1,0,2,0
d0a38460424ce903b1e5ec7f3c2860ec090823f6,0,0,0,1,0,0,4,0,1,2,0,1,3
d0b69f0bdc118a1992841742d5fe3e76045d8356,0,0,0,0,2,0,3,0,3,3,0,0,1
d0bdbc5e8d48eb46d8085efdc430e5bb83f82c5f,0,3,0,3,6,0,0,0,0,0,0,0,0
d0f6a81d213312a570f3762fb808bd5fa381be6d,0,0,0,5,0,1,3,1,0,0,1,0,1
d15efc8e9351be384fe16f2de1be6e55b57968b6,0,2,0,7,2,0,0,0,0,1,0,0,0
d1f17fb63b7bdaebb644e28ac22d21d9f7edfaf7,0,0,1,1,1,3,4,0,0,0,0,2,0
d269ed7434698e226712575a49803ed1327b15ff,0,1,0,1,9,0,0,0,0,0,1,0,0
d30fc8616782f8c1daacc01c42c29a6515f5a103,0,0,0,0,1,2,3,1,0,0,3,0,2
d38b0c1b12f9b78a91eea92d1b6511a228b8da45,0,8,0,0,1,0,0,3,0,0,0,0,0
d3bab039f7be9d14e5032bd6c8f2d7640d451ec3,0,0,1,1,0,1,3,1,0,2,1,0,2
d40ecb87489443f1591a60e90d10c8e9b879df1d,0,0,0,1,0,1,2,0,0,3,1,2,2
d41546df0cbc948e780e285190024d12934df5ef,4,0,0,0,0,0,0,0,0,3,1,0,4
d44fa6df16501012d3186e1a78e933e1cc28ae5e,7,0,0,0,0,0,0,0,2,3,0,0,0
d578a6324f3ed7a8eb4c90a167ad442e8176dfa3,0,0,0,0,0,5,2,1,2,1,1,0,0
d69f0b14951aa963c3120220cc31d81d14fe7ac0,0,0,0,0,0,1,1,2,0,2,1,3,2
d6ec08b59c7334491f1ed649d06acacd62669cf9,0,4,0,3,5,0,0,0,0,0,0,0,0
d6f3e9593ea8288e373fcc79040b4bd6ed124076,0,0,0,2,0,2,0,4,0,4,0,0,0
d7b0e89ec4fad44afb9e392881f4b9fac5fe15fd,0,0,0,0,2,4,3,0,0,0,0,2,1
d8342974224215631b5070935669dbb1092a0e42,8,0,0,0,0,0,0,0,3,1,0,0,0
d86f9746581a0d75931aa12091e2daf1a1565e39,6,0,0,0,0,0,0,0,2,4,0,0,0
d88715e5e1dc725f6511102f139e8fa5baeb41bb,0,2,0,5,4,0,0,0,1,0,0,0,0
d8a335ee1cb099fa4ae06eacb7435ee9b972fbad,0,0,0,0,0,3,5,1,0,2,0,0,1
d9e1949b5afe8332798c42b52981fe22c20a8903,0,10,0,0,0,0,0,0,0,2,0,0,0
d9e6e5ca371bcede368cb56cdf07ee7fdd4178b5,10,0,0,0,0,0,0,0,0,2,0,0,0
d9fa7864e0583882797fcfbac6b2bce2010bd226,0,0,1,1,1,6,1,2,0,0,0,0,0
da85a9db11c259fbaae151392534b6a34d23bd07,0,0,0,0,2,1,2,2,0,2,0,3,0
dafc51a6de8f3be5e7f323d9ca3a37fa8f1fa4a8,0,8,0,0,0,2,0,0,0,0,2,0,0
db29621de7f7ba9c318df3ebdc82033b6745c1f9,0,0,0,0,0,4,2,2,0,0,0,3,1
db71e898bd98382244016ee501cde84f35e86557,0,2,0,1,7,0,0,0,0,0,0,0,2
dba86e59f56c23dd10b0d2ef51e72a85f977fd06,0,0,1,1,0,3,0,0,0,3,0,3,1
dcf4ed03341aac22764471e6eb40a5d9e08176ac,0,0,0,6,4,0,0,0,0,0,0,0,2
dd17191d1a41d5df3784fb429cb8277851953b4c,0,0,0,1,0,2,1,1,0,2,1,3,1
dd2d76c660a80a41c4cff42bf7d6cd73ff0b6143,0,2,0,6,3,0,0,0,0,0,0,0,1
de2120f4453d878e421be8b371b0343fda84ddad,6,0,0,0,0,0,0,0,3,3,0,0,0
de889f3afdf59fff1f2ed99a197a1126ac969054,8,0,0,0,0,0,0,0,2,2,0,0,0
decc4a42881b52080dfdff153e859788156c002c,0,0,0,1,1,0,0,2,1,0,1,4,2
e01c35b59d424c8d5efa63dc1d4830655ad0263f,10,0,0,1,0,0,0,0,0,1,0,0,0
e035093aa8d74d486ac0d67628f41134f013d1f6,0,0,0,4,0,0,0,3,1,1,2,0,1
e0a601813b1fbc9c09091928fba775c3d61f8ada,0,0,0,3,0,4,2,2,0,1,0,0,0
e0a8b682f7b787b4a5a08aa8de66cc2143ae1bb8,7,0,0,0,0,0,0,0,2,3,0,0,0
e15f7d79356a8fa2e4558ed0460c74329e6ee4cb,0,0,0,1,0,4,2,3,0,2,0,0,0
e2aa46960fcbd2676e11b2a521f07fd1361b5f76,0,0,0,1,0,2,2,1,0,0,1,2,3
e2b60efb051cb648e6c094ea332baea0137bd5f7,0,0,0,2,1,1,1,1,0,6,0,0,0
e3453e1e9809bc947f266e7f52258f0109ef7be9,0,2,0,5,5,0,0,0,0,0,0,0,0
e37b3538d436f6bd0b8b2947dc5e0d8948672976,0,5,0,3,1,0,0,0,0,3,0,0,0
e3b55a01a341cbe588b954735582fe47e4315dbc,0,5,0,4,2,0,0,0,0,1,0,0,0
e3c60d727bc294b93356fac37fc1c5c4eab256d5,0,0,0,1,4,0,0,2,0,1,0,4,0
e3d6fbd44b519a38c5a0655e4b72d4e32fcd1241,0,0,0,0,0,8,0,3,0,0,0,1,0
e3f811dd42dd9389912853124bc070f5e3e3f992,0,2,0,2,4,0,0,0,0,1,0,0,3
e501088d5e7d3cc5c6eb6c10f7dee5ff42d5303c,0,0,1,2,0,3,5,1,0,0,0,0,0
e5909e949366d5e546ff64b11f429b12d85f272e,0,2,0,4,5,0,0,0,0,1,0,0,0
e5a0cfd22808b4649ca962369a169ba221e45323,0,0,0,1,2,0,0,2,1,0,0,4,2
e6dfb6b18a53c3c76a9fc6035c52ad21604a5232,0,0,0,0,1,1,1,0,0,0,4,1,4
e7435bc77ae7d58f598df8368002a1b25ed3bde2,8,0,0,0,0,0,0,0,2,2,0,0,0
e76fbe53cf1ed69be1cc844c7e8d741b9c935618,0,3,0,0,7,0,0,0,0,1,0,0,1
e782a693c9ec8ca8d64336f6aca8cfeb0965d192,0,0,0,0,0,3,1,0,1,0,0,6,1
e7a64c00fa2d3ce6a856794ac2d72f268c00b01e,0,0,0,0,0,2,1,0,0,2,1,4,2
e7c8d48f8142b3784c97d324422815ac8d7ff8dc,0,0,0,1,2,1,4,1,0,1,0,0,2
e8f82834eba81c0a1f02215173c0abd9ff1be84d,0,11,0,0,1,0,0,0,0,0,0,0,0
e9c41ef72df424b64146b0e039f9874cb12bc36c,8,0,0,0,0,0,0,0,3,1,0,0,0
e9c8596fb796b6bdab64391e1b1f69a8c7766ad6,0,4,0,2,5,0,0,0,0,0,0,0,1
e9fbf88d32f592ab9c3403cd905f084f5c82504e,0,10,0,0,0,0,0,0,2,0,0,0,0
e9ffc9a8d5a9e2cb9aed8b759cfcc1a4c373b282,7,0,0,0,0,0,0,0,1,3,1,0,0
eb0e2b714f2729d0ee2f28226d7fdbbcf47a63d9,10,0,0,0,0,0,0,0,2,0,0,0,0
ebd25277a612a66b79f805a5ce4edaaa137165d2,0,0,1,0,1,0,6,0,0,1,1,0,2
ec0410b84caf3bdb192403f662f74b7775ef77a5,0,0,0,2,0,0,6,0,0,1,0,2,1
ec5af01725afe5d95c968f6d96ccf931d4566e1e,0,0,2,1,0,4,1,0,0,2,0,2,0
ec6e589b03824352d9f66412ba0ce790ae70b256,6,0,0,0,0,0,0,0,3,3,0,0,0
ecbd8958ee3f28c23deb49a6e2bdd722c9bbef15,0,2,0,1,7,0,0,0,2,0,0,0,0
edd962b76fef0db01f1a209bb669495cbd38a36e,0,0,0,2,2,2,0,1,0,1,0,1,3
ee116912e7954c71ecf76a75e5bb89d1e5ad70c2,9,0,0,0,0,0,0,0,0,3,0,0,0
eef1b886d60d196a9b28bbf2a5c8fc8fc356dfa6,0,10,0,0,0,0,0,0,1,1,0,0,0
ef2e7e5b237c8aea4f1caa11a83f11532360ac39,7,0,0,1,0,0,0,0,0,1,0,3,0
ef49cadcbc35ac34cda20e6c5d90236c6ef3b473,0,0,0,0,0,2,5,1,1,1,0,2,0
ef728bbd9bcb20427384a35e68504702d32c7013,8,0,0,0,0,0,0,0,0,4,0,0,0
ef9bd99a7be453719193d9de2680a770dc8fa6a2,0,0,0,0,0,2,2,0,0,2,0,1,5
efaf2b602b5646982fb3e85ce6e9d0ba1ccc010b,0,1,0,3,8,0,0,0,0,0,0,0,0
f0110c5c4a83c759a6dffa4e111618200b60b6f0,0,0,3,3,2,2,0,1,0,0,0,0,1
f04acd3103c44aa19ccdae38b6aa37fada71dcfa,0,2,0,2,6,0,0,0,0,1,1,0,0
f0778a899efeb68070cf18e6996be314a0594840,0,3,0,2,7,0,0,0,0,0,0,0,0
f0d7677c4189b8d3025de6a8ce7ff2dfe0cbb246,0,0,0,0,0,4,2,1,2,1,2,0,0
f166090fe011a0e84355a6c43f381267ee41cde8,0,0,0,0,0,1,3,5,2,0,0,1,0
f2553c64514c6e23d2e4795c17d86d9151cc30b4,0,0,1,1,0,1,5,2,0,1,1,0,0
f26389bc28d24deb87e7ec71aea1c2ac5de6e82d,0,0,0,0,1,1,5,1,2,1,0,1,0
f28a4dab3888d5ca481bf6b6007408142729343a,0,0,0,0,0,1,3,2,1,2,0,2,1
f333e9860613954c1108c0791d47e5bee98373cb,0,0,1,0,1,3,2,1,0,3,0,1,0
f3b888283caebb5394c124a92f0db4408551e7d9,0,1,0,7,4,0,0,0,0,0,0,0,0
f3e3332c572c6d879b710f9bbb388e726192ab25,0,2,0,3,4,0,0,0,0,1,1,0,1
f44775429f1cae4aec984ec782a8e83f9b6e6416,0,2,0,3,7,0,0,0,0,0,0,0,0
f489bc5b2654cd5b9e940caa3ed4aba190d233f7,0,0,0,3,0,0,1,1,0,4,0,0,3
f5c7cf3f987d0ac3c07aee18d8f671b9196d7ae4,0,3,0,6,2,0,0,0,0,0,1,0,0
f67d2dfd007aa9093ed4089553f7f1d4564fa5b2,0,10,0,0,0,0,0,0,2,0,0,0,0
f74c75d191a39373d83fee534ca268e647c97867,0,0,0,0,0,2,1,1,1,0,4,1,2
f90bff1f2a6f287eec6c9684cbde358e614e032d,0,1,0,2,9,0,0,0,0,0,0,0,0
f95cce19eb6aec331529d4dad147bf485bbef2ec,9,0,0,0,0,0,0,0,2,1,0,0,0
f9b1e96b592db215cb578ed85d618b25804c2e75,10,0,0,0,0,0,0,0,1,1,0,0,0
f9b4ad6857087969cd046506caf51a041e7f7554,0,0,0,0,2,2,1,0,0,2,3,2,0
fa9813d544445c69caa747162b80ced6a4709fae,1,0,2,0,0,0,4,2,0,0,0,3,0
fae83654132ca3405593bb0f70e1a9d8709ceeb7,0,0,0,0,0,4,3,1,0,1,0,2,1
fb4783fb9b0ca5a58aff483f9958ac6dd8c69588,0,0,0,1,1,0,2,0,1,0,0,5,2
fb49b9f8cea576945afb4a298b11d3805c1da964,8,0,0,0,0,0,0,0,1,3,0,0,0
fbd4ea5cb80f41f35d50933a9c3fcafccd2836f9,0,12,0,0,0,0,0,0,0,0,0,0,0
fbf0d7d7f63f8d5d33a8cfea50ca703a51a1fec9,0,11,0,0,0,0,0,0,0,1,0,0,0
fbfda47289e614e5440454a1d98604e9667c54f2,5,0,0,0,0,0,0,0,5,2,0,0,0
fc1759e2d3035da836e888db49fe1bda752d80e0,0,2,0,5,3,0,0,0,0,1,1,0,0
fc716a7bf6291eedb1abf1c486ee2e002ea5d4ed,10,0,0,0,0,0,0,0,0,2,0,0,0
fcafe23e4fb22f441f44b942cce9b6805d43b62a,1,0,0,0,0,6,0,2,1,0,0,0,2
fcb66a0acd69a2cff372990d58e1b8e686acd0fe,5,0,0,0,0,0,0,0,3,2,0,0,2
fcbee491399da75895735abe8043c1c680fe61cf,8,0,0,0,0,0,0,0,3,1,0,0,0
fcd038eea87b991a5e49a25cbe8e35c5ff41b194,8,0,0,0,0,0,0,0,3,1,0,0,0
fd01515aee5bf9c3920f7d648d8048268f4e5a7d,8,0,0,0,0,0,0,0,0,4,0,0,0
fdb3b1429b59ece6a66fad9639ef7fde0576ae87,0,2,0,4,5,0,0,0,0,0,1,0,0
fdb3f7cd88828849c124b82129cf7e38a5b501d2,0,10,0,1,0,0,1,0,0,0,0,0,0
fe03f609b2c1ff9220dde5122732e2e89e43a09c,10,0,0,0,0,0,0,0,0,1,1,0,0
fe441b0992e4fd092735ed506f8b80429f354785,0,0,0,0,3,0,4,1,0,0,0,1,3
fed37e2243e279d5577f2e32630a702ba8dadf81,0,10,0,0,0,0,0,0,0,2,0,0,0
ff03334a111cbadd4b549fdc3f30f0dfc015b56b,0,0,1,0,0,5,2,1,1,2,0,0,0
ff057215750d42f2ca20e006645893e2fb81be5b,8,0,0,0,0,0,0,0,3,1,0,0,0
ff4894c47077a7a1ee4bf224e33cfae8565d0dd0,0,2,0,4,3,0,0,0,0,0,3,0,0
ff8395045a9c70b2a3110502ba252cb6530ce32b,0,0,2,0,1,3,0,3,0,1,0,0,2
ff989c688bd1a54b4a0c118df3b2cf39b79917a8,0,0,0,5,2,0,0,0,3,1,0,0,1
ffaeee7946fe21240a3ca3f6e70ea7ee7e64fcf1,2,0,0,5,4,0,0,0,0,0,1,0,0
ffbcfe1897683d672c2eff18ff5e45c4ce83884e,0,4,0,1,7,0,0,0,0,0,0,0,0
00270134b7bd1d8263139cac20494f918faf0c29,0,5,0,3,3,0,0,0,0,0,0,0,0
00476d27aba1adbb99c862bb794fe117bbfb6cd8,0,0,0,0,1,3,5,0,0,1,0,1,0
007988677d6071a21a15c8cd15252bf7f981a216,8,0,0,0,1,0,0,0,0,2,0,0,0
0098cb2fb17e23e2bc368224ae1f58beeddc3fa9,0,11,0,0,0,0,0,0,0,0,0,0,0
014ef7bbc959ddd687007735ede8b67a0983b03d,0,2,0,5,3,0,0,0,0,1,0,0,0
016b3043fd2e6d83b0308c5c8c7d9c46de652978,0,0,0,0,0,6,1,2,0,2,0,0,0
0171674d171bce85db46d51c8d0efb2ee90390cc,0,0,0,2,0,3,0,2,0,4,0,0,0
0198fc21149c87415798272bad0c9eb23d188b3b,0,0,3,1,0,2,1,0,0,0,0,3,1
01a497b219bf15ea388d3c9d935dcb91adedcafd,0,1,0,1,6,0,0,0,1,2,0,0,0
026d0bde150201ec200d9a8a056e4ed35c8a6e94,0,0,1,0,1,2,2,2,1,2,0,0,0
02f77b6e78ee882d8cb295ad2a8bf12ff6fe9207,0,0,0,0,0,2,2,0,2,0,0,3,2
0305b63baccc0562716d8c16373d9b08f540ddb1,8,0,0,0,0,0,0,0,1,2,0,0,0
039d970c99ebfb05e05675eb763f4966c97b0503,1,0,0,0,1,1,4,1,1,1,0,1,0
042a8f40e3ce56f5b11c8dfc440aa15fffd40bf4,0,0,0,0,0,1,2,0,0,0,0,6,2
04596315764a815cee6757df1fd5da5dfdd890c9,0,0,0,3,0,4,3,1,0,0,0,0,0
0459bbaed08f02245cea0ec5b6eb9ffe363e5542,6,0,0,2,0,0,0,0,1,1,1,0,0
050f1f910b063cc0e32f497f668e0e61b01e636f,0,0,1,0,0,7,1,0,0,1,0,0,1
0549533350a09a0a65b78e1516f19dfb169760ab,0,0,0,0,0,0,5,1,0,1,0,4,0
05e57a27e2a7afa0e95debf395a5b230932aeeff,0,0,0,0,1,0,3,2,2,1,1,0,1
0607eaa4d8785f6327cd1d70ede3f51fd08a34d5,0,0,0,2,1,0,2,1,1,0,2,2,0
0609c42ff01735358f130e45b933044bce081879,0,0,0,1,0,0,3,1,1,0,1,1,3
0694bdbda5ce12120d6f5095e7487fab89458ada,0,0,2,1,0,2,2,1,0,2,0,1,0
06f9da86537bc4c5a329da7838a25c407e79906f,0,0,3,1,0,3,2,1,0,1,0,0,0
073239ff5efaf00b3ccd08bed7ad7af7c198f093,7,0,0,0,0,0,0,0,1,3,0,0,0
073a511e5452caf15eeb5a8f44673b17c7d79d16,0,0,1,3,0,2,1,1,0,0,1,0,2
07787878e6280766d91543c1286c564e2d3ea407,0,0,0,0,0,4,2,3,1,0,0,1,0
07dca48d72a600bab8ffc74d2602c25535ea6e7b,0,0,0,0,1,1,5,0,0,1,0,3,0
08b322c8f530c62526ab4d8d7a2c2d273fbc1b80,0,0,0,1,0,1,6,1,1,1,0,0,0
08faaad214e42b7b0e21415de064b9d29ab1a99f,0,1,0,3,5,0,0,0,0,0,0,0,2
09252ecd264fe526fdab016463a2caa86c4eae25,0,0,0,1,1,0,3,2,0,3,1,0,0
0942c10aa6848a33d0f58965f3b354fc7d59950f,0,0,0,0,0,2,0,0,0,2,2,3,2
0a409626a1c644c90dd0cd42e67cef6a699e45c2,4,0,0,0,0,0,0,0,1,2,4,0,0
0a441cf364d2de7e1fc112caaca8da63a6d85317,0,0,0,0,1,1,3,0,1,1,1,1,2
0a4ec1e04dd86b7a8c6d54873786aa8f6c805595,0,0,1,0,0,2,0,1,0,2,1,1,3
0a966fab4ba355c199e9801281198f3ac3b37c3c,0,0,1,1,0,1,2,5,0,0,0,0,1
0b0d48a2b110d95ed5425ba9a5c67fd3dc0c4c47,0,1,0,3,3,0,0,0,0,1,1,0,2
0b35050c3bc39f305c5fa7aeee66a1f0793c572a,5,0,0,0,0,0,1,1,2,1,1,0,0
0b5e894b0b80f2cb6ca1dd5f7aae22411d59c7bb,0,2,0,1,7,0,0,0,0,0,1,0,0
0bd73012d399685ab954832028bbb43341b5650b,9,0,0,0,0,0,0,0,1,1,0,0,0
0c30d3388824f3b7a26fae19ba4410af76d1abf2,8,0,0,0,0,0,0,0,1,2,0,0,0
0c38267efc5197b7a4c93d50540244a34177591c,0,0,0,1,0,1,5,0,0,0,1,1,2
0c4d380758c2b5d0628066a9b012091121d971a6,0,0,1,0,1,1,4,0,1,1,0,1,1
0c613122f9744e8987c25e9cae471c6024c06d37,0,1,1,0,0,3,3,1,0,0,0,1,1
0c6d4179336c91eb1ea578607aa67a6ee9a8a81f,5,0,0,0,0,0,0,0,0,6,0,0,0
0c8c06a84aed01de0c26090a2915b030d54c7e7c,7,0,0,0,0,0,0,0,2,2,0,0,0
0ceb16534a189eff5d5291754d8bb859e85ad18d,1,0,0,0,0,5,1,0,1,1,0,2,0
0d07acfbdbfd25049bd26864fbfcec20581b2c1a,0,0,0,7,3,0,0,0,1,0,0,0,0
0d486012afb2a193abf921f069ea04297078c78a,0,0,0,2,0,0,0,2,0,3,0,0,4
0ddbfc33da490f3b84e37ce6bf850934e15a8098,0,0,0,0,1,2,3,1,0,0,1,2,1
0e3d84f8638e5db322e612e213486b7ee188e5bb,0,0,1,0,0,4,0,4,1,1,0,0,0
0e6ab20bda13d54ab2e3b390ba5a731b488fc8be,8,0,0,0,0,0,0,0,1,2,0,0,0
0e89c3252f22283a3d76888b3d6b152cc0098a4c,0,0,1,1,0,4,1,2,0,0,1,0,1
0ea376b58602392900612d14cd7be5836e5ac9f1,10,0,0,0,0,0,0,0,0,0,1,0,0
0ec55c66b28fa0c12413efd270aa7ac636da4314,0,0,0,0,0,3,0,1,0,0,3,4,0
0f0064357b437cd5e84cdc0c6f63e152191d33af,7,0,0,0,0,0,0,0,0,4,0,0,0
0f0fd18f477f3581a14fb6bf565ebb699e1950bd,0,0,0,0,0,2,3,1,2,1,0,1,1
0f4f24249a2c3d57b31dc4d0cf4fe654c9175a97,0,3,0,2,5,0,0,0,0,0,0,0,1
0f7eb50311be9a998c97ab2f345ebb2442e676e7,0,0,2,2,1,1,1,3,0,1,0,0,0
0feea623a0c768cac7f52c9b3be34ad494504ad4,0,0,0,0,1,6,1,1,1,0,0,1,0
0feff0a54fb2cbe1a6045d1e39c784791b6ec720,0,0,0,0,0,7,0,0,0,0,0,0,4
1022f49c837fb08ad8c6addf17229e8a39c68750,0,2,0,2,7,0,0,0,0,0,0,0,0
1034e4649194b1f53098cb738372e12690adaf5d,0,0,2,0,0,2,4,2,0,0,1,0,0
108d08a052bc27ab05706df9fa29f532c5b50172,0,0,1,2,0,3,2,0,0,3,0,0,0
10d0dcb93a1a386a98e9a5a230076b0c2ebffe26,0,3,0,4,3,0,0,0,0,0,0,0,1
110e13f3958964cee7f1d01f8a609363599e7cdf,9,0,0,0,0,0,0,0,1,1,0,0,0
1126e9f212c2aa5d263f8faa102a0e2c4a8dd3e4,0,0,1,0,0,3,1,2,0,2,0,2,0
113e38f6f3e1c303c08e953c6f480c1dab39cbbd,5,0,0,0,0,0,0,0,0,6,0,0,0
11b1481638e3dd3dcfc57d20fbb5d5385b96b062,9,0,0,0,0,0,0,0,0,2,0,0,0
124fb4f9a77f9ef75a8bbc55f6cbd3de10f744eb,0,0,0,0,4,1,0,1,1,1,0,1,2
12e1e530aaaf3acdfb7fdf1bfc69ff91ceee5342,0,3,0,1,5,0,0,0,1,1,0,0,0
130170071762cef72abf79291c4e4e1d61ae182d,0,0,0,1,0,1,3,1,1,0,1,1,2
13a34e6e9c88f6829f35a5eb836f7b15f1caaf78,0,0,0,3,0,2,0,1,0,2,1,1,1
13a87da4b46896c01287a656c5ad7f521eaf864f,0,0,0,0,1,3,2,1,1,2,0,1,0
13c68bc72ffd565535f36282e5457e713d0d88ac,7,0,0,0,0,0,0,0,0,4,0,0,0
13e71aa457d0185e7b87b6e3422def23e4097c3c,0,0,0,2,0,0,0,2,0,2,1,4,0
13f84e4c7d1061767d0896521e39ce57b6f04463,0,1,0,4,3,0,0,0,0,3,0,0,0
146e4e9f0c95f12662a98137f1566ea64a7eb5f5,0,0,2,0,0,5,2,1,0,1,0,0,0
14c132dba559b42d20c5a3b3527a6b922340ac72,0,0,1,0,0,2,4,1,0,0,0,1,2
14c4e8fc0872408fd1417bea04bfb30d3a44714a,7,0,0,0,0,0,0,0,2,2,0,0,0
14e1447432104a2d18a99a8e5b14078ecfff65fb,8,0,0,0,0,0,0,0,1,1,1,0,0
15096fc296be8347a52c590b3406c912f86a46ad,0,7,0,2,1,0,0,0,0,1,0,0,0
150c3cd979a7c507452c80fed4c17639b321db98,0,0,0,0,0,0,6,1,3,0,0,1,0
1569feda56d3430f47d1f41642dcd55161ff89d5,8,0,0,0,0,0,0,0,0,3,0,0,0
157c6eaa0f1baea943dace46acedd2d48ff498f5,0,4,0,3,3,0,0,0,0,0,1,0,0
15d9ba219ff7c6c68944a363c0b5b87472b52120,0,0,0,0,0,0,6,0,0,1,1,1,2
162a9fa81d4e7da4a0d6bf0ad61fe424c5438ac0,0,0,0,0,1,1,4,0,0,3,0,2,0
166be1162871ce4c59fc1b59c25028fb39b501eb,0,3,0,1,7,0,0,0,0,0,0,0,0
169436fe08f51886ecbce3282c08f37d5894ad9b,0,0,4,0,0,3,0,3,0,0,1,0,0
17043cebfddcbabc3d7c47ee9d1a9ffffd745c52,0,0,0,1,0,0,3,0,2,5,0,0,0
1740fc0e8f0ec6994e7134139b90c6c73215fad0,5,0,0,0,0,0,0,0,2,2,1,0,1
1761afabeb8ef54dcf09ed79576a8e74009b1959,0,1,0,7,2,0,0,0,0,1,0,0,0
177c4c6ee30a30fe3acd75c8298a44d930ea438d,5,0,0,0,0,0,0,0,1,5,0,0,0
1795f608efb5af334347255093366239d8826397,0,0,0,1,0,4,0,4,0,2,0,0,0
17d664be751b1e23e4e8fec1d6c2ad79eca6a94b,0,0,0,4,0,1,2,2,0,0,2,0,0
17f3a586e463087a858cff102069f6abf39b755a,0,0,0,0,0,3,0,0,1,2,0,1,4
186346ab66f9607066eecb710c6a81797ee60551,0,9,0,0,0,0,0,0,0,2,0,0,0
18d7a9a84b54181ef723e9ee0f2c66954c0eba26,0,1,0,0,10,0,0,0,0,0,0,0,0
195b81addb2493e77e5757def48402dad942a750,0,0,0,0,0,0,2,1,0,5,0,1,2
19e0b8a20a7c36ba39e16c4906edaf04f170af0f,0,0,0,2,0,1,3,1,0,0,0,3,1
19e4240f76155eb7776f2a3bf4c86402b010ca83,0,5,0,0,1,0,0,0,0,5,0,0,0
19e4a8f88503ed0c5e247a63b61a4aca0761b715,8,0,0,0,0,0,0,0,0,3,0,0,0
1ac97237d0f48b54fa3aa5fc10413199a9801084,4,0,0,0,0,0,0,0,1,6,0,0,0
1ace57fa0fdc6d781f7d87ecefb8d455e734a080,10,0,0,0,0,0,0,0,0,1,0,0,0
1b1c1980a9ac7e5ab50021ac34d7f539f23f5ea0,0,6,0,0,3,0,0,0,0,0,2,0,0
1bad31a8ac611a9d25e7ea77cbad1ab2adeb4202,1,0,1,1,0,1,1,2,0,2,1,1,0
1bb9bef184c1256f064032faf6ff1adc72e535a2,0,2,0,6,2,0,0,0,0,1,0,0,0
1c7113a451273df1ada392cedf6a4988e109510f,0,0,0,0,1,1,1,3,1,0,0,2,2
1cd573313ea653a395d66e772e73efd2f94ef4ec,0,0,0,1,1,1,6,0,0,1,0,0,1
1cd68d44582ed7af79c68f0dab2b96b33b39b427,0,1,0,1,7,0,0,0,0,2,0,0,0
1ce274f33fdefac9cf6aa4cfd3302b243edd62f9,0,0,0,8,3,0,0,0,0,0,0,0,0
1dd458307e72ea3c52ff239a6335ab765a958d9b,0,8,0,0,3,0,0,0,0,0,0,0,0
1e24a87f7a9c96fb9bf869d3981977c318032ad8,0,0,0,0,0,2,1,3,0,0,0,4,1
1e30a3aea597b70e867f5c721feb64539742ac37,3,0,0,0,0,0,1,0,0,4,2,0,1
1e895ade99ce48075af24d9ade57ad61838ee159,0,5,0,1,5,0,0,0,0,0,0,0,0
1ec149ab2c0d269ff59235eddaf7b927482349ab,0,10,0,0,0,0,0,0,1,0,0,0,0
1ef789823f8033c6866db422f0dbc1250c9bed56,0,0,0,1,0,1,2,4,0,1,0,0,2
1f6549090fe082143a454bbc3d793bd4f8accd03,0,0,0,1,0,1,2,1,0,0,0,4,2
1f656649fe88e5fa9f2db3d75b720516c481862c,6,0,0,0,0,0,0,0,1,4,0,0,0
20692d349060c59623b76c0746cf815f659a3602,0,4,0,5,0,0,0,0,0,1,1,0,0
20ad327c0dc17e944d24ff0f877803b77851077c,0,11,0,0,0,0,0,0,0,0,0,0,0
21476c9628ac5e2f9ed7705810e523d367c21a3d,9,0,0,0,0,0,0,0,1,1,0,0,0
215d6ee745d6186847acaa373d530b6b730fe6cc,0,8,0,0,0,0,0,0,2,0,0,0,1
21fa76903086f304202df6bd431e085510a98e83,6,0,0,0,0,0,0,0,0,5,0,0,0
225c0a4c8aa8986f5ca622514ff9603e2e98f48a,0,0,0,0,0,0,2,1,2,1,0,5,0
2274cf7d60c8c09cb94c95f2fc141e3bc9ada469,0,0,1,0,0,4,2,0,0,2,0,2,0
22e842d3fab9aad6bc03ab78a0b347bee69bc193,0,0,0,0,0,6,1,2,0,1,1,0,0
22fd2e63ec2e38fc6836706f0234ea55b31523cc,0,0,1,0,0,2,3,1,0,1,2,1,0
23f6fd9e132217f8926df34a725f27d25a4dd23f,4,0,0,0,0,0,0,0,1,6,0,0,0
243ab9db72ecf2c61d8ecd2af359d8e7c50abc6e,0,10,0,1,0,0,0,0,0,0,0,0,0
244ca93b732121101eead56a6deed469d2d4c1df,0,0,0,1,0,1,2,2,0,2,0,3,0
2458fb3df00c5e101c5d90bdc0b07072afe7aee0,0,3,0,5,1,0,0,0,0,2,0,0,0
24c4dad48e5fbe61254469b2ab8ad18b645bd50c,7,0,0,0,0,0,0,0,3,1,0,0,0
24ce8d54776744ab3524629710b5a2f205522c60,0,0,0,1,1,0,5,1,0,1,0,1,1
24d2e60e4fe31e9e30d4f729d8b0ef823177f3bd,0,0,1,2,0,3,1,0,2,1,1,0,0
24df048db12ff99b36e158f06d3aab9b10b5f8de,7,0,0,0,0,0,0,0,1,2,0,1,0
269e92ddb7610be003ac65a8f63ba02691b012ff,0,1,0,7,2,0,0,0,0,1,0,0,0
26cbaafdf1729dd347352d9952542a2a20139260,0,0,2,0,0,6,1,0,0,0,0,2,0
27c5b12942fdec781b1598df2ebba66619268403,0,0,0,1,0,1,2,2,1,3,0,0,1
2817d3f70b3e2de4b38642f5e8fa06e4d1cd78e0,0,0,0,7,2,0,0,0,0,1,0,0,1
2872ae9b7415918af2a39fb97df5fa18152d69ca,0,2,0,4,2,0,0,0,0,0,0,0,3
28be76184178c3d6f27ff5f444418e287c6cb56c,0,10,0,0,1,0,0,0,0,0,0,0,0
28d0dfc5d09cb2a97ae127fe2850eb503c8507b5,0,0,0,0,0,2,1,1,1,2,0,3,1
28e97a381d8de7889a5caae9c7c8a00dad632d56,8,0,0,0,0,0,1,0,2,0,0,0,0
2926dbbf5674d6e59320d6236801fa4216461169,0,1,0,3,5,0,0,0,0,0,2,0,0
292a46de5ce87c3c7b76b9b255087b5efd921614,0,0,0,0,0,4,2,1,0,2,0,0,2
29badb1a9c92f9f145a2bf55ca0b4315de2cb110,0,1,0,2,6,0,0,0,0,1,1,0,0
29e040acb230d924e7ee1fa439858d745dcaaf71,7,0,0,0,0,0,0,0,0,3,0,0,1
29e4196d7e836efdb044af9aeaa9e375fa77e639,4,0,0,0,0,0,0,0,4,2,1,0,0
2a1c602a81da11d8303704926553603e9acc15bc,0,0,0,0,0,1,1,0,1,3,0,3,2
2a2667a56f2e731ce50f88841a2667b4bce788df,5,0,0,0,0,0,0,0,0,6,0,0,0
2a344157bcb6805bbea821f9bbb65a2c5332526a,0,0,0,2,0,1,2,0,0,2,0,2,2
2a42ded9b73a760ee244f16d32c4f85678b12f00,0,2,0,3,4,0,0,0,0,0,0,0,2
2a4618549df18258e414d48f690be2c919cf1241,0,2,0,1,5,0,0,0,0,0,0,0,3
2ae46126057900cace163a1c288ed7d32b0c43cc,9,0,0,0,0,0,0,0,0,2,0,0,0
2aea40a5cd29d1129e12f0e1ec336d90c8b54bbb,0,3,0,2,5,0,0,0,0,1,0,0,0
2b0a03e08908d69a51259489ca744799fc5d75aa,0,3,0,6,1,0,0,0,0,1,0,0,0
2b90a4a88acd1461edc29e34c1cf9f6613740550,0,0,0,3,0,1,2,0,0,1,1,1,2
2ba2d72898f765ca947b1d3aec2cea122cb08dcd,0,0,2,1,0,2,3,0,0,0,0,3,0
2badc65802188fef3e86f2aed7df65522d67e5f4,0,0,1,0,0,5,4,1,0,0,0,0,0
2c389539ba8527a8e2497475f7cc72a35239e45d,0,0,3,0,0,5,1,0,0,0,0,0,2
2c63cbb0d6198e12a282a60bfc95d628a930c47b,0,4,0,3,3,0,0,0,0,0,1,0,0
2c702070208df4c492c47976793b18c7423049a6,8,0,0,0,0,0,0,0,0,3,0,0,0
2caf226ec28d8c8b10a8fb62c89bf87f64e17ccf,0,0,1,1,0,1,3,1,1,0,0,1,2
2dbc7b959e4db8db707707657707e7d241fef5a2,0,0,0,3,0,0,4,1,0,0,0,3,0
2e1f67ab25092b9d3e016cb8adf15196431cb98d,0,0,0,1,0,3,3,0,0,2,0,0,2
2e8bba94ff897f393e86c8d8c2b66c69acd2d683,0,2,0,3,4,0,0,0,0,2,0,0,0
2ec5872be0c55b2d9216e5598b30debf1c66487c,0,0,0,1,1,1,1,1,0,0,0,0,6
2ec778106a5c12cfbe634fdb17c0e038d6408331,0,0,0,0,1,2,4,0,0,0,0,1,3
2ec9533e897066b20050c009347ad06b2b34f250,0,0,2,1,2,0,2,2,0,0,1,1,0
2ed5be3ea5d9530171cd6c1b6cc2fff2d24edc72,1,0,0,0,2,3,2,0,0,2,1,0,0
2f2bdffa68ab1805e8a5d843691296cfc4326eb5,0,0,1,0,0,3,0,1,2,1,0,0,3
2f422ed6f1ebedd1649d1f11eba072146a7703f4,7,0,0,0,0,0,0,0,2,2,0,0,0
2f5f43f0dc0cf0e896a3ffc0b518f8eacb50d03b,4,0,0,0,0,0,0,0,1,4,0,0,2
2f8b7e1c86ef78fa68d6c920c5bf63c27041993e,0,0,0,1,0,3,2,1,0,0,0,3,1
2f8d21adcca9da765316e8819db738ad1eaf528d,0,0,0,0,0,4,1,3,0,0,1,0,2
2fbfd9e649eaec38c7a98803519d3e70a66a786a,6,0,0,0,0,0,0,0,3,1,1,0,0
2fe92a8bdd6d0ee20c3e38135dbc2b8cf5f5ccdf,0,0,0,0,0,5,0,2,0,0,0,3,1
30b0a34bf5867bf70208ec53582a92efd175db78,0,0,1,1,0,0,1,3,0,1,2,0,2
30fdbe22c9cf3fffa3668e549575f553f3d7033b,0,0,0,4,0,1,3,0,1,0,0,1,1
3135c38b2254f6d6966e12019e7afbc8bbd8ba36,0,9,0,0,0,0,1,0,0,0,1,0,0
31c83a812d0ab7f7cb1d4006821deb90ab4186ca,0,0,0,0,0,0,4,1,0,2,0,2,2
327f152a0e993796307896324811544c6574af41,0,2,0,5,2,0,0,0,1,1,0,0,0
329eb7be36a230300aa1ed827af9b247aad0556e,0,0,0,0,0,0,4,0,2,1,0,2,2
336bff9c3af2f1ed8e4d193a2a9c50117cd03f3d,0,0,1,0,0,1,3,1,0,2,0,3,0
33a9cd6b8793bbd652c23a846e6d92d220c4fe56,0,0,0,0,0,8,1,0,0,1,0,1,0
344d9330425315ccecafa0d2b31500dce617e28b,0,0,0,0,0,0,0,1,3,0,2,2,3
349956c1d91e3935dd3fa5458332e22549772527,11,0,0,0,0,0,0,0,0,0,0,0,0
3499f597ce3f8772bcde9e826316bc810d864906,8,0,0,0,0,0,0,0,1,2,0,0,0
3511f0e6ac85ec97f5812c256f812354489c8220,0,0,0,2,0,0,3,0,1,0,0,5,0
358baafa2eca160d500dc62a27fbec7fe64f0085,8,0,0,0,0,0,0,1,1,1,0,0,0
35d842ed9acf7d6f0abe9fed319981318ae16dca,0,0,2,2,0,3,0,1,0,2,0,1,0
35ee822aa332de4668a0163f42dccd5032a7f92b,0,0,0,2,0,1,0,5,2,1,0,0,0
35fa513d35204bceda021f6ad9e90c868b1a071b,0,0,0,0,2,3,1,0,0,1,0,2,2
362b86e0a12ad62df94bc91d3126aae35db61a8f,0,3,0,0,5,0,0,0,0,2,1,0,0
36392da588ffd2b041db14501bea04b9534eed6b,0,11,0,0,0,0,0,0,0,0,0,0,0
36cd9254bae264f7e7ceb5db791d6d51f34edc74,0,0,0,3,1,0,1,0,0,0,3,2,1
36d1990c829ad06a2265bd35277909720831abca,0,4,0,2,4,0,0,0,0,1,0,0,0
3711a4c67e59c3fbac63e02d57479a9d996b0927,0,11,0,0,0,0,0,0,0,0,0,0,0
37ff40c64eb4bd345fa006749b323cd8ccacf71d,0,0,0,1,0,3,1,3,0,0,2,1,0
38ab5439f09412c23df0421bc15b6b8945c1bfe8,0,6,0,0,4,0,0,0,0,0,0,0,1
38f8b83fe2f3858a2ee98802135e752eab498e15,10,0,0,0,0,0,0,0,0,1,0,0,0
39e61c4707bf7fd2fc00e8bbf8d0703d3a5e4f00,0,1,0,6,4,0,0,0,0,0,0,0,0
3a0dcea14a7752272ff1e2a16246cca518e64cb1,0,0,0,0,0,1,7,0,0,1,0,1,1
3a5354071373790142dc547fe0f8a8a742c80043,0,3,0,0,5,0,0,0,1,0,1,0,1
3a6d672329619b14c4fc684b5c4285d41631de56,3,0,0,0,0,0,0,0,4,4,0,0,0
3a6d892c84617aad64f68ff43c9eab74ae53bc1d,0,0,1,0,0,5,1,0,0,1,0,1,2
3a81d20a3d835d1e01ec3344be05f8035db5b842,0,0,0,1,2,0,6,0,0,0,0,2,0
3a953007115bcf618fe34a5e67443cad3283e09a,0,3,0,1,3,0,0,0,2,0,2,0,0
3ae726a8a0ec92c307952d455a6c8ded162a26e1,0,0,0,1,1,1,2,2,1,2,0,0,1
3b81d75a7936e92b4673886f32e51ea3644febb7,0,0,0,0,0,6,3,1,0,0,0,1,0
3bdf9d3757747f59eede7475537152bdac1fe862,0,1,0,3,6,0,0,0,0,0,1,0,0
3c5dd874100528a746e9560edbfa164a94876bc3,8,0,0,0,0,0,0,0,1,2,0,0,0
3ca3cbc80fc517f3aa0d84e3c7ffad516d390c55,0,1,0,7,1,0,0,0,0,0,2,0,0
3ca861473bb8638426cd531da5271efcafe84129,0,0,0,0,2,3,2,1,0,1,0,1,1
3d3fd15d59f7ee619083afb293ffd5086bd8ff38,0,0,0,1,0,0,2,3,0,0,2,2,1
3dbd55a14e65e1a98c331e62ba77dbdd087b79bd,9,0,0,0,0,0,0,0,1,1,0,0,0
3de5a5eb42ff8d8346e3c9b3974d6c852c28ed3b,7,0,0,0,0,1,0,0,0,2,0,0,1
3e4ac14b22e60cfed5eb1216e8d854303be2ebab,6,0,0,0,0,2,0,0,0,2,1,0,0
3e58bd49ae1aa14a7fa24a5bbd5a08c3115573e4,0,0,0,0,0,0,3,0,1,2,0,1,4
3ee31269cb19afbf282d354f8ecf5e033a5bb6cc,0,0,0,0,0,2,0,0,0,1,3,2,3
3ef78a7a2cdb4483bc6011eaf795a48da9399c33,0,0,0,0,0,5,4,0,1,0,0,0,1
3fa50e7d61912c8941cc9ba7d78df25ef7d19bb7,0,0,0,0,0,0,1,4,0,0,2,4,0
3fbef03a83cf9684f578a07ed481e13a0149dbb7,0,0,1,0,0,4,3,1,0,1,1,0,0
410e8729ffd0c1e4903c39e62e9c977c44406705,0,0,0,0,0,1,4,3,0,3,0,0,0
41397e5649f791a6a0ec5ac982e6d1319f0f71bb,0,0,1,1,0,0,2,3,2,1,0,0,1
41572c943dce501c6cd85e99eadb9bd0879d551d,8,0,0,0,0,0,0,0,0,3,0,0,0
415f478d0ab11e63325f3b4ec127bbf1d0604be0,0,0,0,0,1,1,3,0,0,1,1,0,4
418d2cb77e24e8cbfe396e7554c251f3de6dbd00,0,1,0,4,5,0,0,0,0,0,1,0,0
41a55c02c84cce470730a4b15a887de9fcee121c,8,0,0,0,0,0,0,0,2,1,0,0,0
4221b3bd2d34214f5669ab1141c7b05e9ea6ded4,0,0,0,0,0,1,5,0,0,2,0,1,2
42260530cc076d88393735cc23090d1bfcea7166,3,0,0,0,0,0,0,0,2,5,0,1,0
424673ebbd800133068c68b698878fd9a5289a66,0,1,0,2,7,0,0,0,0,0,1,0,0
4305bc1dea47ca9f335c4da617ba72c2281136d7,0,3,0,2,5,0,0,0,0,1,0,0,0
43a0659abf3ac38c8caa20dac158ff3af0d1a581,0,6,0,2,2,0,0,0,0,1,0,0,0
440f0e957f425e80e01d99aab27b6af362463871,10,0,0,0,0,0,0,0,0,1,0,0,0
4437d936bda01349bb508e276cff7122fab035ab,0,3,0,2,6,0,0,0,0,0,0,0,0
448beb6dac13d93b2062fd90c616751566a88345,6,0,0,0,0,0,0,0,0,5,0,0,0
44c5af98c992d0538a758ac799d9ed4c312682bf,0,0,0,0,1,2,1,2,3,0,1,1,0
45170b5cebd3a9c178f617d68a8f69d8be46d1e2,9,0,0,0,0,0,0,0,0,2,0,0,0
45585b93b064d1be1f6dce9ee155a6439c944052,0,9,0,0,0,0,0,0,0,0,2,0,0
4568e44ca80b06d4d820b4c84bf79da3af050752,0,0,0,2,1,0,0,0,2,1,0,2,3
45db0195196a158a65360709d1a81a678a99873a,0,0,0,0,0,1,2,1,0,2,0,4,1
4605f8e56152064e33823402f86d202e3f5e6c99,7,0,0,0,0,0,0,0,3,1,0,0,0
4677b3e6da2db06bc122f6d4c7c657a7ec8e504d,0,9,0,0,0,0,0,0,0,1,1,0,0
467a0efb7fc2ce4586020af7e71b439333d6935e,6,0,0,0,0,0,0,0,1,4,0,0,0
46ae5bed8c8ce1d718cf44198e121c3c5d0d510c,0,0,3,0,0,2,0,3,0,0,1,1,1
46c5650b8024427e702613b4bc304f88cab802f2,10,0,0,0,0,0,0,0,0,1,0,0,0
473515e074fd279c0f2adf64063db0ab803b3f8c,10,0,0,0,0,0,0,0,1,0,0,0,0
48c31ed1dcf7dc7520a202314521e33244b77e26,5,0,0,0,0,0,0,0,1,4,1,0,0
48d27a799d0ec0bb9ca865354b5d718d5312a1e2,5,0,0,0,1,0,0,0,0,5,0,0,0
48edfca05093063c06a2052bad1e57b49b71f19b,0,0,0,0,2,2,3,0,0,1,0,3,0
48f9375dd21c6a23cd7949b941736e6fce6eb54a,0,1,0,6,3,0,0,0,0,0,0,0,1
49e25cb4e91273ae0431494ab1472fccaf59afb2,5,0,0,1,0,0,0,0,1,3,1,0,0
4a9c7450023ad89d721a957c4b66758958cb208e,0,0,0,0,2,1,4,0,0,2,0,0,2
4ac8ed4a0c27038df7942458189605d303375c66,0,1,0,5,5,0,0,0,0,0,0,0,0
4ade9ba9393341cda92bbcca5949fed404428e33,0,0,0,0,0,1,7,1,0,0,0,1,1
4b242ed5e1339155f69f2efba304f153da905d73,0,1,0,2,6,1,0,0,0,1,0,0,0
4b6a6246794436c074791ffcf494f0777da1b975,0,7,0,0,1,0,0,0,3,0,0,0,0
4b83e22df260e85f25840ace70a78566eb953652,0,0,0,0,1,0,0,2,1,1,1,3,2
4b971e58b656dec1ae424320cf98e64dbc7298cb,0,0,0,5,4,0,0,0,0,0,0,0,2
4baa63e7f6e1414c38695660f567bc32aec1faca,3,0,0,0,1,0,0,1,3,3,0,0,0
4c0fdb0e7b950079fba8de597645e4f84b1ac1eb,0,0,0,0,1,1,3,0,1,2,0,0,3
4c2de819a9272ecbf5a3d6392f44428d5bf7500f,0,11,0,0,0,0,0,0,0,0,0,0,0
4c4100ad18d6158125f52af45c9b3c1bedef828d,10,0,0,0,0,0,0,0,0,1,0,0,0
4c4fce2eb940ac8795291c416e3248fee610eb54,0,2,0,3,5,0,0,0,0,1,0,0,0
4c6058bfe4ba91ae9c6f8b9f94b69445f8e4b83d,9,0,0,0,0,0,0,0,2,0,0,0,0
4c82c118127eec67eccf522b15f4b3a51be66d52,0,2,0,3,6,0,0,0,0,0,0,0,0
4cb318e4c46b37e68fd20f08ed16fd8de9ea768f,0,4,0,1,5,0,0,0,0,1,0,0,0
4d60f44f1b15f6840c3e6eff681ccea07b735746,5,0,0,0,0,0,0,0,0,6,0,0,0
4da7f3c88199b2935c071f140bdd26bf40374d3e,0,0,0,0,0,2,7,2,0,0,0,0,0
4e0de9eddd2a0d67e1104a32eb50d46d9fa11632,6,0,0,3,0,0,0,0,0,2,0,0,0
4e483d6beb8c5a65ddeafa467d1be16da3c7a7e6,0,0,2,0,0,1,1,3,0,1,0,2,1
4e543562f3865676c3d6a09ce25ee551f4d006f4,7,0,0,0,0,0,0,0,1,3,0,0,0
4e558328de53fec1da93398cdec2e3eac647efe8,0,3,0,2,5,0,0,0,0,1,0,0,0
4e74e2d6963c0145c77da5c9a55585f77abece5c,0,0,2,1,0,6,1,1,0,0,0,0,0
4e77e38d87aafa38ee33fbd08a2d6ad4e57cf5c4,0,0,0,0,0,3,0,6,0,0,0,2,0
4ef87e8bd627ea888ab0ff607a811619d75208c3,0,0,0,0,0,6,0,1,0,0,3,0,1
4f3181cc3278086cf238bb5bc04018436364c95e,0,0,0,1,0,2,1,2,0,0,1,2,2
4f96c807372e5bb91db25db5bc36dbc57c4fb688,0,0,0,0,0,2,0,0,2,1,2,2,2
4fa742ea51f591e0921979a6f34abdb77d6ac6c9,0,3,0,2,4,0,0,0,0,0,0,0,2
5014dfc85597428f7c62fce15fc6a4be5f1c20bd,0,11,0,0,0,0,0,0,0,0,0,0,0
508beb054890779e9a06650b14a7f5254b977a73,0,0,0,0,0,0,6,0,0,0,0,4,1
50d17397b9c6a16300486e2e1ee8805a3712d48f,0,0,0,1,1,0,5,1,0,0,0,1,2
51568db8bbe44b4e2024465d170175e47d7f8157,0,0,1,1,0,2,3,4,0,0,0,0,0
5182e16e61110552e90fa037501fae2bef22be74,0,0,1,2,0,2,1,4,0,1,0,0,0
527b09081199b14271814c1e092a68e702387e8e,6,0,0,0,0,0,0,0,2,2,1,0,0
52d332df28edfbb239ecaa79e893318139cced07,7,0,0,0,0,0,0,0,2,2,0,0,0
532d1f0abfecc3f42bbe908ff11205cfcfeaafc1,6,0,0,0,0,0,0,0,1,4,0,0,0
534f10b0b361310a0081fe3002e1a2b3c245e590,0,0,0,0,0,2,2,1,0,2,0,1,3
542fe525eb7a16b595aa21ffb5b157a2d882cd04,6,0,0,0,0,0,0,0,1,4,0,0,0
544b0c5d9c3e17089da4d53b7991bbee0e0d24ee,0,0,0,3,0,1,0,5,0,0,0,0,2
5461057c2873c06df902b04852b3a8e2398de9d1,7,0,0,1,0,0,0,0,2,1,0,0,0
54c8848f5b2a076419a100548b218503d3769e3d,7,0,0,0,0,0,0,0,0,4,0,0,0
559c34a5c7c4beddba1ba7f4f9214fcb84f94a99,0,0,1,0,0,4,2,2,0,1,0,0,1
55b2cdb9055d7f1956b3c161a0467ab9b3e3c9e4,0,10,0,0,1,0,0,0,0,0,0,0,0
55ff7f81b6ecc04aed4c876d4e6459e4180e9f18,0,0,0,0,0,0,3,0,0,2,0,3,3
56939f0de3da8f72377291afd18d34ca234ec6c0,0,0,0,1,1,2,1,0,1,1,1,3,0
56db492237ecf170a7d3011050b48bed988a0555,0,0,0,1,0,1,6,0,1,0,0,0,2
57360f8eae2fcc101063c50314ed5da084fb6396,0,10,0,0,1,0,0,0,0,0,0,0,0
57467004115001b32e3d4024c554c16d065a1779,0,3,0,5,3,0,0,0,0,0,0,0,0
575a6387ffb6134fa3bd386a6f409b44f8a133c2,0,0,0,0,0,2,4,2,0,1,0,1,1
577246cdbef93cf48a854dbb69449a3099693a45,0,4,0,6,1,0,0,0,0,0,0,0,0
57a7e3313ce77d327dcad415e267deed3db7ad7a,0,0,0,0,2,0,0,0,9,0,0,0,0
57eb8b9571cea57aace99a7e73a6aa3e12c160d5,0,10,0,0,0,0,0,0,0,1,0,0,0
5860de18e77b49fe84a210f679e7ef025c9372e8,0,0,0,0,0,3,1,0,3,0,1,2,1
58a386aad4c494e5cc16d1b8ce75f178f2102e5b,0,1,0,4,4,0,0,0,0,2,0,0,0
58c2b5f886bad3681f332cd1fe7eee9fa130a9fb,0,0,0,0,1,6,3,0,0,0,0,1,0
59708dd7c6f71e3c40b262624135a1eddf977ac5,0,1,0,0,6,0,0,0,0,0,2,0,2
598e62867c3fed96c194039d04d1f726e3316566,0,0,2,0,0,3,3,3,0,0,0,0,0
5ae224584498af867d584e1410d5ee4f4f00a1cd,0,0,0,0,1,0,2,0,0,1,0,0,7
5b1a060693d8869b9c21006b12b70f84f79e3783,0,0,0,1,3,0,1,1,0,0,0,3,2
5b39d86e7bf92df8911e39cab1ff347399faa245,0,0,0,1,1,1,3,0,2,0,1,0,2
5b3fce39a06dc382cec5df922ba14a12e9018f6f,0,0,2,2,0,5,1,0,0,1,0,0,0
5b759d605788fd8aefb42c7bff456f088e718045,0,0,0,0,0,2,4,0,0,0,2,0,3
5b913702a9a839356d1f92b9d356479ad92e80f4,0,2,0,5,3,0,0,0,0,1,0,0,0
5c85d880e9d6fd7442df4dd004580538193c9c17,0,6,0,3,0,0,0,0,0,1,1,0,0
5ce713cac11f3a1dbc618f38562718ea6b142759,5,0,0,1,0,0,0,0,1,4,0,0,0
5ceaf895b25dcff5045bd48dc4a2f48e5c513e1e,0,0,3,1,0,0,2,5,0,0,0,0,0
5cfa2e31d00a558931fdb7d3dfd7bdaa955cd95f,0,0,0,0,0,3,0,1,0,0,0,3,4
5d31326218f5d83cf6c74dbf9185730f28a511a6,0,1,0,4,5,0,0,0,0,1,0,0,0
5d93b24d14df377f62a405d275fb261b36245f3a,0,9,0,2,0,0,0,0,0,0,0,0,0
5da10334405e202f6d37bf7fad9bdf3c8a3a4600,0,0,0,0,3,3,0,0,0,0,0,5,0
5de9ab4c9c96b4fe93fe2bd3d8da2beaf740d326,0,0,0,2,1,2,1,0,1,2,0,1,1
5def4de36f4d4ddb8cffb50f32abbb0ece652dd8,0,0,1,0,0,0,0,3,0,4,0,2,1
5e89b3470fcf33f0d7124b7779949fc9ba1384af,0,0,1,0,0,2,0,0,0,1,3,2,2
5e96105af02e8e860ece816e7f5a0892dcfe9e64,0,9,0,0,0,0,1,0,0,0,0,0,1
5f41e06a9c70470a68464d6190447ad5e2564ba3,0,0,1,0,1,3,1,2,0,0,1,2,0
5f72eb34a0d605680ddcc90ca7d5e967e722e064,0,0,3,1,0,2,1,0,0,1,0,2,1
5febbe3242e877b1439a7e423f9d73c8cbb1e782,0,0,0,1,0,4,4,0,0,1,0,1,0
5fec0fef75f8f7653b19380794e4bfd3d47a50d5,10,0,0,1,0,0,0,0,0,0,0,0,0
6085cb8c400066878cd0a4dc50db2fb0dc29f403,0,0,0,2,2,0,0,3,0,2,1,1,0
61114ac47c4aa08a129f488a60fb1997c6be96b1,0,0,0,2,1,0,1,0,0,0,0,3,4
6176debb697879779efa9584f11f2bfcd6eda9d5,9,0,0,0,0,0,0,0,0,2,0,0,0
628018bdb706cf3c5d878ef6038952edc87fe1a8,0,0,1,2,0,3,3,2,0,0,0,0,0
62da0df675121f4d7169beeba16bbabc7e0a6972,0,0,0,6,3,0,0,0,0,1,0,0,1
62f90e82c707446853c451752888479630a3c3c5,0,0,3,3,0,3,1,0,0,0,0,1,0
632e6e636f9e07c631751587de1f67d109ed0a54,0,0,0,0,3,0,4,2,0,0,1,0,1
634c4bd3873a746e9fe3c2072a61843d8f7165e9,0,5,0,3,0,0,0,0,0,3,0,0,0
64302b1b12e45841c54e3beca39aada12e53e661,0,0,0,1,0,5,2,0,1,1,0,0,1
65088fae3008217933953c2b70cbbe145e6c9c35,0,0,1,0,1,4,1,2,0,1,0,1,0
654baef8039d19f36b2b3566d733b2658fdc8b10,0,0,0,0,3,3,0,1,1,0,0,2,1
6552fff187c4e079a14f036b745a9c7b8a66c486,0,0,1,0,0,1,4,2,0,0,0,3,0
6578db6776770a1b7668f285907ff2eae35c1c9c,0,2,0,1,7,0,0,0,0,1,0,0,0
65b267810a14dca561980dab94fcde407b676344,0,0,1,1,0,4,3,1,0,0,0,0,1
65cbc3a5c4244c83a7565aec4b3058d49847c68e,0,0,1,0,0,2,0,3,0,2,0,0,3
65dce94cbc382b6d17e21de08e308b25ef326090,6,0,0,0,0,0,1,0,2,2,0,0,0
660420bbe4f2c43d855a2d1f707f410f3448f5a0,5,0,0,0,0,0,0,0,3,3,0,0,0
662020d9cfbe2f9ed8187c95958a74efe9a1e42d,10,0,0,0,0,0,0,0,0,1,0,0,0
6698e37cf814d3bc66984e461c6573b7924e2d68,1,0,2,1,0,1,4,1,1,0,0,0,0
681009c8a5b0cbdbe607c6d2e1f83c7d1105ad61,0,0,0,3,0,0,2,0,0,0,0,3,3
688122da5ecd687cf15c1684ac8307617b3c8eeb,0,9,0,0,0,0,0,0,0,2,0,0,0
6904cbcfa0a3120844b57557ca314a70fdad80db,0,0,2,0,0,2,1,4,0,1,0,0,1
690c79b72ccbc4daa3757a793d2c9498d779465d,8,0,0,0,0,0,0,0,3,0,0,0,0
69d072111fb00ffd04add50b6bfce432d05b8880,0,0,0,0,0,4,2,0,1,3,0,0,1
69d148c1d7b34dc928ddbca8c6869316032df48d,0,0,1,2,2,2,1,0,1,2,0,0,0
69d60dd4ddcb7a0bcae91a2f31884cd62d5b2692,0,0,0,1,1,0,2,4,0,0,0,2,1
6a1eef433a6dbb6a3e3d817a8f3ea5322c335bf4,0,0,1,5,0,3,0,1,0,1,0,0,0
6a4a9dc90098b5a8e7086f67f9ab809d9a613d49,0,4,0,0,5,0,0,0,0,2,0,0,0
6a598ba382e7ec64cbfe9335846512d19c844046,9,0,0,0,0,0,0,0,0,2,0,0,0
6a774aabc7b242cbb387ed65f3e954a49cd9d3c3,0,0,1,2,0,2,6,0,0,0,0,0,0
6b22ee505540d985e5b9fb7a38e0975443f5e3cf,0,0,4,0,0,5,0,0,2,0,0,0,0
6b7d05e446bd7a07748d9359343c2a241e12a474,3,0,0,0,0,0,0,0,2,6,0,0,0
6bac11c0e7e3477c9788d8de1f3b4ea7844bae4e,0,0,0,1,0,1,2,4,1,0,0,1,1
6c0812896534f7c4f0f641357cb87e38082a2955,0,0,0,0,0,1,1,2,0,2,1,0,4
6ca660d73717106201b7718c427d2d32b5e6accd,0,6,0,2,3,0,0,0,0,0,0,0,0
6cc0e5b33b3f6f3747fc9aa7102047ae9cc14e72,0,10,0,0,0,0,0,0,1,0,0,0,0
6d019ebb32c87d908f1aa93fe7c6ff824fc327ce,0,0,0,0,1,1,4,1,0,0,1,0,3
6d1eff868ecf9396bd929631ee091ba34ce88e15,0,0,0,1,0,2,4,1,0,1,0,0,2
6d2ee9b5b48c5b29494262c4d25ac1c6713378c9,0,0,0,0,0,1,3,0,0,1,0,4,2
6dbbebf8c851942e9aa8c57d746681cf8f1d7c98,2,0,0,0,0,0,0,0,6,2,1,0,0
6e934338d87862598a8bc08da65a14be35ed0dae,0,0,1,3,1,4,0,1,0,1,0,0,0
6e9a57ec054f5f41c3d1c7f25d054b1ef645732e,1,0,0,1,1,1,1,1,0,1,0,4,0
6e9d553ceb983b490f786241bbc6456e2df2831e,0,2,0,2,6,0,0,0,0,1,0,0,0
6ea426c3c15ca8f024695c0cdc5230b6a1af2631,0,1,0,4,3,0,0,0,0,0,0,0,3
6ecb05bddfb4e2c7eea8665d98d59e89c3dc4a23,6,0,0,0,0,0,0,0,2,3,0,0,0
6f15c5173c725fff25a9264b45352ef288646ecc,8,0,0,0,0,0,0,0,2,1,0,0,0
6f2d8fcf33f5ed1d5e026ed67a64c2c9e913abfb,0,1,0,6,4,0,0,0,0,0,0,0,0
6f64fe9078390dac49692f25a5b546a02d8dde00,0,3,0,1,5,0,0,0,0,2,0,0,0
6f9eac4ccb8a21058b358f41949023cd302b2b48,0,3,0,3,4,0,0,0,0,0,1,0,0
6ff4b2d217b26fd8a3f023ee79aa4d5b6b30a75b,0,4,0,1,4,0,0,0,0,2,0,0,0
70250bdc9938a22e95f218b089389643b6238290,0,2,0,1,6,0,0,0,2,0,0,0,0
7029fc3bcbe8b48389caa73e610179f0272f278a,0,0,0,1,8,0,0,0,0,2,0,0,0
70a019dcceb3b7569d3bed30347d4ed19e0ca669,0,0,0,1,1,2,4,1,0,0,0,0,2
70f82fc0c946eaeb24a3cd85bb2f55fb95bfb65c,0,0,0,0,0,1,2,1,1,1,0,4,1
71cb40e002aa35aa1b4facba1d800175664b9a0b,0,0,0,0,0,0,0,3,0,4,1,0,3
71e9ff576e31f2ca527d80efa44c3adb4c551983,0,5,0,1,2,0,0,0,0,2,0,0,1
723a55673c2e487bdd9a699299b754aa58a38c2b,0,0,0,7,3,0,0,0,0,0,0,0,1
72643ea094d5ddc73934c91b110f13e4a9cae0dc,0,3,0,1,6,0,0,0,0,0,0,0,1
730c9a27541f39652dad57509af2ad18c6015f0a,0,0,0,1,0,2,0,3,2,3,0,0,0
7312d12bfd68ffcf7597ff6a558ffbbf1e7f7bde,0,0,1,4,0,0,1,1,0,1,2,0,1
732891d51d1d4d6a45c0751d5f39fdaa2de8856b,0,0,0,0,1,0,6,2,0,1,0,1,0
7383bb2f8ab8162352255e4678bec7236ef0cff5,8,0,0,0,0,0,0,0,1,2,0,0,0
73b0c121476ab399e3d3faebda3b47511c63419a,5,0,0,0,0,0,0,0,1,5,0,0,0
73cebc0a009527797d2ca767f41b86dd482f449a,0,2,0,4,5,0,0,0,0,0,0,0,0
73ddfe17949bf1aef1a9986857401a10ed22bb36,0,0,0,0,0,0,1,1,3,1,2,3,0
740cc585a78e109f6685cb5e0d497e5b8ebe91b3,0,0,0,1,0,3,3,1,0,3,0,0,0
7413b290d71213fb245aba8133b497e1395f5089,10,0,0,0,0,0,0,0,0,1,0,0,0
7462f78b835ed5b31a6562bd33b0e6851a4cac6d,3,0,0,0,0,0,0,0,5,3,0,0,0
74e01c3b6a87af09992b38823a70fb82251ae653,0,0,0,0,2,0,5,1,0,0,0,1,2
75078bf90c161ebbbe02ea0fa0f0a13ac266d5a7,8,0,0,0,0,0,0,0,1,2,0,0,0
76702ab8d49332e7392b1f52270484a556ab304e,7,0,0,0,0,0,2,0,1,1,0,0,0
76a0913c0abcd504df1987f711fb1b45f0d3afbb,0,4,0,2,4,0,0,0,0,0,1,0,0
76a452825b0624870c91d85b0424da44c3ae48ba,0,0,2,0,0,4,1,1,1,2,0,0,0
76b5564fdfdae0d3c0fc2852585922d3d09d3b66,7,0,0,0,2,0,0,0,1,1,0,0,0
76cae916c93455ddc8d7c7b1e99ec6b94f8b2475,0,0,0,3,0,2,1,1,1,0,0,3,0
781238bb3c95d1c970f0457a9ad4915ed967f1b9,0,0,0,2,0,2,0,4,0,2,0,0,1
789c1cfa31e681cf0074d52a97abc786e335beb1,0,0,0,0,0,2,4,1,0,0,1,2,1
79011d3a164704f9cea2f22dba87eb6015c8391d,0,3,0,1,4,0,0,0,0,1,2,0,0
795e2325af4a107fad6199f06dce73cdbac46f87,0,2,0,4,5,0,0,0,0,0,0,0,0
7ab9f284d37624e26e3bb336f0ba41d184ad283a,0,0,0,3,1,4,1,0,2,0,0,0,0
7ac3189a9f062058c8712cf4ba77dd9e7c891739,0,0,1,0,0,3,2,2,0,3,0,0,0
7ac3b159a0056a3c527ca2650f7de43e812c28d0,0,0,0,0,0,3,0,5,1,2,0,0,0
7ad1f2896b3454fe26b69a3e2c75142eb2619f89,0,0,1,0,0,2,2,2,0,1,0,3,0
7bd88527aee52b5e7b3d334d68f907b6eb9db51a,0,0,0,2,1,2,3,1,1,0,0,0,1
7bee1ac87fcff1dc75a99ed580d7b4b2fcc9dcf0,1,10,0,0,0,0,0,0,0,0,0,0,0
7c51c2377cef8a7f2ac855bc69e32d68696073e1,0,0,0,0,2,0,3,0,1,1,1,3,0
7cc661f7893e6de8db7a5fa7eccd7b432467c292,0,0,1,0,1,2,2,3,0,0,2,0,0
7ce08b70d8c95f2310440940a8d5e271d98d9a82,0,3,0,1,7,0,0,0,0,0,0,0,0
7d6da2d3a7d8a06c85f8993e44c72781cf0ffede,0,0,0,5,6,0,0,0,0,0,0,0,0
7d9d33a13123ff55a0a910c29e946ad621c979ef,0,1,0,3,5,0,0,0,0,0,2,0,0
7de0a87932acaf9e3962bb556941a85a34096dfe,0,2,0,3,4,0,0,0,0,1,0,0,1
7dfeeb68623ee634dcc4179918fa01dc5620ecfe,0,0,0,0,1,3,1,1,0,0,0,2,3
7e32f21cf96c6225b9c5037acf06ed34d4522f4e,8,0,0,0,0,0,0,0,0,3,0,0,0
7f32f774f3d0cc88faf1552f737cb1db240527b3,0,0,0,2,1,1,3,0,0,0,1,1,2
7f72d30f2febdff850ac2675146498a0112a1662,0,0,0,1,0,1,2,3,0,2,0,2,0
7f820cd375b1bda3b6b01b22994584e61ece2571,0,0,0,0,1,1,3,0,0,0,0,5,1
7f86e108b9843994bb8e9dec97d3c2226a2143b2,0,2,0,3,5,0,0,0,0,1,0,0,0
7fc2f89d4252a0126a18a1ffb42d3f366173b8fb,1,0,1,1,0,2,2,0,0,3,1,0,0
7fdc3397ecb8d7ac74205967baa6394aaa13738c,0,0,1,0,1,0,1,0,0,2,1,3,2
7ff714c14e91bea6806e68e06b409da6ff350e40,0,0,0,1,1,0,2,2,0,2,0,3,0
8056139df99505f5620879840f26ffceb71b79a8,0,0,0,1,0,1,1,1,2,2,0,2,1
80bc2f2c623f74323fef3c4d2ce4de433a5e8e37,5,0,0,2,0,0,0,0,2,2,0,0,0
820abbda5be4ddb8a744ac7b0ac61921eed4e76a,7,0,0,0,0,0,0,0,0,4,0,0,0
820abe2691363a8c9f0225290a4c031d82bd277e,0,0,1,2,0,1,4,1,0,2,0,0,0
8211e88a14267b032ea8b54b18b23c36920bca04,0,0,0,0,0,0,2,2,1,2,3,0,1
823a575afa398171af6327dc11ecf58ff0bda1b6,0,0,0,3,5,0,0,0,0,3,0,0,0
828f7f5df99d6625e716738b156efeca974a2344,0,2,0,2,3,0,0,0,0,0,1,0,3
83399edf49ca3adc6efa46cf26f9aff8d728004d,3,0,0,0,0,0,0,0,0,8,0,0,0
837a27ddb29392a3777654a538c920b9802758c3,5,0,0,0,0,0,0,0,0,5,1,0,0
83b10cf71268f73f47e5489e38c35bbfd36f3c1d,0,1,0,4,5,0,0,0,0,1,0,0,0
84233ce00211da7647053c94da927abb1c51b5ed,0,0,0,0,0,1,3,1,1,2,0,3,0
842626f2d8ba314cd20425bbb7cde3e4998258e9,0,0,0,0,0,0,3,2,0,2,1,0,3
849803283ffd1ba8a86d2cf55c423b8c7babd52b,1,0,0,0,0,6,1,2,0,0,0,1,0
84993c6847a93948b27a0a74274f470411610b38,5,0,0,0,0,0,0,0,3,3,0,0,0
84acc2da6ef1161113946cc55d24ba2a5cfb7144,0,0,0,1,2,0,5,0,0,1,1,1,0
856290164931a2727aa03c7631cff125476e8c14,0,2,0,6,3,0,0,0,0,0,0,0,0
857b9ed250a2cdf448f419e4c2256dc65562e162,0,0,1,0,0,2,7,0,0,0,0,1,0
85adbb648a7426caf2f6c4b8321af7af29aac035,6,0,0,0,0,0,0,0,3,2,0,0,0
85e7b7cff46e4476c6189d43f1ec015d0e806844,0,0,0,9,2,0,0,0,0,0,0,0,0
86064ac142a8ba3f95756b2ba109b76958f22156,4,0,0,0,0,0,0,0,5,2,0,0,0
8619e97eeeb12f6310b69f12acdb5173b35c6beb,0,0,3,0,1,2,0,4,0,1,0,0,0
86301a41915f504bcd198921da26d05202582107,7,0,0,0,0,0,0,0,0,4,0,0,0
8634863d72814e6788d5c1cf9417ec3fd5267870,0,0,0,1,0,0,3,3,0,2,0,0,2
864b43863ba902ee14d0e72b8a740ae1aa6d2bc7,0,0,0,2,0,4,1,1,0,1,1,0,1
86c867e69d01ace755e5d73a03a8bd77d782d698,0,0,0,3,1,0,2,0,1,0,2,2,0
874933b64ecfb7a567b6a1ff12d3557a79ed284c,0,0,0,0,0,1,3,3,0,1,0,1,2
87d85a63ae10a9a98b088230100b1b0812d25bf0,0,0,0,3,0,0,1,2,2,0,1,2,0
8801027aa4848acf7592af40ca6f53a0a884b069,0,8,0,0,2,0,0,0,0,0,1,0,0
8826cda0e9434613bca79a501b97ddb8a81b5778,0,4,0,4,2,0,0,0,0,0,0,0,1
8897f118a01021eac6e18cfcd5558fd96f1663a4,0,0,0,1,0,0,1,2,2,0,0,2,3
88b63d561ddc26283a299554465ff60665ce2c6b,0,0,0,0,0,2,1,5,0,2,1,0,0
88bbddcc8e97cc9aec5f9cc8fcb5f7a973b40dcf,0,0,0,0,0,0,4,1,1,0,2,0,3
88d59d6c2d75291288a9e09a7d3d6a25b66f7b4a,0,0,0,0,0,3,2,3,1,2,0,0,0
88f44e4f20b0a203ec48b7299aa49110c5e99df5,0,0,0,0,0,2,3,1,0,2,1,1,1
89866e8e49d756db7dfe668d5a056e688e4def84,0,0,0,0,0,2,0,2,0,1,3,1,2
8a9284ddd57002bbddf3de9d3bb05b0a1cee911f,0,0,0,3,0,2,2,0,0,1,0,1,2
8b231fd4d5051b0726cf091eb3174386bafbd301,0,0,1,1,1,6,0,0,0,0,0,1,1
8b535f9484589113973a71d3154feadf8d3fe2aa,7,0,0,0,0,0,0,0,1,3,0,0,0
8b6cf59ea723acd6d03b62a46fa2d0e09184a333,0,4,0,0,7,0,0,0,0,0,0,0,0
8bac006d90759d66a1a2858527d0e272f303a6c6,0,0,0,1,0,1,4,2,1,0,0,2,0
8c9f9517d119e35acdd903e457fea1f31fd65164,0,0,0,1,0,4,1,1,0,4,0,0,0
8d031f9c2279b5eab45e5455d207be10c46ba0a3,0,0,0,8,2,0,0,0,0,0,0,0,1
8d10d897543bb80709c37b0f1a05850320ec88b1,2,0,0,0,0,0,0,0,1,8,0,0,0
8d16c447fb0fddf9a2e9c418f808a02b9e05ecfd,0,0,1,1,0,4,1,3,0,0,1,0,0
8de5be95b8216990f5d78e7cfe6e9d75d473c10d,7,0,0,0,0,0,1,0,2,1,0,0,0
8e545c2916c50e2e144e04c2cfd6cae2debd6bf3,0,2,0,5,2,0,0,0,0,1,0,0,1
8e5f0e229bed6d43c5e81a9b84628bc4704a590c,0,0,0,0,1,1,0,0,1,4,1,3,0
8e6c5363148d55b86b5e03eb644a1584b59e40b4,0,0,3,0,0,1,3,3,1,0,0,0,0
8f42ee7836c7e633027a4d1faae3c87ae003e7e8,1,0,0,0,3,1,1,0,0,2,0,3,0
8f4e163208c8a5beb2d5294190b2e2f88a2c2daf,0,0,0,2,0,1,5,0,0,2,0,1,0
8fa2dd47f7ebec3b82f13e458f4a4e4f1fe2ee2d,3,0,0,0,0,0,0,0,1,7,0,0,0
9034e5339ebfa8dfd695978941828222bcdad736,0,2,0,3,4,0,0,0,0,0,2,0,0
91522b5243a4d32cdade7205bdc94534a2657d95,0,1,0,4,6,0,0,0,0,0,0,0,0
919dbcc20f4aa25d6b5e500941e7cc0f9d87fc1c,0,1,0,0,0,1,4,0,2,0,0,3,0
91a043eba074f16f9d7aff67531552b9887096be,0,3,0,2,5,0,0,0,0,1,0,0,0
91abe7177abbf9a0558dfa2b07abff5254bcbb2b,0,0,0,0,0,1,2,0,0,1,1,4,2
923cb80581d27c9b834befdd42a47634eb5d7a2f,0,3,0,4,3,0,0,0,0,0,1,0,0
929210b09bf990b51abbd65018ff0f6ab3162d38,0,0,0,0,4,0,0,0,0,0,1,4,2
92ba8567ae00bf753befc322f6fb35d7db13b328,0,0,0,0,0,3,4,0,0,0,1,1,2
92bd723c6dcd524029ff0a569e59cdb39b36e751,0,0,2,0,0,4,0,1,0,1,0,1,2
935f77806edfa27934cdf8f30af98fcef8ae9c9a,0,4,0,3,4,0,0,0,0,0,0,0,0
939f87aad42bab9eb0781f52734403e1ed05c8db,0,0,0,0,0,1,6,1,0,0,0,1,2
9420f079b7370035e6ea18fb81b776f2c780750a,0,0,1,1,0,4,3,0,0,1,0,1,0
943eb6e8bad33416f2e0a4ff844305076a0fad84,0,0,1,0,0,6,0,2,0,1,0,0,1
945eb954eafd48508392f0957ba7520c08a0cb5d,0,0,0,1,0,0,3,0,0,0,3,2,2
948814b139a0598f82a72ca70d1a906a26ac1667,0,0,0,5,2,0,0,0,0,3,0,0,1
94b9f1e8ebb445c3a06905def01fd485c5d2727d,2,0,0,0,2,5,0,0,0,0,0,0,2
94f805a5544de71b1c09fd3af4a07b6b088ea2a1,1,0,0,0,0,2,3,0,0,1,0,3,1
9605ca14d472a8af84ad0133cbd8f8225b334f8e,2,0,0,1,2,0,0,0,0,6,0,0,0
960a4ae2997f9cce0a0fbaec76ece98f4f9ce1c5,9,0,0,0,0,0,0,0,1,1,0,0,0
9647ba22532c9516ef727bbf30997fde7158e6cf,0,0,1,1,0,1,3,2,0,3,0,0,0
966432087f06573c78dc5e79f14ef74516fce3af,0,1,0,1,8,0,0,0,0,0,0,0,1
96b6e6dba7197d7f367a29474fcea9bc23a89b4d,0,0,2,1,1,3,2,1,0,0,1,0,0
96b7805d9344935c2c61e79b98a8e1c3e564684b,0,11,0,0,0,0,0,0,0,0,0,0,0
976d3dcc8142ed32e899bdf59e464d2ccbf0983c,0,0,1,1,0,2,1,0,0,2,0,2,2
977d68c4cc3968a2eedf0bbdd68666f6234fd5bf,5,0,0,0,0,0,0,0,0,6,0,0,0
99012da5c6f99ad058ad64c8118d5f196cb5c96f,0,3,0,2,2,0,0,0,0,2,0,0,2
990f417c0362f8b126fc29dc7014c9212720013f,0,3,0,6,2,0,0,0,0,0,0,0,0
99292416ee77500e0bfd6fa300e430ee0c0def5d,0,0,0,2,1,0,3,0,0,1,1,1,2
992efdd498250ac6151b215e71955e9af05a3a9a,6,0,0,0,0,0,3,0,1,1,0,0,0
9a295b21ca8691a8f4a5c0901ba5073b2dd1dff6,0,2,0,6,3,0,0,0,0,0,0,0,0
9a764298b9afa078941e7c67642144be2f429aef,0,0,0,1,0,1,4,0,0,1,1,2,1
9a9080db94f9eedab61e1b22cfe125ccb9aef526,0,0,0,0,0,1,2,1,1,0,0,5,1
9ab0e16982cb94615fc40a670dfd84311418b772,0,0,0,0,0,1,5,0,1,1,0,3,0
9abf5cad314acacd5a8a23d50e17bd47af7fb88f,0,10,0,0,1,0,0,0,0,0,0,0,0
9b32d9328412c6608b15b4f76e9a74fbe2199b43,7,0,0,0,0,0,0,0,1,2,1,0,0
9b525c509dfb208662e29fde412bedfaee72d276,0,0,0,4,5,0,0,0,1,1,0,0,0
9bde152c55db2f81d905f3fd151aee7a6cc479ee,8,0,0,0,0,0,0,0,1,2,0,0,0
9c12e7687a7d9e977d2a5beebb610490776c4379,7,0,0,0,0,0,0,0,1,2,1,0,0
9d29a70fa43c2a0fce275dc33cda07c0cfce1ccc,0,0,0,1,0,0,2,1,0,0,0,4,3
9df1f219dbb7ca2d02991639f8183c499c06653f,0,0,1,1,1,2,3,3,0,0,0,0,0
9e364b628324e34b08c9888c0ead3cbcc0a15e13,4,0,0,0,0,0,2,0,1,4,0,0,0
9e66926daffc2326b344207c3747141479d64dd4,7,0,0,0,0,0,0,2,1,1,0,0,0
9e77541f6ac2bd3cde701dbde5d6cb54589c082c,0,0,0,1,2,0,2,0,0,1,0,2,3
9e7f580ffecfe4fd486b232cdeb3eeba7a39b989,0,0,0,0,0,1,3,1,1,2,0,1,2
9e8b5e19b9068a982939a81c0a8543d4050d97df,0,0,1,1,1,1,3,2,0,0,2,0,0
9eae1445f8f19e94fff6ebc03a9dc4136dbd9c62,0,0,0,1,0,3,1,1,0,2,2,0,1
9f5772d744f83b5cebe4a3ebaf22a1d0b1f54430,1,9,0,0,0,0,0,0,0,0,1,0,0
a000b2076e938251ea09f78343e61b9bd2c0c0ad,0,0,0,0,0,3,0,4,0,0,2,2,0
a0e61dc2fc821b2002c99daa6f715aef85b4799a,0,2,0,4,4,0,0,0,0,0,0,0,1
a117136d6807d030ecd852282c31a697d5abfe50,0,0,0,0,0,0,4,3,0,1,3,0,0
a11852ace29f91577e48f92b078d79b010cbbc65,5,0,0,0,0,0,1,0,3,2,0,0,0
a13d64bc19cf5dfabf13360adf9ffe74fe0ccb56,6,0,0,0,0,0,0,0,2,3,0,0,0
a14eb9f9bf03cecc7a85cdcce7ec37b38cafb97a,0,0,0,2,2,0,2,1,0,1,1,1,1
a17a2a21ba154cd896302a96af0b8525553384e1,0,2,0,5,2,0,0,0,0,2,0,0,0
a1a81c0f7124eb8bf165b8fa64ebe07287d3752c,3,0,0,0,0,1,0,0,5,2,0,0,0
a1bda57e5855117b398310be224093fa34507120,6,0,0,0,0,0,0,0,4,1,0,0,0
a1f73af53e180f524a68bee32b70fc49b7d5325f,0,0,0,2,0,0,1,1,0,1,0,4,2
a26acee7f3d3801e1bad2ee82bcb41a285ade9b4,0,5,0,0,5,0,0,0,0,1,0,0,0
a2a4487402b20dab559ac954d8a2735c14d83e0e,10,0,0,0,0,0,0,0,1,0,0,0,0
a2ab5894e0bbece62bbf23a4aca04a6bdfef9cc9,0,0,0,0,2,2,4,0,0,1,0,1,1
a2c098bae7d5a9b1b282418fe2238cf7fa853db0,4,0,0,0,0,0,1,0,1,5,0,0,0
a306faae968bbe6bf1815028a410dd1432a18646,4,0,0,0,0,0,0,0,0,7,0,0,0
a31c057f68de23d73a82f6fad64dacbb5d757b1e,0,0,1,2,0,4,0,1,0,1,2,0,0
a332ad42bb33da7c30042116cabd33981799350f,0,0,0,0,2,0,1,1,0,0,1,2,4
a342aa3e6cd65d65f7d8a5b26a7a90225b106371,0,0,0,1,1,0,4,0,2,1,0,1,1
a38cb74f1fd198a7978d61df191d7d4c12b0a384,0,3,0,4,2,0,0,0,2,0,0,0,0
a39aa73a224223b5a244b38311257ce695b438e3,0,0,0,1,0,2,2,2,0,1,1,0,2
a3e9343abaaad28d96288feeb30b3433c9a073cc,0,0,2,0,0,1,6,1,0,0,0,1,0
a4281756ca7c46739734ee37ac215ae29b5a05c2,0,0,0,0,0,1,2,3,2,1,0,2,0
a44769ba0e1acfb0361739d0e430d7f787e36889,0,1,0,4,3,0,0,0,0,2,0,0,1
a4510722358e6d11e6c90dab9ad0f49108c0db3e,0,2,0,4,3,0,0,0,0,2,0,0,0
a465d88ab75e6e1c1e1912b7912922d8b140aae7,0,0,0,0,1,0,6,0,0,2,0,0,2
a46643f7cd6b5d6e228762157f43fc147159295f,2,0,0,3,0,0,1,4,0,0,0,1,0
a51f9b086cdf05bcaa36ad3fd174a90b87a18324,0,7,0,0,2,2,0,0,0,0,0,0,0
a527594fbc29ba4e9037cda53ed83cf4dfa3a9b1,0,0,0,1,0,2,1,1,0,3,1,0,2
a55d5e9bdbbab6581c03e199a5a87b1f77a1481d,0,0,0,1,0,5,0,5,0,0,0,0,0
a564c2940d3e06c24426ba2595d579d03563028c,7,0,0,0,1,0,0,0,3,0,0,0,0
a56dd32e7dcb6d140c852762a7189a9e7b3dead2,0,1,0,4,4,0,0,0,1,0,0,0,1
a57656bbf13198fac9292b7cad0cc56c6574a71f,8,0,0,0,0,0,0,0,0,3,0,0,0
a61561d69ed6420a45d19f219e99656cc6ce8e26,9,0,0,0,0,0,0,0,0,2,0,0,0
a6228d157da039c13fc77e42466206c213c7fc8f,0,1,0,5,4,0,0,0,0,0,1,0,0
a65f92c9257dda39ad74866009aff343acb66978,0,0,1,1,0,4,4,0,0,1,0,0,0
a67f3bf02d20c6cc6fa28ab1e5815cde8fc51aa0,0,0,1,1,0,1,4,1,0,0,2,1,0
a6c4bf7a9a2a905b9a7ddaabd6ff6e8701311f66,0,2,0,4,4,0,0,0,0,1,0,0,0
a73256e148b706a666da31c93d76f08681ca0a49,0,0,0,2,1,0,3,0,0,1,0,2,2
a74d60bd2005e7840b566a3a10ab4209ffa7af02,0,11,0,0,0,0,0,0,0,0,0,0,0
a86683838ff9cbadf832f7b78579ed0ad24a4a2b,0,0,0,0,1,2,0,1,0,1,3,2,1
a8696861fed00f54c55535ae208f3634dcb3e5e6,0,0,0,0,1,1,1,0,0,6,1,0,1
a89f1cc97bba49bed7cf8d0ce805605628207467,0,0,0,0,0,2,5,1,1,1,0,0,1
a928c36cd545945e31916394bdc485ee30ef7738,0,0,0,6,5,0,0,0,0,0,0,0,0
a957dbd9ccac802a6acd305439554dbc34595cae,7,0,0,0,0,0,0,0,1,3,0,0,0
a97be717dd10ff9ef65fda7ea132b74e8a1d0659,0,3,0,3,3,0,0,0,1,0,1,0,0
a99572048f86a446ba342552a6c998f10d887f1c,0,2,0,4,2,0,0,0,3,0,0,0,0
a9a1a8d83a92b8e555d0984f809323892b7ecf33,4,0,0,0,0,0,0,0,1,6,0,0,0
a9a33d53796882e8b8bb4e13dc2864548b039e8c,0,0,0,0,0,1,2,0,1,1,0,4,2
a9b0be319cfad266e764f8e9485bf0fdee928cbc,0,0,1,1,0,3,2,2,0,2,0,0,0
aa7a88541b516fb529ecb0401ff9868fc1bb31cb,0,4,0,1,4,0,0,0,0,2,0,0,0
aab111a6edf35ee98250a0a31e80fa5f40e9435f,0,0,0,0,0,3,1,1,0,0,0,3,3
aacdcf9d5e6457de8e2587cd404e698bb0555577,0,0,1,1,0,2,5,2,0,0,0,0,0
abf0071365c8a6e2ff6c51382d99a5f0d91352c7,0,0,0,2,2,0,2,3,0,2,0,0,0
ad4603a631c0009d36889a40620f70936e9f0595,0,0,2,1,0,1,1,3,1,0,0,0,2
ad7ad4b20f72f87bb0efc9db9c2ee47a0703cb15,0,0,1,0,0,5,1,0,0,0,1,3,0
ad919868e568efc65424aaf873cd4133dc59f79c,0,0,1,1,0,2,3,3,0,0,0,0,1
ad9315a3bca07cbaf90184b00a078588d763511b,5,0,0,0,0,0,0,0,2,4,0,0,0
ad9774e8b23b99452e1b177db82c18e3855e23d5,10,0,0,0,0,0,0,0,1,0,0,0,0
adb1f296d2c5852893b83c75d5b675acd338bf94,0,0,0,0,0,1,2,3,1,0,0,2,2
ae62648c2d1b52c88210d7dfbd8d9e26895e581e,0,0,0,0,1,0,1,1,1,0,1,4,2
ae71a9ec1caa98c2f8871b98dbc912e54bc699c9,0,0,2,0,0,2,4,2,0,1,0,0,0
ae8b55046733e7cf8ec194f2d873c3f7a2d3e55a,0,0,0,0,0,0,2,1,2,1,2,1,2
aed4796a085ad9258140a898aed512be2237062a,0,0,0,0,1,1,2,0,0,1,0,0,6
af5aad94dc41cfa53732a56e69fc18bd9e352dc0,0,10,0,0,1,0,0,0,0,0,0,0,0
af8907f50d03d17b0e8dfa5cdf53e3cfaaea9997,0,0,0,1,0,3,4,1,0,0,0,1,1
afc0e2377c07ee7a05e441f97df31435a004b632,2,0,0,0,1,4,1,2,0,0,0,1,0
afcb3e88ecee471c29bf8454917781d2861a3d73,8,0,0,0,0,0,0,0,0,2,1,0,0
b04c88aa96f88769a4614673d6b76a97245b51ed,0,0,0,1,0,2,2,3,1,0,1,1,0
b0dc8e093fe2ed1cc021b44468838764d0a95c11,7,0,0,0,0,0,0,0,1,3,0,0,0
b151ae1ec9ec85a41c581316984bd788d1ae3546,3,0,0,0,0,0,0,0,3,5,0,0,0
b15efd56b5f303a3b946eab3d2a81c53de11a215,0,4,0,4,0,0,0,0,0,1,0,0,2
b18c4528c514723074f2cc0fb5733f5654c6bda4,0,0,0,0,0,3,4,1,1,0,1,0,1
b19e23ef46f90d85889d7aaee4ec8c929f1035e9,0,0,1,0,2,3,2,1,0,1,0,0,1
b1f1ed6b19304552e0b5190231a7822e914b64fb,0,0,0,4,3,0,0,0,1,0,0,0,3
b207311c9eadfe29fded83f42236e1d6d272acc2,0,0,0,0,2,3,1,1,0,0,0,3,1
b20f78381c19d3868215bf427bac4e8e735d4e6d,6,0,0,3,0,0,0,0,0,2,0,0,0
b31c6723db30d63cae9528c08e8808d17ad7df74,0,0,4,0,0,3,2,2,0,0,0,0,0
b392227769c887c3f00f66f11e8301932052b5aa,4,0,0,0,0,0,0,0,2,5,0,0,0
b3e81f6acd8abd4a530f38b52c2bb8058acf211e,0,0,0,0,0,2,4,2,0,3,0,0,0
b3f167a27abe74903a49c8c4f2700fe06f894f1e,7,0,0,0,0,0,0,0,2,2,0,0,0
b4939bfec30dd1bb04d16dc60e77b5b3b493438f,0,0,2,1,1,2,1,1,1,0,1,0,1
b4d4a7c287db18b2af4ca36267335215c8bf39ed,7,0,0,0,0,0,0,0,0,4,0,0,0
b5b5d1b4b67acf9e295341cc1e5bd12eb9e6f54e,0,5,0,3,2,0,0,0,0,0,0,1,0
b657e5f982b504079986c369a1ff8703476d1d4b,0,5,0,3,3,0,0,0,0,0,0,0,0
b6646cc9309653c9c272b397b79a0d1595934e1e,0,2,0,4,4,0,0,0,1,0,0,0,0
b6795339b7a5c1be42ebb9255472554ba81fd618,0,0,1,1,0,3,0,3,0,0,2,1,0
b6ea4e87673ed88de239fa1ba7f6d0a854143736,0,2,0,1,7,0,0,0,1,0,0,0,0
b6ef2242652cad8775ee705365e59126cf63b128,0,11,0,0,0,0,0,0,0,0,0,0,0
b7105855b731353b513307ed3b64b16a6a77c8a7,8,0,0,0,0,0,0,0,1,2,0,0,0
b72bd7d4b14312d0aebc205ded81d2e9b4fe702c,0,4,0,3,4,0,0,0,0,0,0,0,0
b74ca867a349f7aac26daa193644821d1a6e44b4,0,0,0,2,0,2,2,2,0,1,1,1,0
b7ba65fa6360dd80ce15cd7d517063446dea021d,0,1,0,3,4,0,0,0,0,1,1,0,1
b7cb3f7bf973a039275f5907e97f46964d0fb306,8,0,0,0,0,0,0,0,0,3,0,0,0
b7f5f197d13766572d1904f79652090b31965b75,0,0,0,0,0,1,1,0,2,2,0,3,2
b845d79442c2ea1221635f2605deefb5219cf84e,0,0,0,1,0,2,3,0,0,4,0,1,0
b89f759f30280202f2826ac3b0d5d618b8cbfb0a,0,0,0,1,1,1,3,1,0,2,0,0,2
b8b01259340dac5e1636e4a91d4f91eff840970c,9,0,0,0,0,0,0,0,0,2,0,0,0
b8c77b5fecb635124de466d642864ea428a6e66e,0,0,0,0,1,2,3,0,0,2,0,1,2
b8fcfd670fdca8079f7ce668cc03c2dfc9ed3290,0,3,0,2,6,0,0,0,0,0,0,0,0
b9272b82c6290f04a505cbdbc386651bc8704047,0,0,0,0,0,1,1,1,1,3,0,3,1
b997e3fdb8371805649d2e1814872b6b979bfac1,0,0,1,1,0,4,2,2,1,0,0,0,0
b9eae3a344c2ffb702818cacb8d107e23d8147a3,0,0,1,0,2,2,1,3,0,1,0,1,0
ba1d46b9280e3a9008a89c866ee3747d4ba859bc,0,3,0,2,4,0,0,0,0,1,1,0,0
bab6888c399f0b8cfbeca1f2457d4cbfebfd97a1,0,0,1,1,0,5,4,0,0,0,0,0,0
baba9e4e70fdb22d654621614972197f6b0d558a,0,10,0,0,0,0,0,0,0,0,1,0,0
bb113e4db95d9519d179833ffaaec7d976f9e846,0,0,0,5,4,0,0,0,0,0,2,0,0
bb20b8cf8270f94c26d32051b65e562399abdac9,0,0,0,0,1,2,2,0,0,1,0,2,3
bc34be46111fef32faa733fdc1f0e24712172553,0,0,0,0,0,0,4,1,2,1,0,2,1
bc93852045ccb5197092fab59de303f8cefeb9cd,0,4,0,5,2,0,0,0,0,0,0,0,0
bcc3c74e261034fc13a22ab6a56f2f7e8e8fa0ae,7,0,0,0,0,0,0,0,1,3,0,0,0
bcd59860eb5f0c4f85e75d94da5df43934cca157,0,0,0,0,0,3,3,1,0,0,0,2,2
bd04363edd4f1e460cffd36cc9ec9b7afedd07b0,0,0,0,0,2,4,1,0,0,2,0,0,2
bd1ecaeab8c56b89ea6bf292658b4cdb7bb1fb43,6,0,0,0,0,0,0,1,3,1,0,0,0
bd3491a0aade9f4722f2234b80151671b37afcca,0,0,0,0,0,1,3,2,3,1,0,0,1
bd672fa3f592cb80d4150209b54db331627e9da5,5,0,0,0,0,0,0,0,3,3,0,0,0
be4e7d3052ca8499fd48a77a0e924571355ec41c,0,0,0,0,0,2,1,0,0,2,2,2,2
be714f9a61cd74b04c98237ef694c69ee038e3ae,0,2,0,4,5,0,0,0,0,0,0,0,0
be882bdd78cccc9c89efe012f929cde667059c62,0,0,0,2,5,0,0,0,0,1,1,0,2
beb101ef5f0a5cd43383dc5e1cdd423926f7fb42,8,0,0,0,0,0,0,0,1,2,0,0,0
bfda7cb89b1efc19ada2d8885ab284cad7e2282e,0,4,0,4,2,0,0,0,0,1,0,0,0
c022ba02980ee8f6ded428c52b9dee910fd24cbd,0,0,0,0,2,0,4,0,1,1,0,0,3
c049b195b01b16643df36c40cbe454db754bdb57,9,0,0,0,0,0,0,0,0,2,0,0,0
c053378dfed5cc11691e807ad81ea7e6d555df94,2,0,3,0,0,2,0,2,2,0,0,0,0
c0533a5216fbbd9193bd56e6dd4c822420f87c9a,0,9,0,0,0,0,0,0,0,2,0,0,0
c0c6b7f823ebf6f5abe2961c715db362843b535e,9,0,0,0,0,0,0,0,0,2,0,0,0
c0d783b81f3cb8fd731da39eac474ed9b8011999,0,0,0,0,0,1,3,2,0,0,1,1,3
c15ac87fe8c787545eb7b0ceab118018f9b67a90,0,0,0,0,2,2,2,0,2,1,0,2,0
c1898c496e6ec74667b3eb67e478c781a4c42b31,0,0,0,0,0,0,2,1,0,2,0,4,2
c22c8e888773b82b7982f10733241ad3aea6be3f,0,0,0,0,0,3,2,2,2,0,0,0,2
c24173326d4a294f6208ebc834c8b7ed696cad7e,0,0,0,0,1,0,2,2,0,1,3,2,0
c294d0015209197b9f10df249ddf1fcfb0a4be67,0,7,0,2,1,0,0,0,0,0,1,0,0
c30724208aae517995d2f42b6839b98d8eabf8fe,0,0,0,0,0,0,1,2,1,2,1,4,0
c31bb7fc707455759f6916ee374ec0f8f2049214,0,0,2,3,0,2,0,0,0,1,0,3,0
c33177d971e649cad65f4f236219af526dfcc8c8,0,0,0,1,0,3,3,2,1,1,0,0,0
c3457359a029f13316ac35342e968b2cf90a5d23,0,1,0,0,8,0,0,0,1,1,0,0,0
c3d73a4ef1ba833bbf9f7ea6b7f8866c51723f88,0,0,0,2,0,2,0,1,0,1,0,5,0
c3f7a4c6c515060119cf5f82a6581310ad0e80f1,0,1,0,5,4,0,0,0,0,0,0,0,1
c3fe437bc51805e9ca8cc075cb561506bd22f51a,0,0,0,0,1,4,0,0,0,3,0,3,0
c422f4bd931e946e3b7f02eec608218aed2996b6,0,2,0,3,5,0,0,0,0,1,0,0,0
c45aa8c80c6333f1969c6630d95ec85380cbd2b5,0,9,0,0,0,0,0,0,2,0,0,0,0
c47a34f0933ed05c6b586e8aea9d1993c96bd5ee,0,0,0,1,1,0,2,1,0,2,1,1,2
c4ce0315ede63bbf76a530aa8a7b677eba8ef0b5,0,0,0,0,0,2,3,5,1,0,0,0,0
c510c05d5a7e1122e727fcb80c20cc466b47a6e8,0,0,0,0,0,2,1,3,0,4,0,0,1
c6499cc5c525c82b76183908e366e47996cc334a,0,0,0,2,0,2,0,1,0,0,1,3,2
c66c763aa68c6e6989368e568d55762064541468,1,0,0,0,0,0,4,0,0,3,3,0,0
c6776f5f6e1fff46747110682652cc8ed42b8562,0,0,0,0,0,3,2,4,1,0,1,0,0
c698bcf74e9cd25cad5b73ae19117bdfa781a1c4,0,0,2,0,0,5,0,2,0,0,0,0,2
c69c717ed0b2340b4212f03295b4dca7f0a3d904,8,0,0,0,0,0,0,0,3,0,0,0,0
c7315dee926a14af94e4061fc72f35f03812fa1c,0,3,0,5,2,0,0,0,0,0,0,0,1
c7ab148631db09988d9d588eb522febf5d062b0c,0,2,0,3,6,0,0,0,0,0,0,0,0
c80044f3fe2d99840e13a4361940ede03924e6c7,0,0,0,0,0,3,2,2,1,0,0,1,2
c80fd7cfa12766a0a47778a575899c8449ebd96a,0,0,0,0,0,2,0,2,2,1,0,3,1
c85e64fa1fcd164ff4201edb7df4b0ad32397c0b,0,3,0,2,5,0,0,0,0,0,0,0,1
c8633de1c6c212dc031f5a03ec7b6305ea1d2cd9,0,0,0,0,0,1,2,2,0,0,0,0,6
c874e00038047eb1cd53296b9bfec7951904273b,0,0,0,2,1,2,1,0,0,0,0,1,4
c8d2247a22ad8b8f4fde0007513dd8fc74777d7a,0,0,0,0,1,2,3,0,0,3,0,2,0
c91283fa0b74e779367ecc2b051d40fd07a170ae,0,3,0,0,1,2,0,0,2,1,0,0,2
c94f96f58ad7da3629310b15f991057a7fa7b5ec,0,5,0,1,5,0,0,0,0,0,0,0,0
c981a35005b7e91d91f7d268df515e67114832dd,0,0,0,4,0,0,0,4,0,3,0,0,0
c98dd201f454babedba3bfa5abba51577276b7f3,0,0,0,0,0,1,0,1,1,3,0,4,1
c9aa2d84e7f8a4127290fb95dfe3ee190231fb7e,1,0,2,2,0,1,1,3,0,1,0,0,0
c9c1ea82cc82bde04c1c43478c250ed73a5246be,0,0,0,0,2,4,5,0,0,0,0,0,0
ca86fc195ca7cac4a9e1c493a3946a8eb8f90414,0,3,0,0,4,0,0,0,0,0,2,0,2
caec02037f1f3aa1a8c00c3959f6ad51567bbbb9,0,0,0,3,0,0,0,0,0,0,0,2,6
cb00e3cd3ee12d934264436f72408aa674d84ff8,0,0,0,2,0,2,0,3,0,2,0,2,0
cb04b6d7df677e4517b7eb7588d17bd3d6042a6f,0,0,0,0,1,1,2,5,0,1,0,1,0
cb83a68c0d5d5d8b81284d94c3e4642715729d66,0,2,0,5,2,0,0,0,0,2,0,0,0
cb875e63466548d5dbad933c1b18f3ffcb3b4415,0,0,0,0,0,0,5,0,0,1,1,4,0
cc2868591710476a3a42f11b83c5d022168a23d9,0,0,0,0,2,1,2,2,0,1,1,2,0
cc4ec48635bee0e98db6e6deb36f2376d5250357,7,0,0,0,0,0,0,0,0,4,0,0,0
cc55ab5855630e4475c1bd10eba50f2377565833,0,0,0,2,0,1,1,0,3,1,0,2,1
cc69236b391485da78874f3754b8e2a8ae1b6416,0,0,0,0,0,3,2,1,0,0,3,0,2
ccacb6ebe67e360946bf53679410dc283626400e,9,0,0,0,0,0,0,0,2,0,0,0,0
ccf4dcfaf651ce3f85e9e4195ca1ef02b854e2ea,0,4,0,1,4,0,0,0,0,0,1,0,1
cd08ed239f67d14524d79ddad7e1b55748737936,0,0,0,0,0,3,3,0,0,0,2,3,0
cdbeb0b67be5a81fa1d642eac96fc02286b55bb4,8,0,0,0,1,0,0,0,0,2,0,0,0
ce6417a904a1b61d0e01f1c336b94ccf910200fe,0,0,0,0,1,3,0,3,0,3,0,1,0
ced7341a2ba0d0a78e8313e09c727a3e798ea79a,0,0,0,1,1,4,0,4,0,1,0,0,0
cf2401f53b9d465cb8e763b7e3a0d960338fc170,0,7,0,0,0,0,1,0,2,1,0,0,0
cf48b8bc4569962d76c8498e7113494241c4460a,0,0,0,1,1,1,1,1,0,1,0,2,3
cf4f2a949f8954003da8cf83ddd180172ea9ffd0,3,0,0,0,0,0,0,0,2,6,0,0,0
cfe03940d6a46234dd496865deff91b912d7dfa4,0,0,0,0,0,0,7,0,0,0,0,2,2
d12cf05fcccee5632f3679754071a668104acb87,0,0,3,1,2,2,1,2,0,0,0,0,0
d14473c035728ab7eaf1f953a43b89475e3f5111,0,0,0,0,0,0,5,1,1,2,0,2,0
d14a99a195b75be093a366f19f58a7dd83b0ff44,0,0,1,0,0,4,0,3,0,0,2,0,1
d2c684a470908c0116565b3aeaf6998ce696b955,0,2,0,2,3,0,0,0,1,0,0,0,3
d2cbfd62daadee813d147e02f2fd5279a83e77fc,7,0,0,1,0,0,0,0,0,2,1,0,0
d2f39ff1b41d5a583a50617f511ae72152f8a109,1,0,1,1,0,2,1,4,0,0,1,0,0
d3334f68ca899fb59b7058f42ae729d4d1eec937,9,1,0,0,0,0,0,0,1,0,0,0,0
d33818435a083fac7d6aacdd95a07db292b96a0c,0,11,0,0,0,0,0,0,0,0,0,0,0
d3496b4e51d4d675f72e3f787bbac4ca41617f45,11,0,0,0,0,0,0,0,0,0,0,0,0
d363cae3703d63b3caf19aa42a6b6f2ee0f372a0,0,0,0,0,1,1,1,2,4,0,0,2,0
d3dac2fc80617d137a8cc3f61fac6a3ee7d8f0e7,0,0,0,1,0,2,1,1,0,2,0,2,2
d4099a7d9e440bbdd21da7508139352d14f190f4,0,8,0,0,0,0,0,0,0,0,3,0,0
d40ed37975d8e63692f522b296dd0dee9feb917f,5,0,0,0,0,0,0,0,1,5,0,0,0
d411989b2b2ef17bf66fd6669e913893cf21181e,1,0,0,0,2,0,4,1,0,0,1,1,1
d490676c8d7dda336889e5fbaf571cc5c0b239dc,0,0,0,1,0,1,1,3,0,1,1,2,1
d4b381a743fca5f4730b0b78eb47dd922a7f3f29,0,0,1,1,0,2,0,4,1,0,1,0,1
d540348e8b3627ca7a9ab4098c67c8fee6a00544,8,0,0,0,0,0,0,0,2,1,0,0,0
d56c01fe06c1fb8a8fe01f03c334b8df88eb2d78,6,0,0,0,0,0,0,0,0,3,0,0,2
d588501a9694df21a4fccc01e3d8386fc2645483,0,0,0,0,0,0,4,1,1,0,1,4,0
d595b716aa67e95bee82b76cb86d677aff6a8440,0,3,0,3,4,0,0,0,0,0,0,0,1
d678e954a5de04debe48dce771a91cff0d19cfa8,0,0,0,2,1,0,2,3,0,1,1,0,1
d69adac159f147a50430c4d2cb698f652b6b78b9,0,0,0,1,4,0,0,0,1,1,0,2,2
d6a068ecb4c19a8fa994b104e1725b952439153e,0,4,0,5,2,0,0,0,0,0,0,0,0
d6dc487bd7db5a3bc282c061414e618bf97dd2b6,0,0,0,0,0,4,3,1,1,0,2,0,0
d6e80a9c76175e7e83ce8bb5c70b71ae00abf57a,7,0,0,0,0,2,0,0,1,1,0,0,0
d7962cfdf7f090f025e024d1dd66cce870ae2934,0,0,0,1,1,0,1,0,0,1,2,3,2
d7d5ffd5fd61d6a1611f6ab019c0731022c3d6ed,0,5,0,4,2,0,0,0,0,0,0,0,0
d8598db12363a48deec894546ccb7b41b27edacb,0,7,0,0,0,2,0,0,0,0,2,0,0
d892b57c3e8c5e2c6d3c3a97a201920c2f478ee9,0,0,0,1,0,1,3,0,0,1,2,1,2
d94d172251fc316d41feed4d3fde3f2b54215cd3,0,0,0,1,0,1,4,0,0,3,1,0,1
d963481f1206f4a0c9ca1094922210de3a6702ca,9,0,0,0,0,0,0,0,2,0,0,0,0
d96e8b0d7b9a4c648e08943c63f3244f8fdcf983,0,0,0,1,1,2,1,0,0,1,0,2,3
d979acce33e6ac9f86e103f30f051615cc42a568,0,5,0,4,1,0,0,0,0,0,1,0,0
d9ab425f239ecd759acd43ca3a80aa988a5f044f,0,1,0,8,1,0,0,0,0,1,0,0,0
d9c3509a4e41b34b3b6bd0e601fa3caef38c5e95,0,0,0,0,0,1,4,4,1,1,0,0,0
d9d386d25e60d65c58037cf78e9f35a07a935b41,8,0,0,0,0,0,0,0,0,3,0,0,0
da676a7914b51eba833f7b0afc3cc94bd7acf0ef,0,0,0,0,2,2,0,0,0,3,0,2,2
da97dbb8a6be921e5151d3a02f15fa1d6cfca9f1,1,0,0,0,0,4,6,0,0,0,0,0,0
db0ef93cec9a4b808fabd79ff3fa457c7dcb1c8a,0,0,0,2,4,0,0,0,0,0,2,0,3
db54f5c76317a270111565e280b1c31de7dd6ab8,0,0,1,1,0,1,5,2,1,0,0,0,0
dc517abd96e3803870ce86cb7e08c5368307bd91,0,0,1,0,0,2,3,3,1,0,1,0,0
dc6a4509076132f82cf71f63fa08a6ae923c89ba,0,0,0,0,0,1,3,1,0,0,1,4,1
dda6a3e2ef14c0e05236039ebf374a7e22f73d78,0,0,1,3,1,3,0,2,0,1,0,0,0
ddea1562247b370531724c37c91f8d7714dd923a,0,0,2,0,0,2,0,1,2,1,0,2,1
de136e95cfdee4f8ec33f4dc4eadd6717ef6037d,0,1,0,5,4,0,0,0,0,0,1,0,0
de343e0c8d25e011a5edb8fe2c14fb7e33413733,0,0,0,4,0,2,2,0,1,0,0,2,0
de40647fd79cd0474e304c05bc11e0305ed5171a,0,0,0,1,0,1,1,0,1,0,2,2,3
de45fa505f4703451424c8bf19125df36f30ef75,0,0,1,2,0,3,3,0,0,0,1,1,0
de79f61758978ad3c58ba82dfaa7abbe8da02f49,0,0,0,1,0,4,3,2,1,0,0,0,0
deaa11a07bc6cf354b3893be93ce30d2b4defdd1,1,0,0,0,0,1,5,0,0,1,1,2,0
dece907428e77dcf1d8a74b6279e36cbf7caee67,0,0,0,2,0,1,2,0,0,0,2,2,2
dedf4be0a552ecb3470e40bc738927e81704dc81,0,0,0,0,0,0,1,0,2,1,0,4,3
deef79ed5c7e100354b1a00abc19d30caef1a6fa,10,0,0,0,0,0,0,0,0,1,0,0,0
dfc399c3924a0572559c06b1756bae4f36f5c204,0,0,0,0,1,3,2,0,0,2,0,3,0
e06fe82435c12e5f0da90fc2c6d30554fa4adc51,0,2,0,5,3,0,0,0,0,1,0,0,0
e0a4d293402c369e7c8c8c0785df94fcfd38c530,0,0,2,2,0,6,1,0,0,0,0,0,0
e116c1ae4f15a8cea199add52a3e3fe3b026dc91,0,2,0,1,8,0,0,0,0,0,0,0,0
e11946f8b9378759e7559756d31273ee5b00507a,0,1,0,6,3,0,0,0,0,1,0,0,0
e133f977b06d803973660a2e8a39dd8e7389c460,8,0,0,0,0,0,1,0,1,1,0,0,0
e18ccfea38632ac5850b9fea6165f4f1da30b1e6,0,0,1,0,1,2,0,0,2,1,1,3,0
e21ba816fa033456ff06dac0850af7b4499c64ab,0,0,2,3,0,2,1,1,1,0,0,1,0
e22e5df4f1e13fa1691c3096cc79e44e53eb13ff,0,0,0,1,1,1,2,1,1,3,0,1,0
e2c26c9d182184a74b2ff7240d543dd75a2e85d1,11,0,0,0,0,0,0,0,0,0,0,0,0
e2c825d24165588946ef583856f554904b8fede6,0,0,0,0,1,0,4,2,0,2,0,2,0
e3291495cff6ff4e4b7a3e09fff700c6f3875921,0,0,0,0,0,4,4,3,0,0,0,0,0
e38efe1c0b738508465a1e3ca2d51e4c5831f966,0,0,0,1,1,3,2,0,0,0,0,2,2
e3a4f04fd079cac19b733a26664783c91042b407,9,0,0,0,0,0,0,0,1,1,0,0,0
e3c0e549784b3924d37832beb22941b4f00d4597,0,0,0,0,0,0,0,1,0,1,2,5,2
e437f67986dd5b28312638e6d2a1c289746d7a9a,0,8,0,2,1,0,0,0,0,0,0,0,0
e4607060bb50839a216bc5ea49d308031d0910e8,0,0,0,2,0,6,0,2,0,1,0,0,0
e46e101617dff0cb33957562837bd74ead085d3c,0,3,0,4,0,0,0,0,0,0,1,0,3
e47c7fbd30a6de78122ca36c492fb01307d25369,0,0,1,1,0,5,0,0,2,0,0,0,2
e47cd78589110f97d525580eec0c70bbe6bdd8ff,0,0,0,1,0,1,2,1,0,2,0,0,4
e4b6805fb22316c49b1f6a097b84d85b87d16816,6,0,0,0,0,0,0,0,2,3,0,0,0
e52ff79568487b5a75811e7084de71eb69c03df4,0,0,2,2,0,5,0,0,0,0,0,1,1
e59e47c15cf73fb88a16f37a3a2a4c8b3d7f90f7,0,3,0,1,3,0,0,0,0,0,3,0,1
e5cf3fe4f8ac27724c113cd27fb77d8597623884,0,0,0,0,1,0,1,2,1,0,0,3,3
e5ec6e9f15702512cf23ca2171fd93c16e51eb56,0,1,0,5,3,0,0,0,0,0,1,0,1
e61a8e55c661530d283fb25229eba1b3ddda5c57,0,0,1,0,0,0,1,1,0,2,1,1,4
e62bb50afe55d237d8725a9c0a70ac240e4e6043,0,0,0,1,1,0,2,2,0,2,1,1,1
e62ffc2eb069c99db5f7864ea93f9646cf93a2aa,0,1,0,4,2,0,0,0,0,1,0,0,3
e680b08b3051921d93e7efa0dcbe8497fc5f38fa,6,0,0,0,0,0,0,0,3,2,0,0,0
e68ab9abf1821093f0fb5941558d832759416cce,0,0,2,1,0,0,5,0,0,3,0,0,0
e6a90c663f5c9c9f6f5a7968a5a2246921dd07d8,9,0,0,0,0,0,0,0,1,1,0,0,0
e76cd68a7399dd36129d193e6e77276fe55e2f69,0,0,0,0,0,2,0,1,1,4,2,1,0
e7871303e2144069f93a6b125c9a17596c68db5d,0,0,0,0,0,2,2,3,0,1,0,2,1
e7c0359e811f6d35d17bf701421dd8a6b0dc4b33,0,11,0,0,0,0,0,0,0,0,0,0,0
e7f10c07292388f34b9c1c9127afe3cfde946fc7,0,0,0,0,0,3,1,2,0,0,4,0,1
e812fd93deb3a4f47ec927c0714606d13fb2c36f,0,0,0,0,1,3,0,2,0,1,2,1,1
e831b25bd21aeaf8c08bcc7a7cb02debf7ded88a,0,0,1,0,0,2,3,4,0,1,0,0,0
e8e9706a275351330c2a598644609801fbe5e40e,0,0,0,0,1,5,1,2,0,0,0,2,0
e99b8db71a853c9e2a6b2664daaf3b12318f689a,0,5,0,1,3,0,0,0,0,2,0,0,0
e9c187e067178362210b4001cee7ee6a7d7d32d4,8,0,0,0,0,0,0,0,1,2,0,0,0
ea08f61ca47b6e596e47110ccc460a4042d326a9,0,0,1,2,0,4,1,1,0,0,1,1,0
ea87f41db1fee185fcafa072cd7d598aafb64d4b,0,0,0,0,1,2,2,0,0,2,2,2,0
eacaa01f41b3bf2e6ed7cbc13ecac7eaecb20548,0,0,0,0,0,0,5,2,2,1,0,1,0
eb1c56ce7d0dc71e9284b8caaba801a48f968484,9,0,0,0,0,0,1,0,0,1,0,0,0
ebe337458cd69f305a863235abbaffbcc85bb0e1,0,2,0,1,5,0,0,0,0,2,1,0,0
ecb4e3a1eccc0d0bc2586e04db95235d7e00cae5,0,0,0,0,0,1,3,1,0,2,1,1,2
eccee72ec9520e418bb663dc28d561ba403cf490,0,0,0,0,0,0,1,2,0,1,0,3,4
ed394c01f337ae9010dbb4f8995e9e42691d2662,0,0,0,0,0,2,3,1,0,0,2,2,1
ed92345893f532f9d4314e754886687a00b245af,0,1,0,3,6,0,0,0,0,0,1,0,0
ed957bad7c5a19fd6ca38f6fea49521c5fbd5977,0,0,1,0,0,3,4,0,0,2,0,1,0
ed9a598c2f099652ac47a1e766615107ff997ac5,0,1,0,2,7,0,0,0,0,0,0,0,1
edef0c0dccddd348f1833be17ee3cd4da09b6ed1,0,11,0,0,0,0,0,0,0,0,0,0,0
ee079f94d59711cb5e148547158d5a791c443ecf,0,2,0,5,2,0,0,0,0,0,2,0,0
ee3ac23e969a4871c68d6d63bafebf66390be0e8,0,0,3,0,1,1,2,1,0,2,1,0,0
ee7a17986fd6c09b3f8ca122ab2314d0cebea282,0,0,1,0,2,0,5,0,0,0,0,0,3
eea3c37fd51c99bc8cd093b81b43c1e4f1c71778,0,0,0,1,0,5,3,0,1,1,0,0,0
ef23251e40e68bf3c3a94a84156fafdb96bded99,0,0,0,1,0,1,3,0,0,0,1,2,3
ef89e42b094662713b28fac9d5e80d1c75662d50,0,1,0,4,2,0,0,0,0,3,1,0,0
efdc8891a99b0a90d5e13cdd3d1c899ba4cb2704,7,0,0,0,0,0,0,0,2,2,0,0,0
f05f5902ce7adcd125ae9c2cdf9848d204c4091d,0,5,0,4,2,0,0,0,0,0,0,0,0
f07aa93002d56081762ead475950129c9676043d,5,0,0,0,0,0,0,0,4,2,0,0,0
f0ae593502de7a67bad1a1cbc6cf315c3bf0c4c3,0,0,0,5,3,0,0,0,0,2,0,0,1
f0d354db2e93a5c561add05b90233c3ca63badcf,0,3,0,1,6,0,0,0,1,0,0,0,0
f0e1e002e8a2373520cdbfa8e5ca11ff00de806d,0,6,0,0,4,0,0,0,0,1,0,0,0
f13cfed3c97ef4b004dad2335e9535e3af00f36f,0,8,0,0,0,0,0,0,2,0,0,0,1
f1aa001103fe920b3562244d5787343e9449d8b5,0,1,0,3,5,0,0,0,0,1,1,0,0
f1fa9f10ef87e70cbb4a293e5c436366870756f3,0,0,0,0,0,2,4,2,0,0,1,1,1
f20c1ee89bd0a9f9cbe3da96bc0807f4227aef1e,0,0,0,0,0,0,2,1,1,2,1,1,3
f285efd40904ad29e3c4845e2a1217210e6b6d3f,0,0,0,5,3,0,0,0,0,1,0,0,2
f2d0e3da15c2d5208f94d9ab9999c69cc3a616e5,0,0,0,0,1,1,1,1,0,0,0,6,1
f2d682df726635f0037a7071ea6577e45656553b,0,0,0,0,0,4,1,5,0,1,0,0,0
f33622bfd3d585a1045d1a955e0a88c2d0125210,0,0,1,0,0,1,6,1,0,1,1,0,0
f38d2a14f6a18b2628127eb82eb8a19eb4f46b90,0,0,1,2,0,2,3,2,0,0,1,0,0
f3993e0400c5b3b9ea137ab39bb8f9fffad7b543,0,0,1,3,0,2,2,1,2,0,0,0,0
f39f0d4bf7b6ccc4de4aa76d9f2d3674b81706fa,0,0,0,1,0,0,0,0,0,2,2,2,4
f3ce5609473e87b1447207b5f6825927e9b1c378,0,1,0,3,5,0,0,0,0,2,0,0,0
f469ad1dfd7c24cee5a136df4fa8b88f69c01a17,0,0,0,0,1,0,4,1,0,0,1,1,3
f520383809a6a6770de56db8a135c0d6a854fa13,0,2,0,3,3,0,0,0,0,0,0,0,3
f52312419e8d5a35ce51ba3b1606d6d4c8058317,8,0,0,0,0,0,0,0,0,3,0,0,0
f543d8570d0a328c49a886f4b16d9553c2976ee0,10,0,0,0,0,0,0,0,1,0,0,0,0
f57f004cf8fa6569474f83e16e2775c9facd455f,0,0,2,1,0,5,1,0,0,0,0,2,0
f5e8f1407486fd995f435fd5d402be744a25cac1,0,0,0,1,0,0,2,0,0,1,1,5,1
f6d9494961b5348f3ac1e640c41354d683a0aec0,0,0,0,0,0,2,2,2,0,2,2,1,0
f6fe82c13eb67da29419b17ada230ca798d7a013,2,6,0,1,0,0,0,0,0,0,2,0,0
f779395efa2c07c99ef8f6dcf4140ffc528ce750,4,0,0,0,0,0,0,0,2,5,0,0,0
f7833f7e78bfdea17415a5e7bfe52879ac6a84ab,8,0,0,0,0,0,0,0,1,2,0,0,0
f78d1ed29d6546a80d91402459c152c99fbe7b13,0,11,0,0,0,0,0,0,0,0,0,0,0
f7d2b643320a582d95c1eb5f2271b7b056f4bb4a,0,0,0,1,2,4,1,2,0,0,0,0,1
f809b01f56607fd2b600efea6427d37b1e44f858,0,2,0,2,7,0,0,0,0,0,0,0,0
f81093537d48a06dd4e3855575dd13695c666121,6,0,0,0,0,0,0,0,1,4,0,0,0
f83bdfe7496266b9ffd084ea848ab608540a30ab,0,0,1,1,0,1,1,2,0,4,0,1,0
f885cde4e3107ea3fb89dea565fb4d1adf212332,0,0,0,2,0,2,1,1,3,0,0,1,1
f8c3441ea4b60cd260a375941302da4fa36e2ada,0,0,3,0,1,4,1,1,0,1,0,0,0
f8eed0c475620d77b4a442b650ba7ccc8a1d80c1,0,0,0,2,0,0,0,0,0,3,0,3,3
f9184133c32c0c492a456379def825bb4f7bc98d,0,0,0,0,2,2,0,2,1,1,0,3,0
f918b918485b847dd8f9bda25275f42b771f2f5e,0,0,0,1,2,0,3,0,0,1,2,2,0
f955b1b01975cb5118c8662509b7c35a06f249d3,0,0,0,1,0,1,4,0,1,0,0,2,2
f9a3ba42430cc64688d53fb61bd877a9500471df,0,9,0,0,0,0,0,0,2,0,0,0,0
f9d4eba8c044c2ba54fdc7db13f95012ea0a6b6a,0,0,0,0,0,0,0,0,11,0,0,0,0
fa7851e4fa8834a7e53460296992a36e312f5b42,0,4,0,1,5,0,0,0,0,1,0,0,0
fa9d05c1649940d58ca9fd26915dc078d5e0548c,0,0,0,0,1,2,5,1,0,2,0,0,0
faa392f204ce9610790822026d8ad92442abd8f9,9,0,0,0,0,0,0,0,1,0,1,0,0
faadef4520ebdd1b23a06001c68dd1c9966e1858,7,0,0,0,0,0,0,0,1,3,0,0,0
fb0f4a09cd696848ade029b407f7282ebcf53cbe,0,0,3,0,0,1,3,1,2,0,1,0,0
fb9a091eb67a0203083f9c4ecba8ba610ab2eeb6,0,0,0,0,0,3,3,2,0,0,0,2,1
fba71a0e6eef0c3172f64700a0ba9af2d12acafb,10,0,0,0,0,0,0,0,0,1,0,0,0
fbf25347c2ae4e39d8315ccc1075e12fab850c33,0,0,0,1,0,2,1,3,0,0,0,3,1
fc191f08efb858906807a56595067eac0e96424e,0,0,0,1,0,4,3,1,1,0,1,0,0
fc492fec5dc4ee774a241cfb787d1f8c02f1d6fc,0,0,0,1,1,1,3,1,1,2,1,0,0
fc695af373384038bb57a0020f87239f469529b7,7,0,0,0,0,0,0,0,1,1,0,0,2
fcd6d8306e914c01870afd444fbae88fa999cea9,0,0,1,1,0,4,2,3,0,0,0,0,0
fd6ccdd70bd12ea1485022f2f81e7ca25873f7a9,6,0,0,0,0,0,0,0,3,2,0,0,0
fd7b9e84bae06a80c3ea46d0417e846e642eadaf,1,0,0,1,1,3,1,1,2,1,0,0,0
fe6ef17bde4024df68e57b9977699b955e119d61,0,0,0,2,0,1,4,1,1,0,1,0,1
fe7f4b320b911b97b223732147929248cf9ba619,6,0,0,0,0,0,0,0,3,2,0,0,0
febbd76d555a05da65454d2cdb3a74cb225bec93,0,0,0,0,0,0,3,0,1,2,1,2,2
fedb116ff9db20266dc62c7412bc70ff26525531,0,0,1,0,1,0,2,1,1,4,1,0,0
ff39aee0f5d6f6914ee38a672a89fd9692807cc3,0,2,0,3,5,0,0,0,0,1,0,0,0
ff4aa282df289c5c6f5c1256199608cc2af69ef2,0,0,0,3,0,0,1,1,2,1,0,1,2
000c4ebe3c3b616635a37725c21fd9d1cf6bf27b,0,3,0,2,5,0,0,0,0,0,0,0,0
004dcf7e74228db96c7c3630de0461ae39c1d014,0,5,0,3,2,0,0,0,0,0,0,0,0
005a269fab799beabc920de50fbfce6a3cb69187,0,0,0,4,1,1,3,0,0,0,1,0,0
005cb44163927ab1db85027ae8ce61241e26fb23,0,0,0,1,1,1,2,0,0,1,0,2,2
0075dd7f3f7f1f0aa210fcddb3d3097ed3e8c1d6,0,5,0,2,3,0,0,0,0,0,0,0,0
00a960537e691096f258dca6a6a3e629b49ee957,0,1,0,5,0,0,0,0,0,0,2,0,2
00c699678341fbfbf6c3944563ebd0267f0bdb29,0,10,0,0,0,0,0,0,0,0,0,0,0
01532fa0eeccd10417d7c3dd3d641dae1ee49465,9,0,0,0,0,0,0,0,0,1,0,0,0
0171293ffa8ca4e863412cac57b78f08bfb6afae,7,0,0,0,0,0,0,0,0,3,0,0,0
018d0cad572aa17e5ff8bccbadccb191c0fd5c74,0,5,0,0,5,0,0,0,0,0,0,0,0
01c688dc3ca36348c6cfc4053b036dd2e44d739c,0,0,0,1,0,3,3,2,1,0,0,0,0
021c78ffede74c41f478a37ee02ddb603038d199,0,6,0,0,4,0,0,0,0,0,0,0,0
0298b2b7e33d2579f9deadd2385ac528f6c10c22,0,0,1,0,0,3,5,0,0,0,0,1,0
02bce86d3c405de455c4920df092dc736df70a4a,0,0,1,3,0,3,1,0,1,1,0,0,0
02d60442e771b6826aba49626c0a4694588aa286,0,2,0,6,1,0,0,0,0,0,0,0,1
0318d820073e5de20db5a1161a129dae3bc14ee6,0,0,0,1,0,1,2,0,0,3,2,1,0
03280164434851be7bc79e985962450902bfeee8,9,0,0,0,0,0,0,0,1,0,0,0,0
0336d18215065dea1af8773e7dafa9c600542791,0,3,0,1,5,0,0,0,0,1,0,0,0
03670e49d478f39efb6d1ddd5c69bdd7296f4cbe,0,0,0,2,0,4,3,0,1,0,0,0,0
03edeab82bfa4b830b04e1162ceae1e4b43b6abb,0,9,0,0,0,0,0,0,0,0,1,0,0
0423fad895630ce560bf52b676b32ce0370b53c0,0,0,0,0,1,4,3,0,1,0,1,0,0
044c1917a8a8fabbef0472ebb59e4e10bd58425a,0,0,0,2,0,3,0,4,0,1,0,0,0
044c25f0c1f75539ef6c91fb7c4196e993c357c6,2,0,2,0,0,5,0,0,1,0,0,0,0
0482d13fdd0c2f9e197151bac79875cf87760074,0,0,0,0,3,1,0,2,0,1,0,2,1
0494346c61c230efe25b6c45a2f77779db0422cd,4,0,0,0,0,0,0,0,1,5,0,0,0
049e3166d24e5a605e57b28a6b5f2cfea8485102,8,0,0,0,0,0,0,0,0,2,0,0,0
04b6f54d915b70ae67e7195945c260e8b6a661c8,0,0,0,0,0,0,0,0,3,0,2,1,4
04ffc1bf6fd012e73775a14373e62804cdfc4fc8,0,4,0,3,0,0,0,0,0,1,0,0,2
05e0be067bf09a055421cad17b24dd40a6d0b0a5,6,0,0,0,0,0,0,0,1,3,0,0,0
061ba3ad1e18206de1a8be94b6d9141a5d09ac0b,0,0,0,0,0,2,4,0,2,0,0,0,2
06231b54c546aff1cd713c9acc22e3095a76c1e6,1,0,0,3,0,3,0,1,0,0,0,0,2
0626c79f6f9d03fa9ef834ab8699982d74bbab0e,0,4,0,1,4,0,0,0,0,0,0,0,1
064fddc34f2394e30500d6fa453f92f0b04c9948,0,0,0,0,0,2,2,1,2,1,1,0,1
065fc701f8e6af77fb337e097ea073a20fd58846,0,0,1,1,0,3,1,3,1,0,0,0,0
06ae8f41eb77f8863ac8e9bf0c07d4058d914165,0,0,0,0,1,0,0,2,0,1,1,2,3
07276141caa14ee5562c793b666760965404d374,0,0,0,0,0,4,2,1,0,1,2,0,0
073675e83540b4fb3a6e5b7658cdd2eda5ac7506,0,0,0,0,1,0,3,1,0,3,0,1,1
074d7f730aa4eec38af25f5f315bf01913d9154a,0,0,0,1,1,2,1,0,1,3,0,0,1
07959d710851dbcdf13897b8dcf72a77fb095dbe,7,0,0,1,0,0,0,0,0,2,0,0,0
07a72c2458652db7198eda89c6066a91c64d4a61,0,4,0,3,3,0,0,0,0,0,0,0,0
08dad5ff46689218c0f0af5f4c83c44314e179f8,0,0,0,1,0,0,5,2,0,0,0,2,0
08de95f5e10b52bb0fa49f836949f9dcab9790da,0,0,0,0,0,6,1,2,1,0,0,0,0
08dffd1aaa46b64e9f35ad748e86ad7e393a9fa7,0,0,0,0,0,0,6,0,1,1,0,2,0
08e28c95f97c880383d353689ec88bdabcb1cb24,0,0,0,0,0,5,4,1,0,0,0,0,0
0973ab0af312ed163320dd77940429eee3a56ba1,0,0,0,0,0,1,5,0,0,0,0,4,0
099a88ac6776d3d595508cd76c89dca5104fcd64,0,0,0,0,1,0,3,0,0,0,0,2,4
09b09e3c14d5aa7896d6d06db84ec7d1bc9d8b5c,10,0,0,0,0,0,0,0,0,0,0,0,0
09dc0d663731ec4de9b47b0de79426e039dda979,0,0,0,0,0,4,1,1,0,1,0,3,0
09e7938842ad864081e449c371daf015bf1ae5c1,0,0,2,0,1,2,1,2,0,0,0,0,2
0a5d19e40e4ecfcf4382aa6d9b34031750f36376,1,0,0,2,0,4,0,0,0,0,0,3,0
0ad10427cc124b36be61ebbee4567ee587f706dd,7,0,0,0,0,0,0,0,0,3,0,0,0
0aec6265ee7052cade18571dd3fcc48541b930ee,3,0,0,0,0,0,0,0,0,4,3,0,0
0aee7247810c80fef3f2de3cbda6feb5a3e5cc55,0,2,0,5,3,0,0,0,0,0,0,0,0
0b8954d39ea758c7c8e5b3c389f1709d69b3ac3e,0,0,1,0,1,0,2,0,1,0,0,5,0
0bee838fbc6ffffeb1cb7f1bfff424ef4c5bd05a,0,0,0,1,0,1,0,1,0,3,2,1,1
0c2bd5172ebd772e9c6199eff27f0097bb678b28,0,0,1,4,0,1,0,3,0,1,0,0,0
0cb0699812f378355f9fa3e7a814673f876b4d75,0,0,1,1,0,2,1,3,0,1,0,0,1
0ce10bfd733d899037e6eea6a1e515feacd4fce0,0,1,0,5,2,0,0,0,0,1,0,0,1
0d0a35296af21a5f9496551c1740e9a46e22af14,0,0,0,2,0,0,6,0,0,0,0,2,0
0e4316b030e5a2cde00621887b93285ee97b5e26,8,0,0,0,0,0,0,0,0,2,0,0,0
0e638aea1b39a0b890f6b8a8e38a50a8eebbed05,0,8,0,1,0,0,0,0,0,1,0,0,0
0eb3d006f71567699ab224e71d1616f3e2cc589f,0,0,0,1,0,1,2,4,0,0,1,1,0
0ebd762b6a26ed4bb223a77f03d338d6a62e8513,0,0,0,0,0,0,4,2,0,0,0,4,0
0f1c258791b63779cb961515f3cfce4a05e9555e,0,0,0,0,0,1,4,3,0,0,0,2,0
0f2674adb21b0b3fec3bc6e401e94b5cdffbc47b,0,0,0,0,0,3,6,0,0,0,0,1,0
0f34cfb21de95d799ad18c420a60ba067c8887d0,4,0,0,0,0,0,0,0,3,3,0,0,0
0f457630aa16d70e50fd76da5c7bcb1c2d6656b0,0,0,0,1,6,0,0,0,0,1,1,0,1
0fff6b802dc835d5a447f68f59ef21e6fef835e0,6,0,0,0,0,0,0,0,2,2,0,0,0
10012ff6b73d7d6754b6e75c0b03ec5e21513629,0,0,0,1,0,4,3,1,0,0,1,0,0
1028a5b0d50734aa659de905d463ab1e03669c00,0,10,0,0,0,0,0,0,0,0,0,0,0
10a80b0b3e8a600e9e888800cdb192c8b4fb133e,0,8,0,0,0,0,2,0,0,0,0,0,0
10abde6553859be905ea443fd8311c9e77562982,0,0,0,0,1,0,1,0,1,2,1,4,0
10b4e080ee9e5fd606dbc487f8cc38c9b46dc649,1,0,3,0,0,2,1,0,0,1,2,0,0
10bcea4ebcd8f470b297915ed540f59c403a78ee,8,0,0,0,0,0,0,0,0,2,0,0,0
10c0bfab396f30bd26050effaefc2450eaf63832,0,9,0,0,1,0,0,0,0,0,0,0,0
11646c4aabeaf9db16277a2e074c7e0edbb1f6aa,0,0,1,0,1,1,1,0,0,2,1,0,3
11719f39254f0bdb871630b5e38686098dd8e250,0,0,0,0,0,2,5,2,0,0,0,1,0
1221f1a72b4a19d67fc793c4d3d08f041da0b925,0,9,0,0,0,0,1,0,0,0,0,0,0
123ad3fd3c8145589492fd09bc119a0a4e2f9865,0,0,0,0,1,0,5,0,0,2,1,0,1
1249f900b53cc5f1a3e3be4120268e40d6cc6fca,0,0,0,1,0,3,1,0,0,2,1,1,1
12574b222ce6d79648379f85564358a10a4451e6,0,0,0,0,0,5,2,1,1,1,0,0,0
12689f40c8a5e85650cfb4d05440115096bcb585,0,0,0,1,0,4,1,0,1,0,1,1,1
12698f7aa8bc4f71f0aad30ce5e008926d2cc1c3,0,10,0,0,0,0,0,0,0,0,0,0,0
126e046faf8ce931f29bb7db8c05dd9854f2dec2,2,4,0,0,0,0,0,0,0,0,0,2,2
12a1b2eddd0346e46c233e03d69b4be8ab08cca3,0,0,0,0,0,3,2,3,0,1,1,0,0
134550b11ebe7fdf9a5f648247a90a7b30c093c2,0,0,0,0,2,1,0,0,2,0,2,1,2
1348cd45302abf180e10095d9a1892d8705bd18e,0,3,0,4,3,0,0,0,0,0,0,0,0
1372cb433c159cf8ee9b066b5b421a5d754e8684,0,0,1,2,0,3,0,1,0,1,0,2,0
139620b36c81dc3dc15531ee50f2988a9405e01e,0,10,0,0,0,0,0,0,0,0,0,0,0
14a144aa8ebc6843f6ee69bcf4911f3c17d862ec,0,0,1,0,0,7,0,1,0,0,1,0,0
14b5d991ec1af563ce6a5fc3789fcee71071fbc6,0,0,0,1,0,4,4,0,0,0,0,0,1
151464086e5443fca46e592c835495c686c918cd,0,0,0,0,0,2,1,4,1,0,2,0,0
15b9b3886389f39693bec308f75d50d9e99ffd25,8,0,0,0,0,0,0,1,1,0,0,0,0
15ddead9ecb1b006c4bb5ecd47f40b382baf0842,6,0,0,0,0,0,0,0,2,2,0,0,0
15eb668b24d48c17462d7b0e4297892d968edeb4,0,2,0,1,6,0,0,0,0,1,0,0,0
165a64d9712039dc8f247f35c17d0a349e084dc7,6,0,0,0,0,0,0,0,1,2,0,0,1
16714c40ee7437e296772713eebe2dd02487dc38,10,0,0,0,0,0,0,0,0,0,0,0,0
169adcfce62e252150566190c7320ca0149ba049,0,0,0,0,0,0,4,1,0,0,1,4,0
1753861ae8e85dbda6be2eb3bc0b03b744d1842e,9,0,0,0,0,0,0,0,0,1,0,0,0
17608be4c763a788934bfbf307311b5288cd8f98,0,4,0,1,4,0,0,0,0,0,1,0,0
17739c1ea01a50f539ac1a430f69a33f207a9804,0,9,0,1,0,0,0,0,0,0,0,0,0
17a7063a0a51d3854195173f04407fc819edd139,0,0,1,1,1,3,2,2,0,0,0,0,0
17e1393cd7065712ee9bc614576ee321b31ef8df,8,0,0,0,0,0,0,0,0,2,0,0,0
1837f7c5a6d65a5db62caa97f70a853779b94862,0,0,0,0,1,2,4,1,1,0,1,0,0
18b41cce04a0b9553901bdf179e029923f36694d,0,0,0,0,0,1,5,1,0,0,0,1,2
18ec10494dfcceab3ff42925ed050a0fba578369,0,0,0,0,0,2,1,0,2,2,0,1,2
190802d32ffc4a122ce138a42ad59d10bdb10ea0,0,0,0,1,0,1,0,1,1,2,2,1,1
1954dcb721e24d893c7f0c2997b5a766d589092f,7,0,0,0,0,0,0,0,3,0,0,0,0
198227ff8a864a01043fdb2219a9fd12b09568c6,0,8,0,0,0,0,0,0,0,0,0,0,2
1986d503b786c4d6a6b97fce09983663b442a757,0,0,0,2,0,0,0,1,4,0,2,0,1
19a0ead0c6b49a531fd0a4f97f62924fd3cc5cf3,0,0,0,1,0,0,3,2,0,1,0,2,1
19bcb2b0610d32202410242a5dab631ecb77eb51,0,3,0,2,5,0,0,0,0,0,0,0,0
19dc427d8284b810ca348ee547ee64f729fa2134,0,0,0,1,0,3,4,0,0,0,0,1,1
1a0cd71d279f2bf8e7bd90432c3b867f2fffe076,6,0,0,0,0,0,0,0,0,4,0,0,0
1a43d323bbc39c8b05948dbc7687bd4bb720d033,0,0,0,1,0,3,2,1,0,0,0,2,1
1ad8bc9fb9e47d7de6e191caee9aa8edccf32a09,0,0,0,0,0,3,2,2,0,1,2,0,0
1b5d93ecc38a278a5d207d63ba19039683a8bdcc,0,7,0,0,2,0,0,0,1,0,0,0,0
1b69eb5deaca56c3d4c4c8f7379bf0ce66cd403f,0,4,0,2,2,0,0,0,0,2,0,0,0
1b7ce0d71877abe2f400a7a3f4df4869128708c4,0,0,0,1,0,1,4,1,0,0,0,1,2
1b94d331d567a9e122e90dc67cc0f5ae760f3418,0,0,0,1,1,1,2,2,0,0,0,2,1
1bb1558c53ceca93cfa7574d07f683f4d54eb2da,0,0,0,0,2,1,4,1,1,1,0,0,0
1bb1ae818c2f174c927f029bf7fb7b03bd9a7121,0,0,0,0,0,9,0,1,0,0,0,0,0
1bf43ad3266055d50f953fdad2f73dcb54dbcb9e,0,0,0,0,0,1,3,0,0,4,0,0,2
1bfaca93676b3b9078c5f524e51a6458d1a77bd7,5,0,0,0,0,0,0,0,0,5,0,0,0
1c3509c79aca6fc3e3c285c8c663a606b14fd29e,0,0,0,0,1,0,2,0,0,2,0,1,4
1c9b10ff097b3f67572e9585f879afe212b0a78e,0,10,0,0,0,0,0,0,0,0,0,0,0
1cbbbc3d46f340da3c67510f0869a720e3cb2412,0,0,0,0,0,1,3,1,0,2,1,2,0
1d0f0ce211390e886c0bfbcc01d4cf8996227331,0,7,0,0,1,0,0,0,0,0,0,2,0
1d67f5b767892a339567eb640b87c63b62a55429,0,8,0,0,2,0,0,0,0,0,0,0,0
1d68f29ef4225e20b58abdbd68bb614e13795223,0,8,0,0,2,0,0,0,0,0,0,0,0
1d760f4c56e6ba9c987d6d36af7e57b39b66d0f8,9,0,0,0,0,0,0,0,0,1,0,0,0
1dc8d73a03203aa941df600289ede1bc94146f46,0,0,1,0,0,1,2,3,0,1,0,0,2
1ddda1bf9abcc57ce4ccbb77ed54b182b108552b,6,0,0,0,0,0,0,0,1,3,0,0,0
1e18db41170fe114901f20782a240452dbd74c23,0,0,0,1,1,1,1,1,2,1,0,1,1
1e26ae6e990c9dba129478d704cc3f4b2307b83a,0,7,0,1,0,0,0,0,0,0,2,0,0
1e4659eca014b3415e0f53efbc48cc607ce9b64f,0,0,1,1,0,1,2,3,0,0,1,0,1
1e6bc179ae578151c642e23c6e5fa090d97461a4,0,0,0,0,0,2,1,0,0,2,0,2,3
1eaca044467538311fffd27dd27e85664f024d11,0,0,0,0,0,4,0,5,0,1,0,0,0
1ece3c0bb591383697b565f72d2d40cdce964d7e,0,0,0,1,0,4,2,3,0,0,0,0,0
1ef40d004a43dfb14821e894643604a32c2dba97,0,1,0,3,6,0,0,0,0,0,0,0,0
1f18b075f097d99989c8d5bc3baf7249f991bee9,0,0,0,0,0,0,3,1,1,2,0,0,3
1f46708d581b5f710f79363ded7e03ec4d58f5a8,7,0,0,0,0,0,0,0,3,0,0,0,0
1f4af894e15b016eb53b640c38ef6e90684bc68c,0,0,1,0,0,0,0,1,1,2,0,2,3
1fe1d5a44915ab9ddc81265d70cfa4e8f200047c,6,0,0,0,0,0,0,0,2,2,0,0,0
205ba68cc50929d6bd627c53044e78b9137c38d6,0,0,0,0,1,0,2,0,0,2,1,1,3
20687e6fb59cc3339b837e304b2414fafda2f276,5,0,0,0,0,0,0,0,1,4,0,0,0
20bd205b678d0433a146d4e91f4ef09094c54724,0,10,0,0,0,0,0,0,0,0,0,0,0
20e29f6a3998ff2c0c3921f5cf75caeb98bba416,0,0,1,0,0,5,1,2,0,0,1,0,0
21226fa3b41167cde9b75baab7267755289fc3f1,0,0,0,0,1,2,4,0,0,0,0,0,3
214f7611c632d0281a712c1b2d26d8f987a17c8d,0,0,1,5,0,2,0,2,0,0,0,0,0
21fa8b573d5a73b3dfc771b9b67f2249555ba07f,0,0,0,2,0,1,1,1,3,2,0,0,0
22360300da7ebbb4719abdf2f60792681de7003d,0,1,0,3,5,0,0,0,0,0,0,0,1
225be625f67a141665dd1be63ae39c307b5ebafd,0,2,0,1,7,0,0,0,0,0,0,0,0
22eaf52655040a7749c9c3499c1d576e5118742e,0,0,0,0,0,4,2,0,0,0,2,2,0
22ec0d78bf0d41ebdb7b06e5b06bf23d901f8983,0,0,0,0,0,0,1,0,1,1,0,7,0
233ac8d8dbe099efa6b124c22e53c06caf841259,0,2,0,0,5,0,0,0,0,0,1,0,2
23bbf75b416a39d439df40c8900523558a5490db,1,0,0,0,0,2,1,3,2,1,0,0,0
23bedd5272d2649413e4e64c46f94e55c414057e,6,0,0,0,0,0,0,0,1,3,0,0,0
24aa1e92a4a36b8af493c6efa33d38a2525be56a,0,0,0,1,0,2,3,1,0,1,0,2,0
24cbe104a08e76f1e5d23332ffe0a9402636caa2,0,9,0,0,0,0,0,0,0,0,0,0,1
25af0e8114db51199101ea78031096750dcd0805,0,0,0,0,0,1,3,0,0,2,0,3,1
25c602baec8d1f92e89d9f00f343a67edec5af84,0,7,0,2,1,0,0,0,0,0,0,0,0
261e5dc96aea95ccc07a446f1b1ebb1dac514a44,0,1,0,3,5,0,0,0,0,0,1,0,0
2627b024400bd6273544cd8cc8934fada21099c6,0,0,0,0,0,0,1,1,0,5,1,0,2
265eca86aff77470741f31993e2bbf5865a87dbd,0,0,0,3,5,0,0,0,0,0,2,0,0
26f3b36eeb1a03e6f28e185e7335ac803981a64b,4,0,0,0,0,0,0,0,0,6,0,0,0
276142e414f2cfa81609ee6be38bdeee043a27d4,0,3,0,0,6,0,0,0,0,0,1,0,0
27992a688810078c9c1aa349dca9b7cb28c1ced6,0,1,0,5,3,0,0,0,0,1,0,0,0
27cbe94aff7b260027a2e74e06d0b8bc7eae97cd,0,0,0,1,1,4,3,0,0,0,0,1,0
27f2909374a25798a0ffbd5ae73bcb04fa753b47,0,0,0,0,0,2,0,1,0,0,2,2,3
2833184b328856a004a4d49bc2f3205332c628c2,0,0,2,1,0,5,0,0,1,0,0,1,0
283df2d3f8726056d87d6ee4707bf05311b9bc27,8,0,0,0,0,0,0,0,0,2,0,0,0
28e917e14b49f161779185c0b65ed9273b568693,0,2,1,1,0,1,3,1,0,0,0,1,0
293aa2e78d5704c69a53f811e86d20b8f9e6bc61,0,0,0,0,2,1,2,0,0,0,0,4,1
2942713c14e53f4adb88e2e92701abe6926e3d21,0,0,0,6,3,0,0,0,0,0,1,0,0
29445922382cd8b4fe8f73359ed53e15ad8641d0,0,3,0,5,2,0,0,0,0,0,0,0,0
2980f6c35d88ec3c040797436ff442a6d15b64a5,0,0,0,0,0,1,2,0,1,0,0,5,1
299725b9af5b6a7425c6827783d113d4158be145,1,0,0,0,0,2,0,4,0,1,0,0,2
29b7ef80ac8f8b8f420014af858729f9fe966b69,0,0,0,2,0,0,1,1,0,1,1,2,2
29ff4efe64e54ce68d458e442bb1fb4385a848a3,8,0,0,0,0,0,0,0,1,0,1,0,0
2ac4dc563c4beba8eb7a360b1e1092c8d434bfd7,0,0,0,0,0,2,4,0,1,0,0,2,1
2af5d2795438ed3876227a7384550736107c622a,5,0,0,0,0,0,0,0,0,5,0,0,0
2b14bde79f573a7a4cd2c04a4e686974906f40cd,0,7,0,0,1,0,0,0,0,0,0,0,2
2b8711415d10831a2aeb8889a612e2951516e524,0,0,1,1,0,4,0,0,0,0,0,3,1
2c19c6b34d11fd8b524935a73310e57c757a3373,4,0,0,0,0,0,0,0,5,1,0,0,0
2c8b3c015da6618d09b294199535201f2dfe1a6a,0,0,0,0,0,0,1,0,0,0,0,2,7
2c8f809ace7b4c97138a168e76e857c7b3dda98d,0,0,0,0,2,5,0,1,0,2,0,0,0
2c96adb9132b95f234a418dc78f826d26389da58,0,1,0,7,1,0,0,0,0,0,1,0,0
2ca300eb1b72628a20f19fbeecce372534bf23f7,0,5,0,0,4,0,0,0,0,1,0,0,0
2ca9ae91d43face42f3521f37b4bcc868c0f88ae,8,0,0,0,0,0,0,0,0,2,0,0,0
2d28e33a91d5c3d14bec4a796e6806024c7b4349,6,0,0,1,0,0,0,0,0,3,0,0,0
2dcad0e244b0a5facfa5b955e23718ff81bc4ab6,0,0,0,1,0,1,1,3,0,2,0,1,1
2df263c43f8144cafc64aa00932c89f7ef3b6a9c,0,0,0,0,0,5,2,2,0,0,0,1,0
2e0aff4584608dc3c4b61f586a9ec985dff9ada9,0,0,3,0,0,0,0,4,0,1,2,0,0
2e429fed188fd82008b44d9fc6c67ba3677890b3,0,1,0,0,9,0,0,0,0,0,0,0,0
2f20168f86886502fb98ec2232347960b8c88c7d,0,0,0,4,5,0,0,0,0,1,0,0,0
2f265b5987bb87ba2c4a298d9cbadc5a776004dc,0,0,0,3,3,0,0,0,0,0,0,0,4
2f32389a485c5680e757c583ab065c3fed150e44,0,0,0,0,0,1,2,0,0,0,1,2,4
2f4a2386fda3c5e7aa8561faf98da6d6ca19d13a,0,0,0,1,2,0,0,0,0,0,2,1,4
2f97a31005f01397f98976b9eb749f7dd082b993,8,0,0,0,0,0,0,0,1,1,0,0,0
2ff20fba3417ff7e7d7a9dbce997a4750fe38cdc,0,0,0,2,0,2,1,3,2,0,0,0,0
2ff657549e6a6298f67fab356b7812a8b71fab81,0,0,0,0,0,2,2,1,1,0,0,3,1
2ff86f6b53732d163dde90437d9a83a08425dc62,0,0,0,0,0,2,6,0,1,0,0,1,0
3003a715f41a74d2afb16bb5e248eb70414751b8,0,0,1,5,0,1,1,0,0,1,0,1,0
30164dbd242276f73deea8df6ce9b62c101a47d6,0,0,0,0,0,0,0,0,10,0,0,0,0
303c306eb39cc9397de89801cc9fbdf275e09b7a,0,0,0,1,0,2,3,2,1,1,0,0,0
30548c2eafaee34e22d93bdf041af3822d846165,0,2,0,3,5,0,0,0,0,0,0,0,0
305b4095dec1917d0629b1d88d51ee92cc78cdb2,0,9,0,1,0,0,0,0,0,0,0,0,0
30a89150e76d2e8310f5a4871b7ede2d1ba9f232,1,0,0,2,0,3,0,1,0,0,1,0,2
312d7838f274f0e76f3bf64673f555c5715662d3,0,0,0,0,2,0,2,2,0,1,1,0,2
313b7ec2a3206a305a6d5d489288973855c2e796,0,8,0,0,1,0,0,0,0,1,0,0,0
316f7dbcd01708fae7e6d5d98e965952b2f462f7,0,0,0,3,3,0,0,0,0,0,0,0,4
3172ffd83721c435e038874cd50e047c47d58b6f,0,0,0,0,0,1,4,3,0,0,1,0,1
317bba09e1a3f26a5605a8809b717118c3f8fa27,8,0,0,0,0,0,0,0,1,1,0,0,0
3198909f6096abf9c64cdf0e20bba980e2a8d15a,0,0,0,0,0,2,2,0,0,0,2,4,0
31f7573e6e7e94715b7cced9b9ebc4d3f94f9dbd,0,0,0,0,1,1,4,0,1,1,2,0,0
3217465873977dd668bdb3b6833c7a34d7ba0529,0,0,0,1,0,3,1,2,1,0,0,0,2
323ee1f05aa929efa7f98e8d9fa632a04dd1a978,0,0,1,1,0,6,1,1,0,0,0,0,0
32782d8bf23743d2bb80b30e461357904c895876,0,4,0,2,4,0,0,0,0,0,0,0,0
32abac38b5f401429b354d120c1258ca36c3c71b,0,0,0,1,0,5,1,1,0,1,0,1,0
32f97963759232c857814b58efca661a6b827a1b,0,0,0,0,0,3,1,2,0,0,1,2,1
3303bdab7975f89b9c4fd37d762c29be0de0ddbe,0,0,0,1,2,0,1,0,1,2,0,1,2
333534dd9d3d94eb31c6ce404b9d421134dfaa72,0,1,0,4,5,0,0,0,0,0,0,0,0
335da7deb45cc44efd2e17f0592ea109d498c3b8,0,0,0,0,1,0,3,0,0,2,1,1,2
33718c65a3060978d7519977b545df21d7721178,4,0,0,0,0,0,0,0,1,5,0,0,0
338bee08a0457ff8f23e6ef0832ef119829c82b4,0,0,0,1,1,4,0,2,0,1,0,0,1
33c81b7c2a7f2737e23e0ab9bcb16c5c21498c7a,0,6,0,1,0,0,0,0,0,2,1,0,0
33e41cc1b3a96d0c388ce672a7558cfe6ae5fd91,0,3,0,4,3,0,0,0,0,0,0,0,0
342408b9103a346aef4d9424fc99277bc081fca5,3,0,0,0,0,0,0,0,5,2,0,0,0
34a13ed06ac7f2fe3599012ec1d780ab9a5fcae7,0,0,0,0,0,3,1,0,0,2,0,2,2
351cf094fba61016b121f20422932b438afe2a88,0,0,1,1,0,5,2,0,0,1,0,0,0
352dc3b6bfa553087dfc09472e8af06a82f9ae7a,0,8,0,0,2,0,0,0,0,0,0,0,0
3555ef7745521d82028d0fce223ccbfc9080d8d3,0,0,5,0,0,2,0,2,0,0,1,0,0
361023d401a769bb97722b2e86ccc56f5d7a2178,0,2,0,8,0,0,0,0,0,0,0,0,0
362b5ff9fdf0e1dae555fdc36b513f958d19ed67,7,0,0,0,0,0,0,1,2,0,0,0,0
36e4909709a1b6b2d694f33a15df26a7e4bca52e,0,10,0,0,0,0,0,0,0,0,0,0,0
37171f8f2be0d62a8745a2cc791342fcd2ea1ad1,0,7,0,0,2,0,0,0,0,1,0,0,0
379122fcae193f0f136155bdf270e10eda636b9f,0,0,0,0,1,1,2,2,1,1,1,1,0
37a6e76ab8b933ce333802fa8f7dfe8bdc716924,0,0,0,6,4,0,0,0,0,0,0,0,0
3809b8c100b8a57ac189d3f1ba1462e985ffdede,0,3,0,1,5,0,0,0,0,0,0,0,1
3813536864d856b55fcc476e90ed45833ddcb836,0,3,0,6,1,0,0,0,0,0,0,0,0
387a4022ef6412d0104e288472a350a067836cff,0,0,2,0,0,3,2,2,0,0,0,1,0
38b62d4aed07e55ed2f89ba910bc81d899846b3f,0,8,0,0,0,0,0,0,0,0,2,0,0
38b83c86a99724cdb534f831cd9923fe55c39ef5,0,0,0,1,0,1,5,0,1,0,0,2,0
38fa2e40aec77d9bb85096bac5e784604e4fa61d,0,0,0,1,1,0,4,1,1,1,0,0,1
394a0f1e382f9554466e35d122fbe3d24a28cbe7,8,0,0,0,0,0,0,0,0,2,0,0,0
39aa08fc685aa06dc6748d13f37383b2318518a4,0,0,0,0,1,5,0,0,0,1,0,2,1
3a709a7ab29312208f6c3524f470e981e28f2965,0,2,0,4,4,0,0,0,0,0,0,0,0
3a99b6bac478da2b170b904d23c4612acf37dd32,0,0,0,0,0,0,1,0,2,0,2,2,3
3ab505a9b6fd52d7537657a84fcb85566ddbf990,5,0,0,0,0,0,0,0,0,5,0,0,0
3afd04e62d617cfa8866aca6942822b90f3d3e9a,0,0,0,0,2,0,4,0,0,0,1,1,2
3b03d324e5767d786ff7b24c35f04e520ddbc8de,0,3,0,3,2,0,0,0,0,0,2,0,0
3b98ae1a561ee851a1bf2e6245808698f7877324,8,0,0,0,0,0,0,0,2,0,0,0,0
3bf2a03a7b57d44d7851206a9a7a4c06032c2b98,0,0,0,2,0,1,0,5,1,1,0,0,0
3c3e27a4dbdd810d065777c505af8ff1303ba695,0,2,0,1,3,0,0,0,0,3,0,0,1
3c4c7a86c344663056429541d40b1206d5c83047,8,0,0,0,0,0,0,0,1,1,0,0,0
3d02ee82398c889de1833cdef9cb0cec2b38c08c,0,0,0,1,0,3,1,1,0,1,0,1,2
3d2568e0e914b3b0d8fcf194ce181bb0a1916527,0,0,0,0,1,1,2,0,0,1,0,3,2
3d41b01f95d56b1f1073d649e0d8c8df5b2599a0,0,0,0,1,0,3,2,0,1,0,1,0,2
3d6062257a86ea9ad1cbf23d0de4db90a1063230,0,6,0,0,3,0,0,0,0,1,0,0,0
3d60a0c1dd7d277f5ccb2ce06c5348f8ebd069db,0,0,0,0,0,3,3,2,1,1,0,0,0
3d878a819231841d9931c5be7ebeeac2dc09dc93,0,5,0,0,4,0,0,0,0,0,1,0,0
3d9b8b88de28a829b18f2627697289f1aeb4ea0b,7,0,0,2,0,0,0,0,0,1,0,0,0
3da218179690cdfbda8e16fc711d6c6333aa2d9c,0,1,0,4,3,0,0,0,1,0,0,0,1
3dd445781e61dd676c03d91baf7da426b5973dcb,0,0,0,0,0,0,2,1,0,0,1,3,3
3de9b930940e6b2eb1d5ca184195a492db04f451,0,0,1,0,1,5,0,1,0,0,0,1,1
3e0b2d73f04d7cde564ea4625ce7013b858b4959,7,0,0,0,0,0,0,0,0,3,0,0,0
3e1ca9134d6203fa18a2f13b360d8401a4e16f86,0,0,0,0,0,0,4,1,1,3,0,0,1
3e7ceb5296f141beb94f0727667fbd61105dcc3a,0,0,0,0,1,1,2,0,2,1,0,2,1
3f048c6d1d8b18f2d9e20ed54ab046c0638c8eee,4,0,0,0,0,0,0,0,3,3,0,0,0
3fe763fb9b1f93ed067148a8994ad3253288b29b,0,0,0,0,0,2,5,1,0,1,0,1,0
400d44acb1cba29f8089ad2a998abc022f686b88,4,0,0,0,0,0,0,0,3,3,0,0,0
40264740c7d45351e6a09c299265ade0a84ad5f3,0,0,0,1,1,1,0,2,3,1,0,0,1
4079014eec38751100d979ca6ebe014ba3290edf,0,1,0,4,3,0,0,0,0,0,2,0,0
40afef29a2e6bd6e473cd82913fdfb158597888a,0,9,0,0,0,0,0,0,0,0,1,0,0
410455841678334211054136753b43e650387dc0,0,0,0,0,0,3,3,2,0,0,1,0,1
419b10b32e1c8c455fa71e36f74bdadbacd19137,0,7,0,0,0,0,2,0,0,0,1,0,0
420947075bec1906030f37523ad55263b4b5273c,0,0,0,1,0,2,0,1,1,2,1,1,1
42eb662d723dee7ea721667751ef69c6f0d67aa2,0,6,0,3,1,0,0,0,0,0,0,0,0
430514b68a0ab1e1fbad14e6904a212e82a419fe,0,3,0,3,3,0,0,0,0,0,0,0,1
434f083fa56f9f4958b0bb8523d0874262542dee,8,0,0,0,0,0,0,0,0,2,0,0,0
436d811feb65898388755f4d8f94d6a613c3ac2d,0,0,0,0,0,1,2,0,0,1,1,1,4
43b508e231e8d2177f87774fdeadbc8305dd9c89,0,6,0,0,1,1,0,0,2,0,0,0,0
43ccd59a6f67837d724e2c20fa415da3843d814f,0,0,0,1,0,2,1,1,3,0,0,0,2
43dfdf69d32e17b0c6682a4ae52ab1310cce9942,0,0,0,5,3,0,0,0,0,0,1,0,1
43f6720eaf50e1a43b80eb72947e0391fee6b94c,0,0,0,3,0,0,0,3,0,0,2,1,1
44c1a497475af349e2d1293b73da0b01d16babf0,0,0,0,1,0,2,2,0,0,1,2,1,1
44c5258b3233aee25b402980747dcf7facfab6d0,0,0,1,0,0,0,4,0,1,0,0,4,0
44e5328bb1fd32e83d0ddaf45a47427010999388,0,0,4,0,0,2,1,1,1,0,0,0,1
454aefd33a6c923ccd7bfc55c225a9ec9a0831ff,5,0,0,1,0,0,0,0,2,2,0,0,0
4550fee6d0a8dfcfbdb831f82cd3ea5f2d35aab2,0,9,0,0,1,0,0,0,0,0,0,0,0
45772c115d45b6e6244e9dce111f587b3662e864,7,0,0,0,0,0,0,0,2,1,0,0,0
460e4aab12ead34577ec6428e8d4987e3c462617,0,0,1,0,0,3,1,4,0,1,0,0,0
465ab74e0ecc2f571bf67b38e617f9504213627d,7,0,0,0,0,0,0,0,2,1,0,0,0
4697d2b15bb0fb85c30901ed4e2a4a65ef8b4e8d,0,8,0,0,1,0,0,0,1,0,0,0,0
46b3ee62d109440eb4e374e407947c09001ed425,0,0,0,0,2,0,4,0,0,0,3,1,0
46f0725187d40c051cb336fb281d950087e34ccf,6,0,0,0,0,0,0,0,1,3,0,0,0
47040ae0f3086abda99e53a83d8805841a80e693,0,0,0,0,0,2,3,1,0,1,1,0,2
470473d50f6b739107ae9a86dca3e02a0e189f87,0,0,2,0,0,3,2,3,0,0,0,0,0
470c99c645716a7c66da71c6d2d3084c44b9c2e4,0,10,0,0,0,0,0,0,0,0,0,0,0
477db0aff263139c856b1a8b3b080d42ddf9658f,0,0,0,1,0,7,0,1,0,1,0,0,0
47a6207185f7fbed5fff14c7eeb9c9386f703c09,0,0,0,1,0,3,0,5,0,0,1,0,0
47cefbdf18afa3df7b1549dc026bcc645ba84b70,0,0,1,0,0,0,2,5,0,1,0,1,0
47eb3bd944a875fdb812d137dcc0535ffa3dd698,0,0,0,0,1,1,1,0,2,0,2,2,1
4847a7d2e3b1989a50a17422bec62a622c6425cf,6,0,0,0,0,0,0,0,1,3,0,0,0
485fb11e4d0fec1638b4360ad61eb5f943942da8,6,0,0,0,0,0,0,2,1,1,0,0,0
487c953a6a17fc7f33497b1360ca2b0794ed8026,0,9,0,0,0,0,0,0,0,0,0,0,1
491cc377a6faad07c0d6d76335cfe031be8e9fde,0,0,0,0,2,3,0,2,0,0,0,2,1
49e995ba44aea91bfe7a084eba298979db4c4b3b,3,0,0,2,0,0,0,0,0,4,0,0,1
49ec23a4977336afaefc898d6eb13ba3ff00dcc1,8,0,0,0,0,0,0,0,1,1,0,0,0
4a030508b188fc9c809d2d291e5d64b7934c8340,0,0,2,1,0,2,0,1,0,1,0,2,1
4a76ae8b2ddda55dd73960b2ca25949e73b85ebc,0,1,0,5,3,0,0,0,0,1,0,0,0
4a9b965680a1e66638af24b5a74dbe294c6c0ba5,0,0,0,1,0,3,4,2,0,0,0,0,0
4a9c9d2be37457d4af51834ceda0f443e9a8ffcd,5,0,0,0,0,0,0,0,3,2,0,0,0
4aafe5995bd3ac48150190df131216294794bbf2,0,0,0,1,0,1,4,0,0,2,1,1,0
4ab418ae9d1c3e3f19bccd41c0d92a7150c64ed8,0,1,0,4,5,0,0,0,0,0,0,0,0
4b4443a5ad7200da226794697b038aaa9263564f,0,0,0,0,0,1,0,6,0,3,0,0,0
4b506a792bbe3e21d89ed925700a671d4f3affa4,0,3,0,3,4,0,0,0,0,0,0,0,0
4c76a2af2b27213377bee953ec33975958355d22,0,0,0,2,0,1,2,1,0,2,1,0,1
4ddc4947b51a42233b8d45c578791c95e07a3365,8,0,0,0,0,0,0,0,0,2,0,0,0
4ddcf750abc70a0467ba5034ebdf5183f7c2ea67,0,6,0,0,0,2,0,0,1,0,1,0,0
4e0130d291272427aaba30f5ea7780d7145247e2,0,0,0,0,1,2,1,0,0,1,0,3,2
4e2a713de8f0079f820ab1a633ec0aabbfa7dcfd,0,0,0,3,1,0,2,2,0,0,0,0,2
4e680adbd9537ded76b5473b6dc93e46cdf04909,7,0,0,0,0,0,0,0,1,2,0,0,0
4ea4e839de08804601198ca81ab527ddbaa3dd42,0,0,0,1,0,5,3,0,0,0,1,0,0
4eabe3aa4a1a6f41e2b1c1aef017f38bae904a73,0,0,0,1,1,1,4,0,1,1,0,0,1
4eec33f43ddddd76d3d0b2583c24e8f05ba6680b,0,4,0,2,3,0,0,0,0,1,0,0,0
4efc86fda55bfce4655a5995d43a2f54c96777dd,9,0,0,0,0,0,0,0,0,1,0,0,0
4fb8f7defe3ba1da8befd8a15de5ca66c58550bd,0,0,0,2,0,1,1,6,0,0,0,0,0
4fce0186002197b52b1a8ae5e07a611130981b53,0,0,0,1,0,0,3,0,0,2,0,4,0
4fd31486fee37debceeb222d28fa86a9a0f1fa41,0,4,0,4,1,0,0,0,0,0,0,0,1
4feaf1b9bdb0e3cb5ebe54a5a4bac464355b6535,0,0,0,0,0,0,4,1,2,1,0,0,2
50069048eda1b33ad8f3e2716faf6f1d14d26de6,0,3,0,5,1,0,0,0,0,0,0,0,1
503281e514027cc6dce94a023bee1680f84f2830,0,0,0,0,1,0,2,0,0,0,1,4,2
504ab41a6a9061ead77cfbc914c29bf88be885bc,0,0,0,0,6,1,0,0,0,1,1,0,1
508507efc48fb94ca3b3e3966e0011e5043992f0,0,0,0,1,0,0,1,2,0,1,0,3,2
50a8583fc0b8d2aafda8f3d8f450da78639c749b,0,0,0,0,0,1,2,0,0,2,0,4,1
50bd1961a7b6dd76133f577cb40c3ab4af49dfe6,0,0,0,0,0,1,0,0,0,1,4,1,3
510a2c3eb98af257817b92907f64f1f711ca8ddb,0,10,0,0,0,0,0,0,0,0,0,0,0
5112835cf318e37dca2a5434f1d025fdb92b43e3,0,0,0,0,2,1,0,0,2,1,2,1,1
518c71a8d06728b72e31b3456abb1fc9e415b31c,0,3,0,1,6,0,0,0,0,0,0,0,0
51d7d4067bff348aa71cee7309755d86f812c291,0,0,0,0,0,1,2,1,0,2,0,4,0
521a87b1b038c355aee4dc8ea45f2eb403761bd9,0,0,0,0,3,0,1,1,0,0,0,4,1
525cadbaec4a70071b3dc6933fcbc816fc9e54b1,5,0,0,0,0,0,0,0,0,5,0,0,0
527fd0f36476abef35bafac453329e2f10003d44,0,2,0,3,3,0,0,0,0,2,0,0,0
528a5945a5f6d5b430dbd99cda1243e37a5d3b0b,0,0,1,0,0,7,1,1,0,0,0,0,0
532076f2b0b2e462ad42b6d520de0320a3e9724a,0,1,0,4,4,0,0,0,0,1,0,0,0
537c5785d8ce5f9e3e33e61544ed79233d05eab4,0,0,0,1,1,0,1,1,1,0,3,1,1
53a00a31f953d20e982e22d1a109fd38cb7ec130,0,0,1,0,2,0,1,2,1,2,1,0,0
53fddfdc4fd9db06ab61a2ed9f8bd2142f6bf150,6,0,0,1,0,0,0,0,2,1,0,0,0
54327d5abd0a189c69b9bf8942376d74fc01109b,0,0,0,1,0,0,0,0,3,0,2,2,2
54c30886c7c007e37ae1f6b7f96f1262eb5866cb,0,0,0,0,0,2,5,1,0,0,1,0,1
54f9534dd5ceb433cba0a0398f1100f73c9d292e,0,0,0,0,0,0,5,0,0,0,0,2,3
553c372145217a668574ff3b52397c582d0d0a3d,0,0,0,1,0,2,1,1,1,2,0,0,2
55b22bc4fbfafd228a488c690eea569cfeba691f,3,0,0,0,0,0,0,0,3,4,0,0,0
55cee6ae0fecb660bb57008e76e1aaa9f5d33152,0,8,0,0,2,0,0,0,0,0,0,0,0
55d66ea78798bc01d9ef3f8e48630b8618b9dba9,6,0,0,0,0,0,1,0,0,2,0,1,0
563efa5ed27ea381478a8aa5f6a75c4277cda7b6,1,4,0,0,0,1,0,0,1,0,2,0,1
5684c1ea0e3b8b93459798265daeea45972e828d,0,0,0,0,0,3,3,0,1,0,2,0,1
5686724c360b302c08102140bdc022c0512022ca,0,3,0,2,3,0,0,0,0,0,0,1,1
56b18dee2dd4c20f1c877d2650d1386a2f24a036,0,8,0,1,0,0,0,0,0,0,0,0,1
56d1f85b3c5f9571a6c9f3fb91dadce855dd2ff5,5,0,0,0,0,0,0,0,4,1,0,0,0
56e999cedff6b64d0edde271b03610a5c9e9ff41,0,0,0,0,2,0,2,2,0,0,0,4,0
56ed601b79f39dc3ebb1d77d0132a99baf4d5362,6,0,0,0,0,0,0,0,1,3,0,0,0
578a08f589c2d12dc9068ecde38844d99dbd43d6,0,0,0,0,1,1,0,1,0,1,1,4,1
581efad5790182e0a89d1537650522773a188d37,0,0,0,0,1,2,4,1,1,0,0,1,0
58a8dbf1ea5507ecbdc5bd84639af079f20baf78,0,0,0,0,1,2,1,2,0,3,0,1,0
58b1770c16374f970bafb0f9548441a82cc14a22,0,0,0,5,5,0,0,0,0,0,0,0,0
58de37bd8d09445c6f3f6e81db34907349565ba7,0,10,0,0,0,0,0,0,0,0,0,0,0
590275e723d4ef5b6fcd4fbeaee93e5e15f93a72,0,0,0,0,0,2,4,2,0,1,0,1,0
596e79e8cff71cf1841b51ddd3f5dc19d405d1c5,10,0,0,0,0,0,0,0,0,0,0,0,0
5995b39feca22ec3a0289178cc98bc70fe308051,0,0,1,0,0,1,1,3,0,3,1,0,0
59f5069f9472f0256954e563c2526791b597a338,0,0,0,2,5,0,0,0,0,3,0,0,0
5a50f10c24bcdc8538a216d74a14284ef8c620ea,7,0,0,0,0,0,0,0,1,2,0,0,0
5ac4021cca036b39a8381e6b15e877a86edc2e2c,0,0,0,0,1,0,4,0,1,1,0,1,2
5b6be9aff160266471db6683f1b795f2703adb1b,0,0,0,0,0,0,3,1,0,0,1,5,0
5b82ca7430d2c2b60cc5b7779b59219ce7840f6f,0,2,0,2,2,0,0,0,0,2,0,0,2
5bc25d9f4608cdc71df8f261e5ee5632e9cca2f3,3,0,0,0,0,0,0,0,3,4,0,0,0
5be130f8c622d3bd73102a5e22911f2c90f565bb,1,9,0,0,0,0,0,0,0,0,0,0,0
5bf40fb8c67cd1eff620bd286cf13d89a3bee980,0,0,0,1,0,0,1,0,0,3,1,3,1
5c50aa3afd1abab3b4db1d29c22c72364df5961b,0,0,0,1,0,4,2,2,0,1,0,0,0
5ca2abfd1177581f8dd811a6a9b1bdf18f83341e,0,0,0,3,0,4,0,3,0,0,0,0,0
5ca45c2741b298e1920114e747a569c8da5bd37e,8,0,0,0,0,0,0,0,0,2,0,0,0
5ca591e3909ad6bf70079521df6d47a61274621c,0,0,0,0,0,0,4,2,0,0,1,2,1
5cc65d2d71d5e16a64feed628d1703be737a8eb4,0,0,1,0,2,0,1,3,1,1,0,1,0
5cc6cb03ebd957d7ae31939487a3422d3d5e7f9a,8,0,0,0,0,0,0,0,0,2,0,0,0
5d1b27b56a0dd3e5ffadf9494d1ca9598d93237f,0,9,0,0,0,0,0,0,0,0,1,0,0
5dbb5e796a9f5346baf20591eac4e81cd187253f,4,0,0,0,0,0,0,1,0,5,0,0,0
5dddd9f0839fbb23bb95f846fa6311f8e0cdb0ab,0,0,0,0,2,0,1,0,1,0,5,1,0
5e7f6fd63da84f2af5a29b106e60d4d058f31207,0,1,0,1,8,0,0,0,0,0,0,0,0
5ed79247ef1ef3dc50b442aba6f688cea2a4acf9,0,0,0,1,6,0,0,0,0,3,0,0,0
5edf01b4b4689fa832c8c2da6c2614c270cad21e,0,3,0,2,3,0,0,0,0,0,0,0,2
5f7134c4c17e54d76674beb88f41f1b11ee5a8f2,0,0,0,0,1,0,4,0,1,0,2,1,1
5f947d1043dc7f337d3229e61f3526a6c84254b8,0,0,2,0,0,4,1,1,0,1,1,0,0
5fe9bc7c04714a17a784a9b60a85b264950e02b4,0,0,0,1,0,1,0,3,0,0,0,5,0
601bcd741df29aa37ccf9591146217a9bed7d3a0,0,0,0,0,0,1,0,0,1,5,0,0,3
602e450b17cb14a1fcbb012c28354e494ef9f60d,0,1,0,3,6,0,0,0,0,0,0,0,0
6084047890c319a5deb864d8b39013b3029d85ec,0,0,2,0,0,3,4,1,0,0,0,0,0
60c15f8ca8c03e2aeaaeac204717767795422458,6,0,0,0,0,1,0,0,0,2,1,0,0
60cef3d078fe09042bad8248860123fc57037066,0,0,2,0,0,3,0,3,0,1,0,0,1
6136c03bce4a9582e43078e900fdd4918e8639e8,6,0,0,0,0,0,0,0,0,4,0,0,0
61bb10f70fc464b44b14101ae7385de214484dc1,0,0,0,0,0,0,2,0,1,1,0,4,2
61cd600bff52e2b4fe7314cdd0755ca3c0ce4204,5,0,0,0,0,0,0,0,3,2,0,0,0
61d2844e18fee1bec8331b97658f2414a0832639,0,0,0,0,0,5,1,0,0,2,0,2,0
61dda9acd174f6bc0e0e1e6b4c23d194dcd2cb75,0,0,0,0,1,0,6,1,0,0,2,0,0
61e1e8a43d7a191a2cfdbb7fa6febcbf81858b96,0,0,0,0,3,0,2,0,0,0,1,4,0
6279e403610565bae3f8938aed4217710f6afdef,0,0,0,1,0,2,3,1,0,1,0,1,1
6296674a5e38188e21cd4da640925dafb9d6e355,0,2,0,0,7,0,0,0,0,0,0,0,1
62b604a3daed3ede9d0971c8c70837711045d5ac,0,0,0,2,0,1,3,0,0,2,0,1,1
62dc8b518ef54a02aa78868a2407323a6d905b58,8,0,0,0,0,0,0,0,0,0,2,0,0
62f1c8732e7e300dacad292e260f9bfe518bf389,0,0,0,0,1,0,0,0,3,0,3,1,2
6304296c8f7145dd3a947073e2f12f78808258e0,0,2,0,2,6,0,0,0,0,0,0,0,0
63282353c26eb01bac14cc05de1e721f11299a23,0,1,0,2,5,0,0,0,0,2,0,0,0
6352fe26a8fe44e43f4c366a06803c6b7fe0c87c,0,0,1,2,1,2,0,0,0,2,0,0,2
6371caf00e0d9f58cb856cbbe2d33950dd00d00d,0,2,0,2,4,0,0,0,0,2,0,0,0
637f26c7ad3ae7c81eaecd61504a487ae4de1d9a,0,0,0,0,1,5,0,0,0,1,2,1,0
646f1f9eaf8fb6fd7676c2aed50ade8d6c0466fc,0,0,1,1,0,4,0,4,0,0,0,0,0
64993c587ec64633da72683d3d18e5790dbeaf6e,0,0,0,0,0,4,0,6,0,0,0,0,0
64bc77d9bcf40a3e629b0d3fdfdb547c040031e7,0,0,0,1,0,0,2,0,0,0,2,1,4
650a3c190deb2cb317ce1016eaa184186761fe94,0,0,0,0,0,0,1,0,0,1,1,3,4
652474ad65b7bcabb73701bec33ebec33ef62582,8,0,0,0,0,0,0,0,2,0,0,0,0
653d80f798e5c5d3a38e7190107480082c3dc3a8,0,0,0,0,0,2,2,1,0,1,0,2,2
6556dcb95a56e75f7c0965ce2bf0264ba8ecf513,0,0,0,1,0,0,3,0,0,2,0,0,4
65938426c9b3e30ed12039c38f1df628bbe70b28,0,0,0,2,0,1,3,0,1,0,0,3,0
659521b33daddfe7dc22ade4d4d9270be2dbd5f2,0,0,0,1,0,3,1,1,0,2,1,0,1
6599ad0f4d70074ade92e883939d074d64f12beb,0,0,1,1,1,2,2,1,0,0,2,0,0
65a3bf6b40e78d9eace7c02372aecceafe9af16c,0,2,0,1,5,0,0,0,0,0,2,0,0
6619c547849645903863e55e9d74473639dcfc01,8,0,0,0,0,0,0,0,0,0,0,0,2
661e413dcd02f35aeca5c448ca8bbb8fb9fa0ab9,0,0,0,0,0,2,1,0,0,0,1,2,4
668cd85b8e22184bf4d52d1c23eb557fcd862eca,6,0,0,0,0,0,0,0,1,2,0,0,1
66a347bd8fdb2721a45674adb90e030bb490c75c,0,3,0,4,2,0,0,0,0,0,0,0,1
67268cc0dfd91aa471307bcb3ca1c16e508a8eaf,0,4,0,1,3,0,0,0,0,2,0,0,0
6729170e040f4919d5a563fe7de6af9b35ac0b63,0,0,0,3,0,2,0,1,1,3,0,0,0
679e493dc88f3cc6817140e0b168651d4a4e40f1,0,0,0,0,1,0,4,1,0,2,0,1,1
67a4c349d93910f4fccf12390c7089d47e190b3f,0,0,0,0,1,4,4,0,0,0,1,0,0
67a829f424c703993aae723b182d7e9e2262191a,0,0,0,0,1,1,1,3,1,0,0,0,3
67ad4ca6a76daf5d83200dc53632847c25c7b6f6,0,0,0,0,0,1,1,0,0,2,1,4,1
67ee1e2467086f0957c0abdad2b480e8d4f372ee,0,0,0,0,1,1,4,3,0,1,0,0,0
6868788d864ac02f3ac4499c1182e92a1fd8632c,3,0,0,1,0,0,0,0,2,4,0,0,0
68689bd4da551bc811bee8f665c040e232cd471b,0,2,0,2,4,0,0,0,0,0,2,0,0
6885faae71a30c00b75eafacc433ad60831fca22,7,0,0,0,0,0,0,0,1,2,0,0,0
68f01d26d196c6216226cd0dd1f657489b523a4e,0,0,0,0,1,2,0,1,0,1,1,3,1
690e8923168b30d54fbe03d2deaeea6688d436aa,0,8,0,0,1,0,0,0,0,1,0,0,0
69818ea96232ccd7b1514da93607c36000c9721b,0,0,0,4,4,0,0,0,0,0,0,0,2
699aa95b997ce1a77e51202d2475a50e917388d7,0,0,0,0,0,5,1,2,0,2,0,0,0
69b56fc6d5f2755bdaf2ee6d7783aae3ad2cc667,0,2,0,1,4,0,0,0,2,1,0,0,0
69ee80e643486184c24e8ba1a98601cc27ec1b51,0,0,0,0,0,1,2,4,0,1,0,2,0
6a21737500c8f4b4be33b8fd56ee1c0eefdbc7b2,0,0,0,0,3,0,0,0,0,1,0,5,1
6a44552b8dd0b3b53bbe35c4f5783ec904fc97f1,0,4,0,4,2,0,0,0,0,0,0,0,0
6a5d1725e123fcc056be9061985435f1387b1128,7,0,0,0,0,0,0,0,0,3,0,0,0
6a80993a77ca1cf8436b67f2d6ed3c3f37adc3b8,0,0,1,1,0,3,1,2,0,0,1,0,1
6b1d367524f661cbd4064e364443029bb874090a,0,0,0,0,0,1,3,0,2,2,1,0,1
6b8f3c7a0ef256b965569db733b0ddb3c6ab2678,0,1,0,1,0,0,3,0,1,0,1,0,3
6bbc2136bfa3e393dad6c77c1e5d3af8ff3cac60,4,0,0,0,0,0,0,0,1,5,0,0,0
6bc9bdf026c0e320f3e191aebbf8d0e24c32f812,0,3,0,1,5,0,0,0,0,1,0,0,0
6bdfe2e9e95b25c0d9b252b3de67ef6e382d96c1,9,0,0,0,0,0,0,0,0,1,0,0,0
6bee55a9838009cc854333b6a5a08c46e4ecc589,0,0,1,1,2,1,2,1,0,1,0,1,0
6c0aefd57bcfb34593e41b6594c93a0a8e0929cb,0,0,0,1,0,4,2,0,0,2,1,0,0
6c849ab5dcf86c6c8cc652854967597cb7d02aad,3,0,0,0,0,0,0,0,1,6,0,0,0
6c991b3e42cf8d4971daa0ac40f8d8c87a939a54,0,0,0,0,1,3,1,3,1,0,1,0,0
6cf4a092f0d0e460aed5485026f91196b7ca1066,0,0,0,0,0,5,3,0,0,1,0,0,1
6d0530811963561a1a937411af6efa6a437d155f,0,0,0,0,0,2,2,1,2,0,0,3,0
6d0e583d168c570c64e25b9b597138120c124d66,6,0,0,0,0,0,0,0,3,1,0,0,0
6d71851c8632ce23b3f74ac4ed790b191a74d10c,0,0,0,0,0,7,0,2,0,0,0,1,0
6da593516c2b0becefa59722da47758fe2a86198,0,3,0,3,4,0,0,0,0,0,0,0,0
6df55699d6b06bde89cc8398eee7872acb4e89a4,8,0,0,0,0,0,0,0,0,2,0,0,0
6ee3e97eb89e79d918336540c1eea75d9901f68b,3,0,0,0,0,0,0,0,1,6,0,0,0
6ee5572147f9169f579b7c411a47db0ec36cfc01,0,0,0,2,1,1,1,0,0,1,1,1,2
6ee841e4e755cd8dd8c2a0e9f1f4be726cc7821a,0,6,0,0,0,1,0,0,0,0,0,0,3
6f9570252009905a96bad776af6b8df3c19b765e,0,0,0,0,2,1,5,0,0,1,0,1,0
6fcd72f1095d753bb38e927f7eee5aa342c06ec9,0,3,0,3,2,0,0,0,1,0,0,0,1
700d191e122f6f54ba9078220981e21d7ec9184f,0,0,1,0,0,2,2,0,0,0,2,3,0
701591734717b23cd4b59553ff95987dd7143c76,0,0,0,1,2,3,1,0,0,2,0,0,1
70273d25cfa7a2b73051b7f92681af8b476bb13e,7,0,0,0,0,0,0,0,1,2,0,0,0
7069d6d566e4450491d99784c65e745fa9e80bd6,0,0,0,0,0,0,1,0,1,1,2,4,1
708f11bd2946d8c0bb59362a025db5e27bb2b977,0,0,1,2,0,4,0,1,0,1,0,0,1
70b3357995ab3a62e9fac7ba380968247cc2b0f5,0,6,0,3,1,0,0,0,0,0,0,0,0
70dd8ab691c9b1e4f25a8131d7bc0dbfd8fbc5e2,0,0,0,0,0,4,0,4,1,0,0,1,0
712b18570269fd194076f7505ae8c5e1301fa79a,0,1,0,7,1,0,0,0,0,1,0,0,0
7154a5d8e9e98c995b5a197414db93978109f93c,0,1,0,1,8,0,0,0,0,0,0,0,0
719998ff800b4fca3d5eb90de1bf4108e930b891,0,1,0,2,5,0,0,0,1,0,0,0,1
71d29dd49ed46d2a461c64ae54646138316033fa,0,0,0,1,0,0,1,2,0,1,3,0,2
7204b5b4a015d0ff10815becc28020d13806028f,0,0,1,2,2,3,1,0,0,0,0,0,1
72295b638fff688f394690e95c893516320fc6de,9,0,0,0,0,0,0,0,0,1,0,0,0
72829ac9d5a35452b3eeabbb6d74bc9ddcbe072e,0,0,0,2,1,1,1,0,2,2,1,0,0
72857712d2c5b24c221b35c20c2df67cce834899,0,0,0,0,3,0,0,0,0,3,1,2,1
7287e936c5cc97755b4bb8d467a85d0f26eccb62,0,0,0,0,0,0,1,2,0,3,1,0,3
72f03ac3142f1595fdbe33a693839ebe13d7f088,0,2,0,1,5,0,0,0,0,1,0,0,1
734b1aa5d0df1754f71d2cce6c6966079ac695ce,2,0,1,1,0,0,2,2,1,0,0,0,1
7374f80c4d2ad806cf6a34d5caf2302f14b39ff2,4,0,0,0,0,0,0,0,3,3,0,0,0
73af52099266453ea5e0c11387efc1fee783312a,0,1,0,2,4,0,0,0,1,2,0,0,0
73bd6468419ddca59ad02a4949773b6e3c73d466,0,0,0,0,0,3,1,1,0,1,0,1,3
73c3b46083f566790fae86d1894324a7c050d22c,7,0,0,0,0,0,0,0,0,3,0,0,0
73cd7683a911f69913f2ee97803140d1dae769a4,0,2,0,1,7,0,0,0,0,0,0,0,0
743f4d538a3b8af686c5708be8ef6c8df0f9f53d,6,0,0,0,0,0,0,0,1,3,0,0,0
74bc0915f3d7fe80cab0f6ad01b6d2631d2b71d2,0,0,0,0,0,0,3,2,0,0,0,0,5
74df9473537df9e376691df34a2ab40484a1785a,0,0,0,0,0,0,4,0,0,0,0,4,2
7521d1c6000919cdc7b675ba6e26ad28b3fd32b8,0,0,0,0,0,2,3,0,2,0,1,1,1
75acfd11c6e3a3d34299ffe2ce15af846cdbffb8,3,0,0,0,0,0,0,0,3,4,0,0,0
75ee7682c3a6f6ab3ecd7cb8fb1562acdacf308c,0,0,2,2,0,2,2,2,0,0,0,0,0
7680997acc2befb8474f55e53d12f67cdcd88ac0,0,0,0,0,0,0,3,2,2,1,0,2,0
7692a015d673f6dd2b67ad4a6d5ec4fe7388b6d6,0,0,0,0,0,3,2,3,1,0,0,0,1
7713cdccd4472a5ef4ea41b2abf02602de46dd47,0,0,0,0,2,1,2,0,1,2,1,1,0
772d98a10b78c72801a16e234c51d15f15e21b4e,6,1,0,0,0,0,0,0,1,2,0,0,0
77372910446cdd64462651be2240c5dca3858509,0,5,0,4,1,0,0,0,0,0,0,0,0
775ae5c4c5ea7d5b3caaac36bfd8317e9a93974e,0,0,1,0,0,1,5,2,1,0,0,0,0
776c48e6a824876e763d76099b2f7db1cb1ab5ff,0,2,0,3,3,0,0,0,0,0,0,0,2
7773923488f8a291f0d4dbb0412308fc472ad0ad,0,0,0,4,5,0,0,0,0,0,0,0,1
77951b8772fd7e2de9fd824e895d2fc9cd23a092,0,0,0,0,0,3,5,2,0,0,0,0,0
77f1f534e40d14ddc7e93f05f351ecf5aab16f34,0,0,0,0,0,1,2,1,0,1,1,0,4
7884a49d3c8850467231a130d7de29d52531e338,0,3,0,2,3,0,0,0,1,0,1,0,0
790efe237deea7eec1a54f5c6e343c0cf780b783,8,0,0,0,0,0,0,0,0,2,0,0,0
795a2834cc51282a5f7694888e7ca31b2251e5d3,0,2,0,4,3,0,0,0,0,1,0,0,0
797d906cd3a47c462eb01734de338ad203d8efcf,7,0,0,0,0,0,0,0,1,2,0,0,0
79ebbc4dc57066dfa076044bb03fef72963f1c7f,0,0,0,2,0,5,0,0,0,2,0,1,0
7a023a9b77e125b954a9754cffbb94c3ddc0ba39,0,0,1,0,0,2,6,1,0,0,0,0,0
7a12af6e83554ed5c82c0468aaed6725c588972c,0,0,1,0,0,4,1,2,0,1,0,1,0
7a58533d1f7138a9d256450278fd873947a1997f,0,0,0,0,1,0,6,1,0,2,0,0,0
7ab022d95ac326428f01a1fd4de845ce23e6a066,0,0,2,0,0,2,3,1,1,1,0,0,0
7b08b960fe2cc2e9cbbbbbce2f7cbba754ed278f,0,8,0,0,0,0,0,0,0,2,0,0,0
7b6ad68673f7e02dfaf7e3ce27f7e396216c40c7,0,1,0,3,5,0,0,0,0,1,0,0,0
7c1a9db1813e91b6a954236a8f5de9c1e88a6f86,0,1,0,4,4,0,0,0,0,0,1,0,0
7c421241b73e6edf95ad202019c17eb00ac2a51c,7,0,0,0,0,0,0,0,2,1,0,0,0
7cfe90fc90201e16b74eb4797a731a52ddbf9133,7,0,0,0,0,0,0,0,2,1,0,0,0
7d62196adcb59748b9413fc4c5ee8767714f90b3,0,0,0,0,0,2,5,2,0,0,0,1,0
7d6fdea9f6a2839f1ac7fa3bb530700449dde364,0,3,0,4,3,0,0,0,0,0,0,0,0
7dacdc79ee7d989c4bf55dab60daea87cecf21dd,0,1,0,1,5,0,0,0,0,3,0,0,0
7e0693df4246916d85648663033301acc44a1c2a,0,0,1,1,0,4,1,2,0,0,0,0,1
7e094a9241ce9982b148c48a9d8a315316415f50,0,0,0,0,0,7,2,1,0,0,0,0,0
7e3de5aa6513c5e9a16b96af84f58fb45acb6b6d,0,0,0,0,0,3,0,5,2,0,0,0,0
7e4da3876f1f333e9b60beabdd961d1de5091f9a,0,0,1,0,0,4,2,2,0,1,0,0,0
7e58b3003a01c42579e2bb2b242be3479e04ea35,0,0,1,0,0,2,1,3,1,0,0,0,2
7e7850a3380e801cf9abe75abf793c13ece4d52c,8,0,0,0,0,0,0,0,0,2,0,0,0
7e7a8c07baea8bd4e8b0820654a4303df23c2496,0,4,0,0,4,0,0,0,1,0,0,0,1
7e8e0c4689118e72cd0b18f8a0b2dc81fbaa0c66,0,0,0,0,2,3,0,0,0,1,3,0,1
7e94dca2ef07a0e657d496ea135be719db45367f,0,1,0,3,3,0,0,0,1,2,0,0,0
7e9b5be14f535001025eb4370a3d4db000f89509,0,1,0,4,4,0,0,0,0,0,1,0,0
7ed7f3d676ede1fccfb2dd0ab64ad6ec50a312ab,8,0,0,0,0,0,0,0,1,1,0,0,0
7ef5b0c56302abb21eb90721eed8ef4a820df944,0,0,0,1,0,1,3,0,0,0,1,4,0
7ef78a7663fbb52fc629678d94c860aec882551f,0,9,0,0,0,0,0,0,0,0,1,0,0
7f23a0f79bf9a9f0ff37487393e88ad8949f72cc,0,0,0,0,1,1,0,1,0,0,2,5,0
7f9a0b1eeadbc6a760848174c9297c9321ed45c3,0,9,0,0,0,0,0,0,0,0,1,0,0
7facdcc686451241ab015e1c26cf30531ee5ec63,10,0,0,0,0,0,0,0,0,0,0,0,0
8006736ca5b56cafb6e846fb92782571aa62ce54,0,0,0,1,0,1,0,0,1,2,1,2,2
8058108519e08d20033da92711f0ce8bfd134eae,0,0,2,0,0,1,4,1,0,1,0,1,0
805f81af5affb5b8cf85b7b3869f0cbe53f1b60d,0,2,0,3,5,0,0,0,0,0,0,0,0
80f0da32d72db15a7d3aef982227b183af1e79ff,0,0,2,0,0,3,0,0,0,2,0,1,2
8113663eb3ed0d89529a1d82c197cd82306c6f89,1,0,1,0,1,3,0,3,0,0,1,0,0
81408b3d96bd26e9d6e001e93a8f5800da8ce51c,0,0,0,1,2,1,2,0,0,0,1,2,1
817ed59b70155d5b6efe2e3dd05bb9583e6d9804,0,5,0,4,1,0,0,0,0,0,0,0,0
81d24375fc5e21a72cd252d4778007b799594fc6,0,0,0,0,0,1,3,0,0,2,1,3,0
8230501be4f2cb9e52dc682f26e9672fe4cea3e7,0,10,0,0,0,0,0,0,0,0,0,0,0
8272c8f16d97956edc787da9e48584e327120c38,0,8,0,0,0,0,0,0,0,2,0,0,0
8309100a03942bcaef8ce8ead882203ae2a384cc,0,0,0,1,0,1,2,1,4,0,0,1,0
833a5cbb90f65292878c3751ca10ba5c775bbdf9,0,2,0,1,4,0,0,0,0,2,1,0,0
833b341df32cefa9bc0377dd0ac0268872175b1d,0,2,0,1,4,0,0,0,0,2,0,0,1
83a0585329a1abd67c8d089c5616be8e07db498b,7,0,0,0,0,0,0,0,1,2,0,0,0
83aa0c7467f3fc39cd10f3513bac7e83c7cd337c,0,0,0,0,1,0,2,1,0,2,0,1,3
83e21f89d9580517595000d33b5ec282a2537c8f,0,0,0,0,0,1,3,1,0,0,0,3,2
84081186035ccb59059a8f6db4a536cd6797ed57,9,0,0,0,0,0,0,0,0,1,0,0,0
844e7aee95eeac3f698294e08b19613caeff9cad,5,0,0,0,1,0,0,0,0,4,0,0,0
844fca404df64826d54ded29b2e3f0ca382e3d5a,7,0,0,0,1,0,0,0,1,1,0,0,0
847702517200456e7a15c2ff3fc52da795acaef0,0,0,0,0,0,3,2,2,0,1,0,1,1
84cf3a257363c66cf4de231b1a151e06c7f0434d,0,2,0,5,3,0,0,0,0,0,0,0,0
84d88866a56ad4528e7f404bcfab5930b87ef006,0,2,0,7,1,0,0,0,0,0,0,0,0
84e13c1dab0207fd43aa1fe2af0278926c8c7232,6,0,0,0,0,0,0,0,0,4,0,0,0
85106b298faef7a2d96241c33226c5fb646ae7f5,7,0,0,0,0,0,0,0,0,3,0,0,0
853b0f139c336fb7636dc4354951b2680f126873,8,0,0,0,0,0,0,0,0,2,0,0,0
85aea7b77758d1c442d5337739d8d570586c7798,0,0,1,1,0,1,1,2,3,0,0,1,0
862a7a7d6fe89af95874efabf9706d58ac17e8fc,8,0,0,0,0,0,0,0,0,2,0,0,0
863cdb8dcae99d42f781f0a81b47afc6a4d4960c,0,0,1,3,0,1,1,1,0,2,0,0,1
8678eb4838d2da0418bb5911ab0a1a2cccd6a4e2,0,0,1,2,0,2,2,0,0,2,0,0,1
86a688c0b2d0d2fbe5c7ef0859f1d4b1672eafad,4,0,0,0,0,0,0,0,2,4,0,0,0
86c4dca258a01bc071fc7dd2b190792a56744e03,0,10,0,0,0,0,0,0,0,0,0,0,0
87022743f747f107964a3e4149cb6bc254ffe054,0,0,0,0,0,0,3,0,0,4,2,0,1
8795c1337df6792d2fb61c85e5d3b21428e492b8,0,0,0,0,0,0,2,1,3,2,0,1,1
87f64d04717838eda0b6cc883a2ca8c85f8776ef,0,2,0,3,5,0,0,0,0,0,0,0,0
87fb0bb2ff8d80f06c5d63cf432aaf9af4cc6e0a,0,8,0,0,0,0,2,0,0,0,0,0,0
88725c3cc07051b46198767a5c24b224eec2814b,5,0,0,0,0,0,0,0,1,4,0,0,0
88b7fa5acf42be6509e34350a5391fabb6d3763f,5,0,0,0,0,0,0,0,0,4,0,0,1
8927bb4b260c7628babbe3dab3ce3d32856e3cff,1,9,0,0,0,0,0,0,0,0,0,0,0
89484a716b6a54bda793ab5b69799579bf5b5512,0,0,1,1,0,4,0,1,0,0,0,1,2
89a34513678d410003ebef004c908b4b28fb0cde,4,0,0,2,1,0,0,0,2,1,0,0,0
8ae077b2705f3fa1984fc4eaf84f761df29153f8,0,0,0,1,0,2,2,1,0,2,0,2,0
8af8f6b373675c414103566d9b3f61d36fedda28,6,0,0,0,0,0,0,0,1,3,0,0,0
8b7e46e13013839bfadda06e2efa676c73b09336,0,0,0,8,1,0,0,0,0,0,0,0,1
8be4dc5b5817d3ca104a9b25642d6b5ad2f6a3ec,0,0,0,0,0,0,3,1,2,1,0,2,1
8c182b1f6030cf93e729511a7254cf851489f5ba,5,0,0,0,0,0,0,0,3,1,1,0,0
8c2da8fee0b5451948459a8a02444eb84faa538f,0,3,0,2,4,0,0,0,0,1,0,0,0
8c4d9772b4668b34445c6ca8e4d79ac65313ae8c,0,1,0,2,5,0,0,0,2,0,0,0,0
8c811596370da3cb22b90c10ec79e3023ad62284,6,0,0,0,0,0,0,0,4,0,0,0,0
8d1494b7be2ae0afe5c7ca0045160b776d8726dc,8,0,0,0,0,0,0,0,1,1,0,0,0
8d45aac8b4c4ee3d9ba7cdb377b931f3cbcc8da8,0,3,0,3,1,0,0,0,0,3,0,0,0
8d65ae83c92b51d137131b545356da9723a82f6f,0,0,0,0,1,2,2,0,1,1,2,0,1
8d7d13291c1bab8756b96e20adea77ffbec09404,1,0,0,0,0,8,0,0,0,0,1,0,0
8d95e9ba78fc028d957e0d8b20185a709adff285,5,0,0,0,0,0,0,0,0,5,0,0,0
8dffbb7c223eedf14117d36a97360f4206917a96,4,0,0,0,0,0,0,0,1,5,0,0,0
8e0151bf1adff6a66cba17bac0947815a8311299,0,0,1,0,0,2,3,3,0,0,0,1,0
8ebb00479ef17a58ea51cebea4eafb0427df8e78,0,0,1,0,0,2,4,0,0,1,0,2,0
8eca40c545be7f3ce3af5c64e55fd2658fdb5680,0,0,0,0,1,1,3,1,0,0,1,1,2
8ed658c8bfcbf98d3a7864feeea0dc41b83b3c44,0,4,0,3,2,0,0,0,1,0,0,0,0
8f1be00cc0aec6bc9d6b71f646a10569b80bfaa2,0,2,0,3,5,0,0,0,0,0,0,0,0
8f559d0a30928023b7f5ed483568b31ea8250d1d,0,0,0,0,0,2,2,0,0,1,0,5,0
8f8dc98e61df6f3b7f6489c001c020bab363f2f6,0,8,0,0,1,0,0,0,1,0,0,0,0
8f98efcacec635ce1b68f7ca2d24a2b00880abbe,0,0,0,0,0,1,3,0,2,1,1,0,2
901c6ef57e9d636e89e681e09886a9efc6e0586f,0,0,0,1,1,0,1,2,0,0,2,2,1
907ec79009715343d3be13ff0b99ed72e0f16070,0,10,0,0,0,0,0,0,0,0,0,0,0
90d420ae76becf70676499adb610a8e1c61d303a,0,0,0,2,0,3,4,1,0,0,0,0,0
90f3467e8845c252a2d7e47971c0bc38ae6e9e14,0,0,0,1,1,5,2,0,1,0,0,0,0
911ac547716765330a6542f4a2a268ad6ec04c47,0,3,0,2,3,0,0,0,1,1,0,0,0
912ab53243ffb43c3c62c944bd4d5a504a195c7d,5,0,0,0,0,0,0,0,2,3,0,0,0
916f84973af358915fc018da6f992cc3b38a7758,0,0,0,2,0,1,0,3,1,0,2,1,0
919d3e7fab308c4f87ebfe4f3f1407588c97d786,0,9,0,0,1,0,0,0,0,0,0,0,0
91befb49291d18d963f6998bc37e013ee2e7652d,7,0,0,0,0,0,0,0,1,2,0,0,0
920bc131effcff1f350cf0e380087bca4a414966,0,1,0,1,7,0,0,0,0,1,0,0,0
9243e412ae4024a351b2e78d286a27d3ec299b91,0,0,0,0,0,0,3,1,0,1,3,2,0
9244d62b61798607d60d72de14a8dd1138e7e542,6,0,0,0,0,0,0,0,2,2,0,0,0
924af780b801924b75dc8c5448aeca38d622440a,0,1,0,5,3,0,0,0,0,0,1,0,0
9269662c8fa7419a636e611b3603509f51e790c8,0,0,0,0,1,0,1,1,0,0,0,3,4
92aa556c5139b6799f35d61482f7268ef2fde65e,0,0,0,0,0,2,2,1,0,2,1,0,2
930c289bb69a9b1202fff66d587462c74438648c,0,0,0,0,1,1,3,2,1,1,0,0,1
930dafd376df65cdda2774313885e816d36b74f7,8,0,0,0,0,0,0,0,0,2,0,0,0
93414df8d0748921f2c305f6baa3e76853bbcb8e,0,0,0,0,0,2,1,3,1,1,0,1,1
934bdf7bc850d46825b6046a7891cc9bb59ae7da,0,0,0,0,0,0,4,1,0,1,0,2,2
935d4dad2042b9bb5460f60377dc606f92e4bc61,0,5,0,4,1,0,0,0,0,0,0,0,0
940dce76fb1a3a46b187821f16553188221005dc,0,0,1,0,0,4,3,1,0,0,0,0,1
945854cc08277888ee8ce73f3e5aebe1ff83ae8c,0,9,0,0,1,0,0,0,0,0,0,0,0
948a534b10cd827f3372acb95e02136ef5874c1a,0,0,0,4,6,0,0,0,0,0,0,0,0
94f767f3d6d23760e694208a571cafc80257a89e,1,0,0,0,0,0,3,0,1,0,1,4,0
95086d9c11bd51c3b0da17586ae74af713bcc16b,0,0,0,1,0,0,3,0,0,1,0,4,1
9522287a55f56cacaa38d1a2babafe963d9002e1,0,0,0,0,0,0,2,3,1,1,1,0,2
952f706a52efbba4a320c92af1c9b3fa555496b5,0,0,0,1,0,0,5,0,0,2,0,1,1
955c5d24fd2e0f6993b1ef67983ddf4014a3cc97,0,3,0,4,2,0,0,0,1,0,0,0,0
95619ab7bc4d739fe777fd992945637c9d5c7c7e,0,0,0,1,0,1,6,0,0,0,0,0,2
95621be7cf7a4c3fc4cc9a0c6afa45b9d840b8d6,0,1,0,4,2,0,0,0,0,0,3,0,0
959153d6894ee4673a3aa4995da5612c3fe83726,0,0,0,0,0,1,2,1,1,0,0,2,3
962eaed1357ffb152e91877eb7da19e9bfe1e44b,0,0,0,0,1,0,4,1,1,2,0,1,0
967caea484401c9ad2ba42902140c1c4b98513b5,0,1,0,6,2,0,0,0,0,0,0,0,1
96ab07866a9352e67f01f147893df90e7fcb03a6,0,0,0,1,1,1,2,2,0,2,1,0,0
970c7f62abdd29228401ded472314a5bfa4c1940,7,0,0,0,0,0,0,0,2,1,0,0,0
9711f83f5d576ec1d9a3229376a734dbbfc71be8,0,0,1,0,0,1,0,0,0,0,1,3,4
9749f8074aedd60660707f5090e3c44857305f0e,0,0,0,1,4,0,0,0,0,3,0,0,2
9756508414efa90f0700df1c4d4b79856b65ec09,0,2,0,2,6,0,0,0,0,0,0,0,0
9779e7a665234ab3bba75021575625de0be6d776,0,2,0,2,5,0,0,0,0,1,0,0,0
97974f3a4bbd28075db7aeeaa89e78e06aea65e3,2,0,0,1,0,0,0,0,1,6,0,0,0
97f6d1caeb0e2bac584143790f6f9798c341193c,0,0,0,4,4,0,0,0,0,1,1,0,0
97fae71083d7b6749d2997bf4da006c0bd22961b,0,0,2,0,0,4,2,0,0,1,0,0,1
991faa604ac463676e7e35af6980a881edfc91d9,0,0,0,0,0,2,4,0,2,1,0,0,1
9941cd447d1422c8fb62ab6e1121b3895c365773,0,0,0,0,0,1,3,3,0,0,3,0,0
99bca0787b5f7d0b410acbe668e0b0e1da668fa6,0,9,0,0,0,0,0,0,0,1,0,0,0
9a0559cd597ebff018fd0adf0735cbd2a3cf5794,5,0,0,0,0,0,0,0,4,1,0,0,0
9a3aaa445baf851ac91be6a19de72213feed39a2,0,1,0,2,7,0,0,0,0,0,0,0,0
9ae4d124c4bc3ef13f72006b3030303f20219a5e,9,0,0,0,0,0,0,0,0,1,0,0,0
9b35b09aac309cf20e11a4dea1af2517aaca8324,0,0,0,0,0,3,3,1,0,1,1,1,0
9b9eb511609bb6d222ddbe6cd96a19d3b0d8bd7c,0,0,0,0,1,2,3,0,0,1,1,1,1
9bb6722b83892662f31ef97af76948c781f10c8c,0,2,0,5,2,0,0,0,0,0,1,0,0
9beb64cf59a7ad48f0851b0cf239c05288134cab,0,8,0,0,0,0,0,0,0,0,1,0,1
9c1b70cddf626a9b7a65f9b4a9d6f06615285785,0,0,0,0,0,0,2,1,0,2,0,3,2
9d0869679cac4b6bea50dbd8a02efa0fbdfe4c62,0,0,0,0,0,3,1,2,0,0,1,3,0
9d14e939efbdf75c7630cc79fd2e015b731b6b6c,0,0,0,1,0,3,2,0,0,0,3,0,1
9d997c93cc0c769d659a61a98213338c789e5797,0,0,2,0,0,0,0,4,2,2,0,0,0
9e262486e029811fc9a6b827e4f671c23d6254c0,0,0,0,4,0,0,4,1,0,1,0,0,0
9f6895fd52cbe2d1c15efe118fe854cd82d866a2,6,0,0,0,0,0,0,0,1,3,0,0,0
9f9148189b780f3d7ecb0f55cc163a1751caea27,6,0,0,0,0,0,0,0,1,2,1,0,0
9f99c02deb8b12fe8a348565c62ac3cd5a7a7dc3,0,0,0,0,1,0,2,1,1,0,0,3,2
9fc9a0b4eaf3a7d4f7b72eb63c764a76dea52e60,0,0,0,3,0,3,1,2,0,0,1,0,0
a02bd4919c4909e48b7c80b7b01020f99a94d377,0,0,0,0,0,4,1,0,0,0,1,3,1
a08eb0c865b54be8c3ae51fd40d6eb1f11bc5273,0,0,0,0,1,0,1,0,1,0,0,7,0
a164d1dbfd5940b466fc4e54f024960a62ec02c1,0,3,0,3,3,0,0,0,0,0,0,0,1
a17b076b9bd94beccb11cbf5e1f41d1e91e19a85,0,0,0,3,0,1,2,1,0,1,0,2,0
a1a8528656d51dae7a1b5841593f8b1925b452ea,1,0,0,1,0,2,1,0,0,2,0,1,2
a1ac56c363c9b9e15102b9ac733a7520c6bea2df,9,0,0,0,0,0,0,0,0,1,0,0,0
a1d5daa2e1bd481c3b1cf96029e6de805816c343,9,0,0,0,0,0,0,0,0,1,0,0,0
a22664aff86e4d36dd5b2caaa86a6c707b8dd1bd,0,0,0,0,1,2,1,3,0,3,0,0,0
a330bbb239755e312fe1a32d265e6b130a9126f0,0,5,0,3,2,0,0,0,0,0,0,0,0
a340a87a3c7df3dc81ffab11b282c97115e8b51b,0,0,0,1,2,2,0,1,0,1,1,0,2
a3a9ce769e992080f965be8d3d71339621194b91,0,0,0,1,1,0,0,1,0,1,2,2,2
a3db392ce58678289a8f1cae2f7e31ae429a35e4,0,0,0,1,0,1,3,0,1,2,0,2,0
a3e7e54968c1a980aa58f836a90fb348b18e3b0a,3,0,0,0,1,2,0,0,1,2,0,0,1
a41f7cfd2d9da0377e47b3a31c64ce65d2af211b,0,9,0,0,1,0,0,0,0,0,0,0,0
a4f67b1a51c52c282fe23c4307de59a43b1a06df,0,0,0,0,0,3,2,0,2,0,0,3,0
a5ad6b75e4dab7b5da190b35f228f6a0613c5b4e,4,0,0,1,0,0,0,0,3,2,0,0,0
a5d6bc9972f4e2728b0f66f4f254b85f18fa9ade,0,0,0,0,0,1,3,1,0,0,1,4,0
a619a9c2b983d5eabec739f32aede83cdeb80a6e,7,0,0,0,0,0,0,0,0,1,0,0,2
a6497325714bc4a75435d7e6abc3a4e14ad04fa9,0,0,0,3,0,0,3,1,0,1,0,0,2
a65d211b6dc9080ec389f34ca9ca448690c93cd5,0,8,0,0,0,2,0,0,0,0,0,0,0
a67fecb5b77adeb1444cab1d6c6a01aa606bdfb6,0,7,0,0,0,0,1,0,0,0,2,0,0
a6e156c8d203e68d6b56703e295eb9ac10d58821,4,0,0,0,0,1,0,0,5,0,0,0,0
a75e67aceb53074ed9daafa55e8bbb481ee3259b,0,3,0,1,4,0,0,0,0,1,1,0,0
a7c85b90cdcd23cf7e6fb40a6d3b9fb5a146e7af,0,0,1,1,0,1,3,0,0,1,0,1,2
a842c0b44239a5559ae94abf1d402049f1c88801,3,0,0,1,0,2,4,0,0,0,0,0,0
a8630505ee4fa6eb02624c91147035dfb1a06593,0,3,0,1,5,0,0,0,0,0,1,0,0
a8b0fe8f9fe1f2e65d681b59c78a1ab35f3b18c8,8,0,0,1,0,0,0,0,1,0,0,0,0
a909e96131ae1fb3d785dbf801cbe3d4b82b6daa,0,0,0,3,7,0,0,0,0,0,0,0,0
a911ab2f2fde5a2db0cd034aa3adae98217f1b3b,0,0,0,2,2,0,4,1,0,1,0,0,0
a92080a60c508e85e2ff0bb89eb2aaa5ac984558,1,0,1,1,0,1,5,0,0,0,0,1,0
a94de6fa6c17a21f3f35a02339157aec336d780f,0,3,0,2,3,0,0,0,0,1,0,0,1
a95a36a270463019b6176f2327afdbe7ce8c78c7,0,2,0,4,3,0,0,0,0,0,1,0,0
a97535a402371043c0f20132fb1b1cc8e2a7a2eb,0,8,0,0,0,0,0,0,0,0,0,0,2
a9764838ba77615c564fb614880fa1f37a7bf87d,8,0,0,0,0,0,0,0,2,0,0,0,0
a9b86790170481e91d8a6d351ff45847c851a790,0,0,0,0,1,2,2,3,1,1,0,0,0
a9cbbb66fcba6cce52c08b4d36ff1c3576e631a4,0,0,0,1,1,1,3,0,1,2,0,1,0
aa1cba5255b6cec56f0cde20d5412a9ee98dd514,0,0,0,0,0,3,1,2,0,0,0,2,2
aa228a0fde49183396035f92ae2ec88f0ae68a4c,7,0,0,0,0,0,0,0,2,1,0,0,0
aa4a08e3b11dbda387192adddabff616b10a5747,0,0,0,1,0,1,1,0,0,1,0,3,3
aa70b30e179f3c6c3d224147d5de0d3eff320404,0,0,0,0,3,0,3,0,0,0,1,0,3
aaf6ef65e1da77b07ba2a59e18d5af1d394fba7b,0,2,0,2,6,0,0,0,0,0,0,0,0
ab73f3fc2127934fe955369e3f234fa2aed6f7ff,0,0,2,0,0,5,0,0,0,1,0,0,2
ab9be02953bdd6f377ebfe3d22204c345d056ce1,0,0,0,3,1,0,2,0,0,0,0,0,4
abcf194b38298eaa4619b2f598e1661f25179a52,7,0,0,0,0,0,0,0,0,3,0,0,0
ac17b2e092ed368156e2412bd5d3e23c6252ef75,9,0,0,0,0,0,0,0,1,0,0,0,0
ac4beee627842a29acdf814c36ffd02c94c1eb5e,6,0,0,0,0,0,0,0,2,2,0,0,0
ac509e11959a9872932aaef07bbd66ef863f27de,0,0,4,0,1,3,1,0,1,0,0,0,0
ac8367517997ba51deaf3aa92d343fd945035138,0,0,0,1,3,0,2,0,0,1,0,3,0
acac933036348840abdfaf720eb2bd26ff2e04df,0,0,0,1,1,4,2,0,0,1,0,0,1
acef849b934d679e123900bb9883abad7fa5fb28,6,0,0,0,0,0,0,0,2,2,0,0,0
ad342bd9dee39d735a51898781c042342456c3e0,3,0,0,0,0,0,0,0,3,4,0,0,0
ad7793c3fab302449f60ff3b16bee6acdb3eece6,0,0,0,0,6,0,0,0,0,1,1,0,2
ad9bc2fe15d238f8ec4ac95e1540f577864e4424,0,0,0,0,1,3,1,3,0,1,0,0,1
add95e3364c4c3a67e78be1d2ebb875f6f6302c0,0,0,0,2,0,4,4,0,0,0,0,0,0
adf0e4d07cc9e8f891bd6c0e041e345cac9b60b0,5,0,0,0,0,0,0,0,2,3,0,0,0
ae17a8d3b0d0f6ec31dc0362f2ec00e61fc77d42,0,0,0,2,5,0,0,0,1,0,0,0,2
ae2c33754d5369c8e0e264e89e383d6d3ff2cec6,0,10,0,0,0,0,0,0,0,0,0,0,0
ae38467e2aea1487d36a9b37dbaaaeb36da631eb,0,0,0,6,3,0,0,0,0,0,1,0,0
ae5974c2fe5bc6a1b123e6f469cc8ad3b0ca67f0,0,1,0,0,5,0,0,0,2,1,0,0,1
ae777539cc12a678788bf35361360ba3546bca38,0,0,1,0,0,4,0,1,0,2,0,1,1
ae77dc7bfbe3b2fb111e56b2e3122fc8c352cde2,7,0,0,0,0,0,1,0,1,1,0,0,0
ae826c25dcb37e251e9e1c55a64b8ea95756e3c6,0,7,0,0,1,0,0,0,0,0,0,2,0
ae9ac77924596fcdcdbfb67413365665e6e6d2ad,8,0,0,0,0,0,0,0,0,0,0,0,2
aefed8941aed3644a6223782cb553bd179d84f22,0,0,0,1,0,2,4,1,0,0,0,0,2
af03944ccadbf72d510963e21fb4c969f0030e6c,3,0,0,0,0,0,0,0,3,1,0,0,3
af21cc8cef73c55a374ad89236ceeb0aea4b0344,8,0,0,0,0,0,0,0,1,1,0,0,0
af39983c442f91ee2f2a78d8dbf6b913cb801343,0,3,0,2,5,0,0,0,0,0,0,0,0
af71ad136f16c9d7ab7510f05895410642b2cb6b,0,3,0,2,3,0,0,0,1,0,0,0,1
aff02e78ad5dfdb44045f0acdf7ef4a214dfff5b,0,1,0,4,4,0,0,0,0,0,0,0,1
b040b060fb3112a4c24fe3c97470f6b17a40c73d,0,0,0,0,1,3,1,1,0,2,1,0,1
b04fba1e0f422a0aa7a8517b8f5f01753c48b8b3,0,0,1,1,0,3,2,2,0,0,1,0,0
b0a781ce85a23683366c810fd95fefb26add1637,0,0,0,0,0,1,1,2,0,4,0,0,2
b0c134c594c02c302fe2f2257c2fe4024a0d7671,7,0,0,0,0,0,0,0,2,1,0,0,0
b0d09137defaaa681aedc0cdedf86cadf4796801,0,1,0,3,4,0,0,0,0,0,0,0,2
b0d3d26ed05d9b75c277e416a8613570dabf297a,0,0,0,0,0,1,5,0,0,0,1,3,0
b17fcb4fae1b2f3667160db793274d02a70e41af,9,0,0,0,0,0,0,0,0,1,0,0,0
b1a123ccf91390c95a32c5bd7fae42217650588d,0,0,0,1,0,0,4,1,1,2,0,0,1
b1ecfd786ff2857123dfaf5f8fbd0e428819dfc8,9,0,0,0,0,0,0,0,0,1,0,0,0
b2170435c09deba919f8123dfff61cf4de2084ba,9,0,0,0,0,0,0,0,0,1,0,0,0
b2362168a4b4187e066870d3e08f5ee6454ff9e7,0,8,0,0,2,0,0,0,0,0,0,0,0
b2b80147fb473d07ca17d514b6951c4a22062650,0,5,0,2,2,0,0,0,0,0,0,0,1
b2c654849d0d8fa40dd623d1c71758077e66cb9e,7,0,0,0,0,0,0,0,2,1,0,0,0
b39b1e0407b6cf6b5f43a5e4556bc69e06c3019f,0,0,0,0,0,2,2,1,1,0,3,0,1
b3d2e9aa6b111c2f15dd0b2bed53288240e28a01,0,0,0,2,0,0,2,0,1,2,0,3,0
b3d6b971275f1ba6e01d9d62439e0032a93b0a62,0,0,0,2,0,5,1,0,1,1,0,0,0
b3d834c02f57f37ec46d7081e5f0eb3f82eccbb7,0,1,0,3,6,0,0,0,0,0,0,0,0
b46d8d7148f668615cdedb2f126f7907de38055d,0,0,0,0,0,0,4,1,0,1,0,1,3
b4784411791a1001a9d8fd147cdc24548f4fb40a,0,0,0,0,0,2,3,0,1,2,1,0,1
b4915ddd20d08651ac90cfc91741d587ef82ad9b,0,0,0,2,0,1,0,0,0,2,1,3,1
b4bd16b89f8348ab3ff1964293d89714594d594d,0,0,0,0,0,0,2,0,0,5,0,0,3
b4c9c17cd82f992e71fbc78ec8606177f60e79fc,3,0,0,0,0,0,1,0,6,0,0,0,0
b567349cee962898afe265c09a6d372bd1a360bc,8,0,0,0,0,0,0,0,0,2,0,0,0
b5708168bdae224765351a90431c11d9c2e3fcb2,7,0,0,0,0,0,0,0,1,2,0,0,0
b5a92cff3ed48760ba6ab02936f01b0370bfd0eb,0,3,0,3,3,0,0,0,0,0,0,0,1
b5b47c8befe7441c77953453965c4a014d14e423,0,0,0,0,2,0,2,1,0,2,0,2,1
b61d9f2bdb15baa4505b68e809c4938becf383ff,5,0,0,0,0,0,0,0,3,2,0,0,0
b6a2f0d4593730732edf70df1ee790e1f07bb894,0,0,0,0,1,0,2,0,2,1,2,1,1
b6bfd1bcd233c0340ed9de1baef3a54a74e2f424,0,0,1,1,0,1,1,4,1,0,0,1,0
b741eb2a84da6a18783e3098de630cb1841788b4,0,0,1,0,0,2,2,0,0,0,1,3,1
b75164dd20364254daafb6c52213731f7fc32b17,0,5,0,0,4,0,0,0,0,0,1,0,0
b774eafe916bbd95ae8ac0ceee93c74e5411ddd5,0,8,0,0,0,0,0,0,2,0,0,0,0
b7b1c99e6f84e5cc411f8ff0c2f32147e98f7ec2,7,0,0,0,0,0,1,0,1,1,0,0,0
b8066387d7f69a74bc2357d6a2a31465b34c4897,0,0,2,0,0,2,1,3,1,1,0,0,0
b826589dd9515f4b58eb76a95ddb7ad2bd9f0518,0,0,0,3,0,0,3,0,0,0,0,1,3
b8477cce78adb50960507132387e7154da5830b9,0,0,0,0,0,3,4,2,0,1,0,0,0
b87ac606cea1a39289751574fd6dc7c3fdbc75c4,0,1,0,2,1,0,0,0,0,0,1,0,5
b8a97bc0fa95834b96fc5e8c768952073647d6f6,0,0,1,1,0,3,1,2,0,0,0,1,1
b8c669fd029df6e19522243e3992c4b4e86e7a34,0,0,0,0,0,0,2,0,2,1,1,4,0
b8d5eb892e342e5844f2e23cf6f221b40932619d,0,0,0,0,0,0,2,0,0,1,0,4,3
b8dcb265b5ca70e22547ae1deaacc0e048a72a2e,0,0,1,3,0,1,2,2,0,0,1,0,0
b9997d87c745fc110317b495137f7fa93d22d536,0,0,0,3,0,1,0,2,0,0,2,1,1
ba44b5da7a25fa19939e01daeef45cb1802a46c2,0,0,0,1,0,0,3,1,1,1,0,1,2
ba6094854f76a71d7578bb000c6c78259a90563a,9,0,0,0,0,0,0,0,0,1,0,0,0
ba6cf11bafed4b05174ea8964a426d73e5395a1b,0,0,0,0,0,1,3,0,0,1,3,0,2
badefc713b384d012921ffef9876fa65b1fdb6ee,0,0,0,0,0,3,1,0,0,2,0,1,3
bae62867d7a325ae94ee0c8c504b0fe27780cef9,5,0,0,0,0,0,0,0,2,3,0,0,0
bae7c7a8397e0b1e8de033ff05b16e2cbe08ce5d,0,0,0,0,0,1,4,4,0,0,0,0,1
bb42459040b376087b656e9cfe8b7488dbbe7920,0,0,0,0,0,3,2,3,0,1,0,1,0
bb4ae32f59985a258af4a2ac25f80f2d8faa61bd,0,0,0,1,0,1,0,3,0,1,0,1,3
bb5d4f7c92a996fe4b8d51254bc8c21d059af9ef,0,1,0,1,3,0,0,0,2,2,1,0,0
bcf06e165c09a17f5e8f8a97349cb9ee91dffbe2,4,0,0,0,0,0,0,0,2,4,0,0,0
bcf6cfd2f5d23029b2c0b01416a26d7b336fa697,7,0,0,0,0,0,0,0,0,3,0,0,0
bd1556af202d8eae06332b70cce337b176c559c4,7,0,0,0,0,0,0,0,0,3,0,0,0
bd26625fb3a2267d837f04871e8553db6492b8ad,0,0,1,2,0,3,2,1,1,0,0,0,0
bdc530bf7c4b1c219c801c16ee4fcfdeb1370e50,4,0,0,0,0,0,0,0,2,4,0,0,0
bdeda7a3ba13f054852dc33c81ec0efe025292ce,0,0,0,0,0,0,2,0,0,1,0,2,5
bdff06d77adbb71071375dc4fb019b3444df3b8b,0,5,0,3,1,0,0,0,0,0,1,0,0
be03c5d1c8a1bee75455f925cfc86425eb004b78,0,0,0,1,0,2,0,5,0,0,2,0,0
be09dff3e8ef3f24a7d7507444101bcf822eb4a9,0,0,0,0,0,3,1,0,0,2,0,3,1
be1505b779f1559c08724cfb3ba21b08d67734f5,0,0,1,0,0,3,5,1,0,0,0,0,0
be2aada835a76818832058bfa1925e15ffc18db7,0,0,0,1,1,0,1,0,1,3,1,1,1
be40cd6e9ca32fd51799eb60024371fa79808a4f,5,0,0,0,0,0,2,0,0,3,0,0,0
bed0829366451b069d15fb15d6daf067355b0183,0,0,0,4,5,0,0,0,0,0,0,0,1
bf43b3caa9e8e98a1bd447772be177bb0ddc079c,0,0,0,0,0,0,1,1,2,2,2,2,0
bf5cc4c1580f61afe8da224a94d044641c8ab7e5,0,3,0,3,3,0,0,0,0,0,0,0,1
bf65ceeb85a8582bb77609263d0229a76f10f146,6,0,0,0,0,0,0,0,0,4,0,0,0
bf6db3f9aabcae9e55aa72e3ab1b2e7d2416de83,0,9,0,0,0,0,0,0,1,0,0,0,0
bf6dde47c8bc970f2b2ea334d46c9a21c8dd0c7d,5,0,0,0,0,0,0,0,4,1,0,0,0
bf93951d3263f1b112d8e77406381266ca694c7b,0,0,0,0,0,2,3,3,0,0,0,1,1
bfa412d089be91226f96978dc56f1ed880079383,0,10,0,0,0,0,0,0,0,0,0,0,0
c083de48801ad6a5cc9dcef92f7d8b63f0b4ff61,8,0,0,0,0,0,0,0,1,1,0,0,0
c0abcf94f00af0fcc92586bc3e8755b3b7c3aeeb,6,0,0,0,1,0,0,0,2,1,0,0,0
c0adff37b85b6770381f9a39af278228dad153fd,0,2,0,0,7,0,0,0,0,1,0,0,0
c0b4c637e05e1337fbd9553607f562f931fe6bc0,0,0,0,0,0,1,2,2,0,1,0,3,1
c1a37eacb61ed25cd8cf97ca27d374c27ecfd7c0,0,8,0,0,0,0,2,0,0,0,0,0,0
c1e4c0048451e21a13f92d8ea7fea65dc0a8149f,0,4,0,2,0,0,0,0,0,1,0,0,3
c226a5b14f1d2549c1a629c7619282cc9b2ea9d3,0,0,0,2,0,0,3,0,0,3,0,0,2
c22fedf439093bb9f0b1727da55f08ed9e2bdd84,0,9,0,0,0,0,0,1,0,0,0,0,0
c28089210685a9b3f4158ee30160d713c5bdc7ad,7,0,0,0,0,0,0,0,2,1,0,0,0
c28b678ec693da407fc617d1db86be232d3a91c5,0,0,1,3,1,2,1,2,0,0,0,0,0
c2a1439ecc0b454b688b3ade7777ebba9d0943ea,0,0,0,0,0,1,1,2,2,0,0,2,2
c33287b2b88433b42a858b24ed2d894ff32112b1,6,0,0,0,0,0,0,0,1,3,0,0,0
c336422b1a138ee05d63219ca0798f00c44c2ea0,0,10,0,0,0,0,0,0,0,0,0,0,0
c33ee6139bbe361227144946cd7734a0812dc07e,0,4,0,3,3,0,0,0,0,0,0,0,0
c346bb41a2067661cfa9de6f7e4dfa2afffc49d4,0,0,0,0,2,0,4,0,0,0,1,3,0
c34a123a9b97e2d1d07be5c7a8312d403df6564d,0,0,0,0,1,1,4,0,0,0,0,1,3
c3cb7862d56c79c6db97707bd8f906c06cedec18,6,0,0,2,0,0,0,0,0,2,0,0,0
c3d6f792d12c5e14033081df4d2a0d7503dc16ad,0,3,0,5,0,0,0,0,0,0,0,0,2
c3eb16e7744281bb97bdb1ec839d4843c9026b9e,0,2,0,4,4,0,0,0,0,0,0,0,0
c3efe46c24b7da8fbde138d181f8116d4bbcf631,6,0,0,0,0,0,0,0,2,2,0,0,0
c47b7624ba1a005b1053f597ccc9c3d93d01450b,0,0,1,3,2,0,0,1,0,0,0,2,1
c4ba8a394cad6a80030dd030c3b9a0b9ae283e99,0,0,0,0,0,2,3,3,0,0,0,1,1
c4f1faac1b8f67588eda829ac28c151b6b0768b0,0,0,0,0,0,2,3,1,2,1,1,0,0
c55da5a331f294b7d25174c875ff4793d99a9a56,7,0,0,0,0,0,0,0,1,2,0,0,0
c689dd0f208ee3d258792c034d628fd982a56151,0,0,1,0,0,6,2,1,0,0,0,0,0
c695f5cef177c6e02352d42000201935ae659a81,0,0,1,0,0,5,3,0,0,1,0,0,0
c78458678c6d6118b6ef427695ccf869600d53d3,0,0,0,7,2,0,0,0,0,0,0,0,1
c7d4550c39524ab6e546cff169d92ade710719ab,5,0,0,0,0,0,0,0,3,2,0,0,0
c7f02203456d6a52096b0e9e80518cd815a010c0,0,0,0,0,0,0,3,1,0,2,0,1,3
c89086e5f3587225f774d6fef161129d4522c6da,6,0,0,1,0,0,0,0,1,2,0,0,0
c8e0fba394777b7b412f31c987607f8d8bd3f0d1,0,2,0,1,7,0,0,0,0,0,0,0,0
c8e448c548a8c09637f20d4d76db9eaa19315332,0,0,1,1,0,5,2,1,0,0,0,0,0
c970eed0f143686a35530de48a01a3b28feef6e3,0,0,0,0,3,0,3,0,0,1,1,1,1
c98b9c152a8e0d6223b90d635fd181a003843a33,0,0,2,0,0,3,2,0,0,1,2,0,0
c9d7ff2d90e1b063751233f139cca4d2bad3a988,0,2,0,4,4,0,0,0,0,0,0,0,0
ca1499294b09cb06ce800e8d0ef41d9236d96e5a,0,0,0,2,0,4,3,1,0,0,0,0,0
ca490035c184b0e6497b24ace23fd7fe354ff760,0,1,0,3,3,0,0,0,0,1,0,0,2
ca766eccbb44a8ac00c4626b7426194e3a5fb51a,0,0,0,1,0,1,3,1,0,1,0,2,1
ca821c350ec6cc245b3653e5f63ba06d082b276d,0,0,0,1,0,0,3,0,0,0,0,4,2
caeed2645a95f5c20b87aa19442fac29fff69903,0,4,0,1,3,0,0,0,1,1,0,0,0
cb44091a70abfc196506518a38e9676886ffa090,0,0,0,0,10,0,0,0,0,0,0,0,0
cb48b2d8c9dcb72549de391b8287a97c87cffae7,0,1,0,4,5,0,0,0,0,0,0,0,0
cb94567a74f3a8f0d84fa57e46a705d2983e40eb,0,4,0,5,1,0,0,0,0,0,0,0,0
cc219c1e214bc926c7c39641fa92cf591b8dd046,1,0,0,0,1,2,2,3,0,0,0,1,0
cc6c947ac63c27e724d5e492e0cbb7c30876451a,0,0,0,0,0,0,3,2,2,0,1,1,1
cc7873b6116a03a28fff74b9f44d79ad2239dad2,0,0,0,0,0,2,3,3,0,1,1,0,0
ccbcb67997ff60a19a45f1c5d8a15a4113e7f35d,7,0,0,0,0,0,0,0,2,1,0,0,0
ccda316e7daf123a3b73aa5b9fde75f96309d634,0,0,0,0,1,0,1,0,1,1,5,0,1
cdfc22455cd0950a3b2b055efd1f63e234e9233d,0,0,0,0,0,3,0,4,0,2,0,1,0
ce057e78f8ace0b900c7a81110ed6ed9a1069764,7,0,0,0,0,0,0,0,2,1,0,0,0
ce1a1b72d13286c78c7b891494c58da1d94a9834,5,0,0,0,0,0,0,0,0,5,0,0,0
ceb5d8aaaaa81b21dab772867374066b20a92ee6,8,0,0,0,2,0,0,0,0,0,0,0,0
cef9c753d2ccad387d5ec3f8398e8c95111a52ea,0,0,0,0,1,0,4,0,0,3,0,0,2
cf38a288acbe0ef1c7f560b0ab89b328d9346c6f,5,0,0,0,0,0,0,0,4,0,0,0,1
cf4d8cb49fdd5db6a132e12ba6c6fce80045f62c,0,0,1,0,0,3,1,0,0,4,1,0,0
cf8c217b568f5fd0e05acec3d9d3bc3499b9b052,0,1,0,4,3,0,0,0,0,0,2,0,0
cfdf90de49df25311225b9e544aa9d440f180f76,6,0,0,0,0,0,0,0,2,2,0,0,0
d03433516fad412668f7c38bd0319335a5a53b4b,0,8,0,0,2,0,0,0,0,0,0,0,0
d05f75dded42e1ad6e4c212a6fcc5127c5cc13bb,0,4,0,2,4,0,0,0,0,0,0,0,0
d0d0753abf01d87835f27d7a46fa232c83d4b7c9,0,0,0,0,0,1,1,2,0,2,1,3,0
d0f1fd326fbd4441d25076dba05a00ae2f96362e,0,10,0,0,0,0,0,0,0,0,0,0,0
d0f26a389cbaa32851e9808daf2e2c139631e507,0,0,3,1,0,0,3,0,0,2,0,1,0
d10700133c39427d833cabaa66365c0dd9c0335e,0,0,1,0,0,0,1,1,0,0,0,1,6
d12669bfbc1d18e9b5aaf7fec9f16024fddfff55,0,3,0,1,6,0,0,0,0,0,0,0,0
d13185b5f525aac64bb2bcb6c08d5e97bf57ce4a,0,9,0,0,0,0,0,0,0,0,0,0,1
d138f00ceffc6d5d6f2fcfcc9fc8cc22eca99916,0,0,0,1,0,1,1,2,0,0,2,2,1
d18b4a1acdf0a4d1b09bb8a36c9c1d30bf85cafa,0,0,0,4,5,0,0,0,0,0,0,0,1
d19a7e96d5dc28de3cfee1dab0aeb0c5a7b5a872,0,1,0,5,3,0,0,0,0,0,1,0,0
d1a62d61188cba889bb06af1d8c7f3e8361f703d,0,0,0,0,1,2,0,0,1,0,2,2,2
d21d5248e0b882badf33902cad433adf544b968d,6,0,0,0,0,0,0,0,1,2,0,0,1
d23f820214b4291f0cf216c95874811ce9f29e22,5,0,0,0,0,0,0,0,1,2,0,0,2
d2480c334ee738f1420b64b2931f877ae430732d,0,0,2,0,1,3,0,0,0,2,1,1,0
d2680b5c01af5a78a2b17f26e6e3ec87c1ca564b,5,0,0,0,0,0,0,0,3,2,0,0,0
d2728e216480bb541b693f99d7cd746c9cd845d9,8,0,0,0,0,0,0,0,0,2,0,0,0
d2a7e76a0da0a87cb5f60bff246ece32d393ad03,0,0,0,2,0,6,2,0,0,0,0,0,0
d2b8fb973036f19936d26133e1b9f4452d7df212,0,0,0,0,0,0,2,0,1,4,0,2,1
d2e9ef16fb8192a3c9c45a1ba90e1657da14a2e6,0,0,0,4,2,0,0,0,0,0,0,0,4
d3c51cd609fefcc739d80871a56baebd959093a9,8,0,0,0,0,0,0,0,1,0,1,0,0
d3de46472d5644546e406d6e233624e012da9430,0,0,0,0,3,2,2,2,0,0,1,0,0
d41a9602681f3b2c47cef42acaf6262e647c2ded,9,0,0,0,0,0,0,0,0,1,0,0,0
d4db0837f58e3c7c9ac3bc9c4404039ab3382085,0,9,0,0,0,0,0,0,0,0,1,0,0
d4f3c25a7eea5e2fcd8143b7e2bfd20fac14384b,0,5,0,1,4,0,0,0,0,0,0,0,0
d4f8455024cea07c63f0d7c5bcbac8d4a7a707d5,0,0,0,0,0,3,1,0,0,3,1,1,1
d53f18dcc96e613cd47ec381cc27ce48b820fe02,0,0,0,0,0,1,2,0,0,3,0,4,0
d59964ee81ac6ffc693886269f093cae46ab7092,0,0,0,2,0,1,2,0,0,0,1,4,0
d5b20c8d999729baceb20357276ffbcfb59ee7aa,0,6,0,1,0,0,0,0,0,3,0,0,0
d5ba86b14f05e8a61d30da0475b7e03455abf261,0,0,0,1,0,3,1,1,0,2,0,2,0
d606502773bad1d928de06a63f29c4533dded9b3,0,3,0,2,3,0,0,0,0,2,0,0,0
d67de1467b92d5502b17f9dac53a9176c0276a7e,0,0,0,0,0,1,1,0,0,4,1,2,1
d684cc9b53e8366216e297174cf577d4438514f8,0,0,0,4,6,0,0,0,0,0,0,0,0
d6abbdd3b89e96fac2e6286255ed07e823e5099e,0,1,0,1,4,0,0,0,0,0,0,0,4
d76de8ed405825860d7d30a74f6249af772a1a14,0,0,0,0,2,7,0,0,0,1,0,0,0
d7b53b57ad18ba62c62bdaf6af75068f5e3e93d0,0,0,0,0,1,1,5,0,1,0,1,1,0
d844095152213e5cc849475c25f1fff785784784,0,0,0,0,0,1,4,1,0,1,0,1,2
d86edeb61bc2bede5d0f809ed96022e52547b787,7,0,0,0,0,0,0,0,0,3,0,0,0
d885e5c926aba69ce7348ffe82d524c3ac4eec9e,0,4,0,0,0,4,0,0,1,0,1,0,0
d88bdd660f4a54da026a6d5706f0a87a60f4989a,7,0,0,0,0,0,0,0,1,2,0,0,0
d8a8b7bdc074d9a842d584e7711840cfdcafc6bb,8,0,0,0,0,0,0,0,0,2,0,0,0
d8df3fe6007a4fa3b9aba2af2808fa195d70f8f7,0,6,0,0,4,0,0,0,0,0,0,0,0
d9f5ac209f6c795aa548df55e6f48a11e6f86285,8,0,0,0,0,0,0,0,0,2,0,0,0
da2a2229026da06bfac3feeeebc7d649e73d4a50,0,4,0,2,2,0,0,0,0,0,0,0,2
da557cbc024b9e0ebcc9758c5d0326ea0a1beb02,0,3,0,3,3,0,0,0,0,1,0,0,0
da90515328d8a2d4dce217e786e9478fc8e53ec1,0,0,0,1,1,5,1,0,0,2,0,0,0
da93798d378a7b47fdb08e1b726aab6c540bd403,0,7,0,0,3,0,0,0,0,0,0,0,0
da94ed1e4e953fac19c4cd3f5c8008fd4ef937c3,0,2,0,4,1,0,0,0,0,0,1,0,2
dab81ae258469e1eac9415fc1c76d7e8a10803cf,0,0,0,0,0,3,0,3,2,1,0,0,1
dad73f3cc20c9fbc92120c123581bc8f69374a5f,0,0,0,0,0,3,1,1,2,2,0,1,0
db52b61bb3a609635fb73ed74de9e9743210fcf3,6,0,0,0,0,0,0,0,0,4,0,0,0
db89c15355f3c86698bb9473eb878be84b2c017f,0,0,0,0,1,7,1,0,1,0,0,0,0
dbc9c514720032053076f03718d2482e05fba06b,0,3,0,4,2,0,0,0,1,0,0,0,0
dbe0414d362ec755eb843b7344e2840529199122,0,0,0,1,0,0,2,1,1,1,0,1,3
dca5ba68c044e9fdb4d27342dd51d84837cb42cc,6,0,0,0,0,0,0,0,0,4,0,0,0
dcc95eae9ee2a43230552c3b6ea0b4dc4fe47ee8,0,8,0,0,0,0,0,0,2,0,0,0,0
ddfdb75e932fbf706ecb4851f6c987483d118e95,0,0,0,0,0,1,2,3,0,2,1,0,1
de074dd51025196f2ee42843e7cc49d762844e20,7,0,0,0,0,0,0,0,1,2,0,0,0
dea2960920cd04183da433ee80b559c51a6dbd9f,1,0,0,3,2,0,0,1,0,1,1,0,1
defe3a3d7e306ed30e234c88b517ef329353ba9b,0,0,0,3,2,4,0,0,0,0,0,0,1
df053a3e432a27423d85d409e04c3b3f5622c5f2,0,0,1,3,0,4,0,1,0,0,0,0,1
df1a3e7b17faef0c1ba1deda87ff31a223f50499,0,9,0,0,0,0,1,0,0,0,0,0,0
df622e4785ffe5c6b81a522b3b734bf62f5d1131,0,2,0,3,5,0,0,0,0,0,0,0,0
df99397a2718f99cfdafa82ed7a4daf4e7c1db03,0,0,0,1,2,5,0,0,0,0,0,2,0
e0054a3166f833c8ef338e6b3cd3d7196e526672,0,10,0,0,0,0,0,0,0,0,0,0,0
e05749ce2274b6a687f71287b77a41392d1a2f63,0,3,0,3,4,0,0,0,0,0,0,0,0
e05fa7bf7f93f318706e7339d1955d88bf80f23d,0,0,0,1,2,3,1,0,0,0,0,0,3
e0c9203081d8a64786aa28cc28325974391177e4,0,0,0,0,0,4,2,0,0,1,1,0,2
e1142d1c076b2a188fed8b8051b246938a2f6eb3,0,0,1,0,0,1,3,0,1,2,0,1,1
e16329a5e8e544e7129df5210797970ac9d9b705,0,0,0,1,0,5,1,1,0,1,1,0,0
e198db4505085e7a3170cbee1d9dd29d193e87ea,0,0,0,0,0,1,2,0,1,0,1,2,3
e1e7d34c03ceddc0fdf8b65c1670410b1ff09ad7,5,0,0,0,0,0,0,1,2,2,0,0,0
e2098df497f049c462a921333a1411779efbfa3f,8,0,0,0,0,0,0,0,1,1,0,0,0
e20ca324b985eeead8dc4b6ba41de3efef722fae,4,0,0,0,0,0,0,0,1,3,0,0,2
e24a2584986b9c9b6f66ba02dec56d49769c6365,0,0,0,1,2,0,3,0,2,0,1,1,0
e254b6ebf7ce858cc2c0fcbbd8635154aac964f0,0,0,0,0,0,1,2,4,2,1,0,0,0
e32edf0ca1fb8f46e1c5566fe2f546052eb1f3e2,0,0,0,1,1,0,0,0,0,3,0,4,1
e3549840f0a8c273862a0d5e87b6c4425dabed33,0,0,0,1,0,1,0,0,0,5,0,1,2
e36c208ae864b2b4ced98ba53e7f1f2e104422f6,7,0,0,0,0,0,0,0,1,2,0,0,0
e39510dfcf28dda4a6215c93ea3e8c6569772bb5,9,0,0,0,0,0,0,0,1,0,0,0,0
e3ab2b7c7feb5a6e197c18d35c26da8019c9e168,0,0,0,2,0,2,1,0,0,2,0,0,3
e3ae481f1aa67b5707d0a02ad04a5d53adca735d,5,0,0,0,0,0,0,0,0,5,0,0,0
e3b5b1225337cff4b3dd7f10fa116b0fd90e92b0,0,0,0,1,0,2,1,1,0,0,0,5,0
e3b8290526c6094f3c7549c639cde6efa8af7c27,0,0,0,0,1,1,0,0,1,1,1,5,0
e3bab8b93837455cbc1157566cf408386d0b1b54,9,0,0,0,0,0,0,0,0,1,0,0,0
e3cd3dc4568b3c1a0b7cdfa26a5902f15eb1b5d4,0,0,0,1,0,2,3,1,0,1,1,0,1
e3cd5593ec69abd49e63e27f59a788942ef428a9,0,0,0,1,0,1,3,0,1,0,1,0,3
e400c2f5a9f8d456a84e6e18d9cf9aa0ce7a271a,0,0,1,0,0,0,5,0,0,0,0,3,1
e4469521a4179e586a878a52137c1ca630cfa391,0,2,0,1,5,0,0,0,0,0,2,0,0
e44fdd71dd6b62fe3ef9211835fbc71675841fed,0,0,0,0,0,2,2,2,0,0,1,1,2
e456891a7af3182455a6b89ea9aed72e76398569,0,0,0,1,0,1,0,0,3,0,0,2,3
e49a5da7dd7d340a77015ebca2bb414256281de8,0,8,0,0,0,0,0,0,0,1,1,0,0
e53cfe04fc52070721a888852d22527e32aab0d7,8,0,0,0,0,0,0,0,0,2,0,0,0
e54ac9505403dbd2dcdc017acc4c2acb2709c3fe,0,0,0,0,0,1,4,1,1,0,2,1,0
e588cc397f0d9f91717c7d485d92f366ac390c09,0,3,0,1,3,0,0,0,1,0,0,0,2
e67285410f9c9d15710ee2a52be7bb7676578b99,0,10,0,0,0,0,0,0,0,0,0,0,0
e6ac3ca0082f9c26c1f303ff790b597eb5adca4b,0,0,0,4,5,0,0,0,0,0,0,0,1
e71bc11bde4bcbd303fb654f1607528f487ad2a7,0,7,0,0,0,2,0,0,0,1,0,0,0
e7574220cf3e65a9dbaa8a925c112eeb4a11ef62,6,0,0,1,0,0,0,0,0,3,0,0,0
e760f071b8b9a404b3e39c93373b87adac218adc,0,3,0,3,3,0,0,0,0,0,0,0,1
e81af60372866e1dc736814fc362ccd0e12b25f1,8,0,0,0,0,0,0,0,1,1,0,0,0
e81dffaa19c69208da9a0b45d4c7c66b59e1cf83,0,0,1,0,0,2,0,5,2,0,0,0,0
e82ba8de70f9cb21130b18f5406cc99297809c15,9,0,0,0,0,0,0,0,1,0,0,0,0
e8903fe1621eb5bc2ef2fb1d4bcb05b2b6799665,0,0,0,0,2,0,2,0,0,1,2,3,0
e8c2607eadfd3b03fd3620ef7b558f51aaee0f2c,0,2,0,5,3,0,0,0,0,0,0,0,0
e8ef3f6439ea4cb66b60b77ab57d5e8dff5d5e9a,6,1,0,0,0,0,0,0,1,2,0,0,0
e9603a76576b8366edd6b51d8ec9f425a5291194,0,0,0,0,0,5,3,0,0,0,0,0,2
e96829d915f1792497624f868914fa13151af12e,0,7,0,0,0,0,0,0,0,3,0,0,0
e9a3bfba1fd5650634c0991d3031f7f90000ea86,0,8,0,0,1,0,0,0,0,1,0,0,0
ea07fe5c8ceed3aceb2332ffd6de4bc4aebe3f7b,0,0,0,0,1,0,1,1,0,2,0,2,3
ea110fd978504ce737ab4fe764cf7c05de254493,0,0,0,2,4,0,0,0,1,0,3,0,0
eae049d5ce75f623a8665b9315ea012047913bdb,0,0,0,0,1,3,1,1,0,1,0,2,1
eb148264e71200ae73f120950e3ec0de20bac91a,0,0,0,2,0,3,2,0,0,1,0,2,0
eb450e3872fd4225e1d5606e98cab396a9cc5c95,0,0,0,1,1,0,4,0,1,2,0,0,1
eb9caa7560128c26769e718b0c447cc74c285152,0,0,0,0,0,0,4,2,1,1,1,1,0
ebcd40ea50121bda63e750094a857e17bb1ab407,0,8,0,0,0,0,0,0,0,0,2,0,0
ebcdd5ba4e060ddd9b999383ca06e07758c7a4aa,6,0,0,0,2,0,0,0,0,2,0,0,0
ebf33e2ea707924dea8e7e73d59bcb91c4372cf5,3,0,0,6,0,1,0,0,0,0,0,0,0
ec017339f6a59d1aaa172151c0919ab2fd04276d,7,0,0,0,0,0,0,0,2,1,0,0,0
ec0d841497149038b0b162cf91352f37a94768d2,0,3,0,0,5,0,0,0,0,0,0,0,2
ecbab8d91d06f6efad0bb59a3e0384fc9ac92b74,6,0,0,0,0,0,1,0,1,2,0,0,0
ed4c526ba9dbd96a454011c19b7f0d0a4d623842,0,0,0,1,0,4,1,0,0,2,0,1,1
ede2110429577e873239e09353fdb1596eaf8a8c,3,0,0,0,0,0,0,0,2,4,0,0,1
ededb9b30eac3a49f1406eb01dabe13308856029,6,0,0,0,0,0,0,0,2,2,0,0,0
ee4fa6e7bd00bf49f414388277e4700fe5357c9f,0,0,0,0,2,0,4,0,0,2,0,0,2
ee89e6aaee5d78748df30bfaff53c391f30e7d8f,1,0,0,0,3,2,0,1,0,0,0,0,3
ee92821e635687da4d779d66211f6555d8b75f41,0,0,0,0,0,3,2,2,0,2,0,0,1
eef9cce2c9efa12bda00b0d7320849d454f75e2a,0,0,1,2,1,0,0,0,3,1,0,2,0
ef6283ec305d271c3c3aa8a024df85b90364e812,0,0,1,0,0,6,2,0,0,0,0,0,1
ef85005b62659278a53ebc4c211e6947ba26cd6f,0,0,0,1,0,2,2,1,0,0,1,3,0
efb9387d3ead5a788bb7b7b6c5f77587b535f931,0,0,0,0,0,0,1,0,2,1,0,3,3
efea8cc459b05c599d9d856f94496f5eb670726a,0,0,0,2,1,1,4,1,0,0,0,0,1
f004124909cfaadc64a2fa62c96c060b8dcd55aa,0,0,0,1,1,0,1,0,2,1,0,4,0
f05c8b7371147fc116dda5351fa6f58a46cf52ec,4,0,0,1,0,0,0,1,1,3,0,0,0
f0eb572a699aa921c9706c3f5256a0486eb74dc1,0,0,1,4,0,3,0,0,0,1,0,1,0
f1b05f993fc8b991c48d9a55de92f06a9b572234,0,7,0,0,0,0,0,0,0,3,0,0,0
f1be7deee45b1a7517ad0edcba19456eec2437bc,5,0,0,0,0,0,0,0,1,4,0,0,0
f1f1a874f250fbed22627848c01cad7a423d639f,0,4,0,0,4,0,0,0,1,1,0,0,0
f20c394a1c9b3c6c7873a9f9254debb8e7cbcea8,0,0,0,0,3,1,0,0,0,1,1,4,0
f21e6414117b27026e21315f91d05e1bcfeb8e64,0,3,0,0,6,0,0,0,0,0,0,0,1
f26d5744cff1b7db132f889f1d01a3253027705b,6,0,0,0,0,0,1,0,1,0,0,0,2
f28e823fe72a34b6c11e8dbf8d49a0c59cc76fbe,0,0,1,0,0,2,2,3,0,1,0,0,1
f29b7515fd2466b223c787712cba09cb394c0e1e,2,0,0,0,0,0,1,0,2,5,0,0,0
f2ab7fb0911dd397ea2ea12ffc0d9cb66c0c5b18,0,0,1,0,0,3,1,0,0,0,1,2,2
f3409fc093a6839507dc6cc0638705cac7005a4d,0,0,0,1,1,1,4,0,0,0,2,1,0
f36afd4bbd66b589e58caec4236b4eba50244731,0,0,0,0,0,2,4,0,0,0,1,2,1
f379ebe8dc87619404c959091b54e03607b161f7,0,0,0,2,0,0,1,1,0,2,0,2,2
f3a851b4cf7adb1290d3e2e0c5a68fd9771569f5,0,2,0,3,2,0,0,0,0,0,1,0,2
f3fcafdb7951d9d8d20e0f06a9bd2278ecc065bb,0,0,0,0,1,1,4,1,0,1,0,1,1
f591ea10a8734a2a8ebc70aa6ed7826bcb5ef6e1,0,1,0,4,3,0,0,0,0,0,1,1,0
f6017c2716b50332d6a0a74c0f403058b765a058,0,2,0,1,5,0,0,0,0,0,0,0,2
f70609f6ea160e26e9421bd4613357a7e6c9a3fd,0,0,0,0,1,0,3,1,2,0,0,0,3
f715b37f4f9e94c618336df3a4169746a74b5e29,0,0,0,4,3,0,0,0,0,1,2,0,0
f75793fabb9b5e636c936202b5abea5be5306612,0,0,1,1,0,3,3,0,0,0,0,0,2
f7b7b45782e5a33644335d7d89c54fe2bde30576,0,2,0,3,1,0,0,0,0,2,0,0,2
f7cd4d00071cb9fafca7681663b7245b0bcf194c,0,0,2,0,0,2,4,1,0,0,0,0,1
f80383c9eb9de88804302cbb7486c2e2d0a34471,0,8,0,0,1,1,0,0,0,0,0,0,0
f83bcc6319ab312c9e5cf0f37d7aa09371a83afc,0,0,1,3,0,2,0,3,0,1,0,0,0
f847f811c54b595f9ccf1b6e2147954d31a50d43,0,0,1,1,0,1,1,2,0,4,0,0,0
f84d2f71e125755112fd1b721136ee3b6bdd5063,0,0,0,3,3,0,0,0,0,0,3,0,1
f88092b905f1ddef50371164fc6cddeb586aa535,0,1,0,2,3,0,0,0,1,0,0,0,3
f8e6f32c1ca294e896fa2d1aae0a20bf8f662dbc,9,0,0,0,0,0,0,0,0,1,0,0,0
f8fae541bddc904753930c493306fac3bffb994d,0,6,0,0,2,0,0,0,0,0,0,0,2
f9a9f70649587278154f7038c810302f55aaed6b,0,6,0,0,2,0,0,0,1,0,1,0,0
f9ba20fa5c2a86371a19f5a0756058162d1adb09,7,0,0,0,0,0,0,0,0,3,0,0,0
f9c342f8b7c6207b7c90ae317de8d8f363dca454,0,0,0,0,0,7,1,2,0,0,0,0,0
f9d0126b66c8a6708675b6c080b7de6ae2720df0,4,0,0,0,0,0,0,0,4,2,0,0,0
fa1040a93f11d6bf3d3bb806d03f63971037cc40,0,6,0,1,3,0,0,0,0,0,0,0,0
fa587512ead56c6219e439c88d590041131221cd,0,0,0,6,3,0,0,0,0,1,0,0,0
fa9121b66338abc85fb859e0784a895c42528371,0,6,0,0,0,0,0,0,0,2,2,0,0
fbd9d31de0d557ded36bff614826fa0a96a32505,0,0,3,1,0,2,4,0,0,0,0,0,0
fc5924af038878b84ec7943a564c7902d2e93c6c,8,0,0,0,0,0,0,0,0,2,0,0,0
fc6bc73a5ae9eed4bde41b768ef26c48c9b512bf,0,0,0,0,0,1,0,3,1,1,0,4,0
fc8c3237b58b0d1fa605c9ad7a98006c7542efed,0,2,0,0,8,0,0,0,0,0,0,0,0
fca5a7a09eeb723c904a9eab232ba44d7a740baf,0,10,0,0,0,0,0,0,0,0,0,0,0
fcfc917fcf4f28684fbee75c671ba75baa53ef71,4,0,0,0,0,0,0,0,4,2,0,0,0
fcfe26ae9b758254d449de2d98efcdcbdc18b7aa,0,0,1,3,0,0,0,1,4,0,0,0,1
fd286cbeb2c8c516c808d14bc1b722a3749d9ec3,8,0,0,0,1,0,0,0,0,1,0,0,0
fd949155fe2030a2129736660a7ad7034c85e0a7,8,0,0,0,0,0,0,0,0,2,0,0,0
fdac99877e04036eee81c2b8037e7c58c0e58e8b,0,2,0,0,7,0,0,0,0,0,0,0,1
fe34ec291eda88021444bf6ae279d673b9b98b48,8,0,0,0,0,0,0,0,0,2,0,0,0
ff8bd3a571cb812c8a580784b8771f4da8b9c850,0,0,0,0,0,1,3,0,5,0,1,0,0
ff9028d18a16a14305d3c24d1e48001b977f3d95,7,0,0,0,0,0,0,0,0,3,0,0,0
ffff8127709f215a277519709d1be2b64db72be7,0,0,0,1,0,1,1,1,0,2,1,0,3
001cec435707ce802511e803891393ce12890ea6,0,0,0,0,1,3,0,2,0,1,1,0,1
001f55bf5138ab422c587de6ca8206425f568c98,4,0,0,0,0,0,0,0,0,5,0,0,0
0106b10e6ad078676cf3b2c636e47b61899b2945,6,0,0,0,0,0,0,0,2,1,0,0,0
012657ec499d0a4179c9f4c22d72cc44c4b1ff33,0,0,1,2,2,2,0,0,0,2,0,0,0
016ad69d234d6d27896618da8e718c1a58b82d81,0,0,0,0,0,3,2,1,0,0,1,0,2
017c57c80d68ea88adf9182b72baec1228d5f290,0,0,2,0,0,4,1,0,0,1,0,0,1
0181a0a519e8967efa43793e9649bd76543cfb3e,0,0,0,0,0,0,3,1,1,1,0,2,1
0224aeb07c8f526dfc90fe95df8199471ccd3b56,0,0,0,0,0,0,3,1,1,0,0,1,3
023115a240226039942f3d9556037b9082cfef6f,0,0,1,1,0,1,1,3,1,0,0,1,0
02f2d24188ba957a810361f857aece047ea61aa9,0,0,0,0,2,4,1,0,1,0,1,0,0
03244fa62c2e18f0185b90b5644ac2de40382af1,0,0,0,0,0,1,2,0,0,3,0,3,0
0372d941c296f928d56e998009f7f6ddb419d492,4,0,0,0,0,0,0,0,1,2,2,0,0
037748659ddd13f5c972165157a63fefd6e17813,0,0,0,0,0,4,0,0,0,1,0,4,0
038195afe89513823e535418dd99e915d16f419a,0,0,0,0,0,1,2,2,0,1,0,1,2
03e146569ae883363bdbc0ec7ae096b6c5def3b0,6,0,0,0,0,0,0,0,1,1,1,0,0
03f1b5e0709cad48eca3410b205d16b85fa25f15,0,0,0,0,0,2,2,1,0,0,0,2,2
042e432767e654b012878d7e8f57a528f54a71dc,0,8,0,0,0,0,0,0,0,1,0,0,0
048a7363fb96563e6ed186f65b31eebf3d0fb593,0,0,0,1,0,2,2,2,0,0,1,0,1
04b527eee67d906db74f6f594ddcc3e24404a5ab,0,8,0,0,0,0,0,0,0,1,0,0,0
0579f066d6f18d0ff31862b0ed8d626da8cf4249,0,0,0,1,0,5,0,2,0,0,0,1,0
05c5ed6976a709f2f722b3b8eb9662e7b0526a7f,0,0,0,0,2,1,1,0,0,0,0,2,3
064ba0d892147586c8e95cf6b2a4f013372ba080,0,0,0,0,0,0,2,0,1,1,1,4,0
06db0d571a41a86fa981694caf8a79815ac7b6f4,0,6,0,2,1,0,0,0,0,0,0,0,0
06ee3bdd95b486d7da395088f5d4cfb68a8e9b1c,0,0,0,0,0,2,0,1,1,0,0,2,3
07381cdc9259ce7374e384cd251710f101b690b0,0,2,0,1,4,0,0,0,0,0,0,0,2
077cce9116e671904078df64548540d7e1aef469,0,0,0,0,0,2,2,3,0,0,2,0,0
07ce5c763ed901bee03e576faebfe8dbc41c64a5,0,0,2,0,0,0,1,0,1,1,0,2,2
07ecdc79dea525ad41a40d72197809eb37f6d7ac,0,1,0,5,3,0,0,0,0,0,0,0,0
083c2b69263d0632577477fe1bbab460a25c7da8,0,0,0,0,1,3,0,0,0,2,1,0,2
088f30ab4ae9aa8a5f70253de3c5a4e0e7156d9d,0,0,1,1,0,4,0,2,0,1,0,0,0
08e4b3df8a724e3dbb148b43c81699139b24ac8e,0,0,0,0,1,1,2,0,0,3,2,0,0
0908f01ee29afe08b8820b24e3a4093fa1ecb520,0,0,0,0,2,0,3,0,1,1,0,2,0
09dfea10ca6dd3cfdc735b1d8db52b32c0b3ad43,0,0,0,1,2,0,4,0,0,0,0,2,0
0a9b25b902fe9173d7504c01a88ef60b76dd6db5,0,0,0,0,1,0,1,3,0,1,0,1,2
0ac8a4b6d4d4ecbc9c221286da07e10a454a8ce9,7,0,0,0,0,0,0,0,0,2,0,0,0
0ae13f3b620a20cb38cf65239cf6aef05a4cba93,0,0,0,0,1,0,2,0,1,2,1,1,1
0afa8ed5016a4a56edd00d00c9ce9abe460df525,0,0,0,0,1,4,0,4,0,0,0,0,0
0afcdbd99bc56dccd038ca52b5035dae5e9b7dc8,6,0,0,0,0,0,0,0,0,2,1,0,0
0b1318d579a07cb827cc840b96f61864b366984b,5,0,0,0,0,0,0,0,0,3,1,0,0
0b1fe1a8528bf90c0c2734d21da1a3c4f34cadb7,0,0,0,0,0,0,3,0,0,1,0,1,4
0b9c248fad30ee7c49b342c442d788f1db225d9b,0,0,0,0,0,2,1,2,0,2,2,0,0
0ba96da309c4efccc54832cbb21e87d3336cc6f4,0,0,0,0,1,0,5,0,0,0,1,1,1
0c16bc2741d2ae9303a813949d7a4fadf926297d,5,0,0,0,0,0,0,0,0,4,0,0,0
0c6c42b7ee35512db3d74ba54be5d3f8979becbb,0,6,0,0,0,0,2,0,0,0,1,0,0
0c92be193cb7b4dbf2547a02e12c94ea11ef311a,0,0,1,0,0,2,1,2,1,0,0,2,0
0cd9a8ee1297a3b077a8e19d8b4ec2cef375d22e,0,0,0,0,0,0,0,0,0,0,1,4,4
0d145494f3dfe973965d170985327c24244edf37,0,0,0,4,4,0,0,0,0,0,0,0,1
0d161692820f4d1bdc6fc0c2a65717bc3246c8b2,0,1,0,0,4,0,0,0,0,1,2,0,1
0db7b714f9ea8e1b65aa72bc38ff81f8d49b0314,0,7,0,0,0,0,0,0,0,0,1,0,1
0de0f049ff4e3726de31368d43b066742deb88f4,8,0,0,0,0,0,0,0,0,1,0,0,0
0de8367ba37b1ca85806d50fc7fd4afb5df9c6ab,0,1,0,1,4,0,0,0,0,0,3,0,0
0dfabb1e0414c8d15e335308e88d23f7ace014ed,8,0,0,0,0,0,0,0,1,0,0,0,0
0e454efebbdfebe2c9999fb114457292fa9ae529,0,4,0,2,3,0,0,0,0,0,0,0,0
0ea66437b42f23fbf4b37352b30c19553bf62718,0,0,0,1,0,4,0,2,0,1,0,0,1
0ee00f9db71054d015cc36ee87dd10c8b8699983,0,4,0,1,3,0,0,0,0,0,0,0,1
0ef116f2d118bc693734883e4f41932b306c5dbc,0,0,0,0,1,0,4,0,0,0,0,4,0
0f322e9b915c138a064bac70a9a64c20adf272ea,0,0,0,1,7,0,0,0,1,0,0,0,0
0f552236f8e180955798afe241f8fb0d44461d5c,0,0,0,0,0,2,3,2,0,0,0,2,0
0f56836562251da7c9128dd2f0d9604897c45d69,0,0,0,0,0,3,2,0,1,2,0,0,1
0f909512c00a1f96db6ec1dfe3ddf7eb56f57b77,4,0,0,0,0,0,0,0,1,4,0,0,0
0faf1a1e34682f70d33fdeeac5200f5371ecc20a,0,0,0,0,0,5,0,1,0,3,0,0,0
107518d691aa11918860bbd5e0a185008896c59a,0,0,0,4,5,0,0,0,0,0,0,0,0
112554648e77aead526da72211a9352547f780b4,0,9,0,0,0,0,0,0,0,0,0,0,0
1153140ea471f05ba0a9364ece443756837b6997,0,3,0,5,0,0,0,0,0,1,0,0,0
119eca7b70af2bc96680bad57c8116710c38fb5a,0,0,1,0,1,2,3,1,0,0,0,1,0
11a2ef26ef92959ba750937d1b8c1ea0ec5ee884,0,3,0,0,6,0,0,0,0,0,0,0,0
11d03f01ee3ce8c761de823d0db4026eb89aca38,5,0,0,0,0,0,0,0,1,3,0,0,0
120f21edc92769aef6f2d33ea4a5ab29e3a4d074,0,6,0,0,0,0,0,0,0,0,0,3,0
1218c983271754bc822eb4a1a301435b6855bf4d,8,0,0,0,0,0,1,0,0,0,0,0,0
128c4fbd33f4a8d22a47b0e8ee51907c158dca8f,0,0,0,0,1,2,0,0,3,0,1,0,2
128d1ba08ee6f3d40d95b2821b214eb77505debf,7,0,0,0,0,0,0,0,1,1,0,0,0
129a5fb344a277e8b0f7d117170ba009b698dc49,8,0,0,0,0,0,0,0,0,1,0,0,0
1308db8b3e72bc43e02cf4deaf214f25895bef65,0,0,0,0,0,1,1,0,2,0,1,3,1
133f99f7b0392eb2280e2926750df5566b31dbe6,6,0,0,0,0,0,0,0,0,3,0,0,0
1343107fc138940953369ff2da05354b9b4f12e8,0,0,1,0,1,5,1,0,0,0,0,0,1
1344b38d6aae957cd92f31599ffa8aa4b39b4886,0,6,0,1,2,0,0,0,0,0,0,0,0
135191cb03409eb424434edbc6685d5bedd953fc,0,1,0,3,4,0,0,0,1,0,0,0,0
1377e769b5ab0f954d53910a967663e0bdfe7814,0,0,0,0,0,7,0,2,0,0,0,0,0
139d4ca8b0dc1618701e307d3645aef251815106,0,0,0,0,0,4,3,0,0,2,0,0,0
13b202d86a5801d48e5c2a3d5d35d599d82d30a2,0,0,0,2,0,1,1,0,0,1,0,2,2
13cd3d1fd0bbcae49330328b4abbcf0dbff75226,0,0,0,0,1,0,1,1,2,1,0,1,2
13f6d264a32e648f33058e8e7305b31a963d3d8e,0,2,0,7,0,0,0,0,0,0,0,0,0
14954da7df4e07b05d1a1271cbb4a9d7740ed616,0,0,0,0,1,0,2,2,0,0,1,1,2
14b4b2e3dc3b85535e3913760b10c13f073a9658,0,0,2,0,0,1,1,3,0,1,0,1,0
14b79cc450884f2c43c8adb02c2ce27b852199fd,0,1,0,5,0,0,0,0,0,0,1,0,2
14c23e9cbcbe638c2b66339568cd757cb71d1ddc,6,0,0,0,0,0,0,0,0,3,0,0,0
1504354f3ddddd063864bd1d3a072aeb7d1a1e32,0,0,0,1,0,1,1,1,1,1,0,2,1
154c3d0f450fc3ca3908d2d8086ed86139ed3cef,0,0,0,0,1,1,1,0,2,0,0,1,3
158e673f07a554d50cbff08958ea0a3bbd566c00,9,0,0,0,0,0,0,0,0,0,0,0,0
160fedd17dde010fc60f501a24d7fa1928ba5cbc,0,0,0,1,0,1,1,2,0,1,0,1,2
16383bd1ee00833036c32738b7c51db99fc7f79f,0,8,0,0,0,0,0,0,0,0,1,0,0
166ff0e6d20bfa68952b6b9839f358105cc9d418,0,0,0,0,0,3,2,0,2,1,0,1,0
1671ee564fdc340425a14622d64d1ce9848c7c0b,3,0,0,0,0,0,0,0,3,2,0,0,1
172b62ddab6420d85967f395cd26ac9d89e99a72,0,0,2,3,0,2,1,1,0,0,0,0,0
1755e53ca94f9247d218f1a8680f2318e916e6d3,1,8,0,0,0,0,0,0,0,0,0,0,0
17591e68afed8ce3f7b52e9a1cd0e10715c082f6,0,2,0,1,6,0,0,0,0,0,0,0,0
17da7bf7180698d32ea9e2300ac0cfa71122a0ac,0,0,0,0,0,1,3,1,0,1,0,1,2
17e51456023cd4fd0c57e415e230104aa45a2619,0,0,0,0,1,1,0,1,0,1,0,4,1
17e9cf405f76d9b1149a0e7e10eb46dbc8fb22ab,0,0,0,1,0,1,5,1,0,1,0,0,0
180254027c75d9f0c8dd5593f2cbb1fd3d93386d,0,7,0,0,0,0,0,0,0,0,0,0,2
1808db836b98f10423982fc97049c0c235595c6a,0,0,2,0,0,1,1,1,1,2,0,1,0
18657130e041490976d09bef3e5b2f6d20df316e,0,3,0,4,2,0,0,0,0,0,0,0,0
18d50ed7e764c375f9f665add57a913e877cb4b8,0,0,0,0,1,3,1,1,0,0,1,1,1
18ef086e5e58f05401098532773a7b5efd92e088,0,0,0,0,0,1,1,1,0,2,0,0,4
18f54abf26bb4497fb6082d162ba31b16422f241,0,3,0,1,3,0,0,0,0,1,0,0,1
190d3761763436b09bf88ffe080e5fe1a38db55a,0,0,0,0,0,4,3,0,0,0,1,0,1
1924212dd1f8122279655d4ea52b4ac910e546c2,5,0,0,0,0,0,1,0,0,2,1,0,0
194d14ea786ac7fae49ae455c08997c630b0f06a,0,0,0,0,0,3,0,1,1,1,0,1,2
196222d6c9cbdf8c6fe8b20736a1fcdb3f2af5fb,0,0,0,3,0,0,0,2,0,2,1,0,1
196aee74e628169caf22019b45047596c29ffff0,0,0,0,0,0,0,2,1,1,1,0,1,3
197558cd107d98c2fa1f6cebbadf0418ca8df2ae,0,3,0,4,2,0,0,0,0,0,0,0,0
19825f84932c1e357122c5a53d5b2ac2c111851e,0,3,0,1,3,0,0,0,0,0,0,0,2
19834d54c045ca7e0996ee9c39660c1558ad58c1,0,0,0,0,0,2,3,0,1,1,2,0,0
19d1c1f327f58a9354c218eeaf0dd1a7cda835ce,0,1,0,3,3,0,0,0,0,2,0,0,0
1a484a4f6b83bd9e1794b8d73435043530c4a1a2,0,0,0,1,0,4,0,0,0,2,0,0,2
1a81b5e716baf725ffb56bd460c8e600198e76f1,0,0,0,1,0,5,3,0,0,0,0,0,0
1af72bd839d61a7743c2fb2acf94ba1726af8542,0,0,1,0,1,2,2,2,0,1,0,0,0
1affc05b0124317cca8dbd6f9d692d4823d8e52f,0,0,0,2,0,4,1,1,0,1,0,0,0
1b6c3201438b35eb8f94e8c3d9aa1d4e4eeda80f,0,0,0,1,8,0,0,0,0,0,0,0,0
1b6cc2fbc167779d082a037b2ab7acf5538ce123,0,0,0,0,0,0,1,2,0,5,0,0,1
1b6f92ff7b3cf47b63b83c0010a1f008718d4a22,2,0,0,0,0,0,0,0,2,5,0,0,0
1b79f26a3430ca36d39421e7cbd4715565b843a7,0,0,2,0,0,2,1,0,1,0,0,3,0
1b9ca3ff4ca52bb53bcdc34fe1ebfb3f23e81360,8,0,0,0,0,0,0,0,1,0,0,0,0
1bccf448260307131a36bc33030b06266c5eb038,0,0,0,2,0,5,0,1,0,0,1,0,0
1bda99fcef463c733cb83749e397d391023a96ce,0,0,0,0,0,4,3,0,1,0,1,0,0
1bdc341bfb4cd41eef52e283cfcd4bbceee105b9,0,3,0,2,2,0,0,0,0,2,0,0,0
1c181c286afe5f6e5edd25a25b8fd3ff80ecd60a,0,2,0,0,5,0,0,0,0,2,0,0,0
1c18462b2ac2a0b2fb58a0539a1067c98d97c7b9,3,0,0,0,0,0,5,1,0,0,0,0,0
1c2fe17923e2d445ac1818711551a0049f6d9153,0,0,0,0,1,0,0,3,1,2,0,1,1
1c661c1c1e49cacd02f08e4c599d141bed24101d,0,0,0,1,0,1,0,0,1,0,0,2,4
1c7baf9a67f56b27566ad89c54b35bc699729d45,0,9,0,0,0,0,0,0,0,0,0,0,0
1d0c3622d87a218bac018f2727d7d95c981e3bd3,5,0,0,0,0,0,0,0,0,4,0,0,0
1d2435a8be2e4019b0b6c8897f91ae78f63025e2,0,0,1,0,0,5,0,2,0,1,0,0,0
1d32f8e6b50fc376a91e07619f9a40d5478abc2b,0,0,0,0,0,1,4,1,0,1,0,2,0
1d414f337c0ef71524960a58692f8e187f3e1a2f,8,0,0,0,0,0,0,0,0,1,0,0,0
1d431b3028c172329e3cd747ca50314916abbc34,0,0,0,5,2,0,0,0,0,0,0,0,2
1d7ab8723e511dfaae42191dadcbc0c99aaf0894,0,0,2,0,0,2,2,1,0,0,0,0,2
1d8c941eabb798236c2f2e9e109238a26d3d56a1,0,1,0,2,5,0,0,0,0,0,0,0,1
1daf8dbe990effbf649755d88baee4787d0653b4,0,0,0,1,1,1,1,0,1,0,0,3,1
1dc20745bf33adc42bee2ff77a56f7402890e240,0,0,1,0,0,2,1,3,0,2,0,0,0
1e22516127f45a945b5a9a75e121a2a2315e238e,0,1,0,3,5,0,0,0,0,0,0,0,0
1e3b7ef44c642f69a9814bd2c226eb64f0b72b6d,0,0,0,0,1,0,3,1,1,1,0,2,0
1e8cb7ddc70e31a3bf0865e07e837371e891b07b,0,1,0,3,3,0,0,0,0,2,0,0,0
1ef21734458daecd62b5cb2a23653370dc5b9231,0,0,0,0,0,1,1,0,0,4,0,0,3
1f112872e4628e62efc8d974a255c531f08f334e,0,0,0,2,1,0,2,0,0,0,0,3,1
1f128d4ddba4128f96403b01647a4d3cf0197304,0,0,2,1,0,0,3,3,0,0,0,0,0
1f18eef0437dc42210320fac2010744ade1b1a74,0,0,0,2,1,0,2,1,0,0,1,0,2
1f3200ef639dbfbfce4abfd10e222a1a3e78e9d9,0,0,1,0,0,2,5,0,0,1,0,0,0
200ac23ee1e99eccf6e5cc7d8725a700763f1919,0,0,0,0,0,0,4,2,0,0,0,0,3
20172817df43631bb74a7c4209f51d32033a6709,0,0,0,0,0,2,2,0,0,3,0,1,1
201bc224818137ce9d2cce2ecae86716e75888eb,0,8,0,0,1,0,0,0,0,0,0,0,0
2036305be38ffb187ec14ba0d19d2b467d02370c,0,0,0,0,0,0,3,0,0,2,1,2,1
20702d559af1af09ee3f889a338f13f10f80b114,0,5,0,1,3,0,0,0,0,0,0,0,0
207fac836924747ea2cc7234b23c386c02cbc7d8,0,0,0,2,2,3,0,0,1,1,0,0,0
20d23c570bef2a1078532fff1cbf41859c78b040,0,9,0,0,0,0,0,0,0,0,0,0,0
20d9675b96f00a2d4fee1ea253d208f3183d391e,0,0,0,0,0,6,1,0,1,1,0,0,0
218542d683061d1ede215d4f45dcd72883f78d88,0,0,0,0,2,2,0,0,1,0,0,3,1
21a77780c7fa876bd8057c0537b061271dab91b6,0,0,0,0,0,0,1,0,0,1,0,2,5
21be07facd519a05de018e082e5211cd96eb6415,0,0,0,1,0,3,4,1,0,0,0,0,0
221921974949a58c6422974c665fbf77448f079b,0,0,0,2,0,2,0,1,0,0,1,3,0
22332a4967260d1eaf1b43563346c4ae4955866c,0,7,0,0,0,0,0,0,2,0,0,0,0
223ea43dbfc7e3808b40684f232294331b50e5d3,6,0,0,0,0,0,0,0,1,2,0,0,0
22bb49fbe2f60c0b4481f794160f476f6bf8f35c,0,0,0,0,0,0,7,1,0,1,0,0,0
22d91b0bf710842f61a366b37713d7b2d6ab0532,0,9,0,0,0,0,0,0,0,0,0,0,0
232c22ac15956d0c58b40ca1abe53c92a100133e,0,0,0,1,4,0,0,0,1,0,0,0,3
233a118f6959d1fe3aa97508b49c91ac6bea4f26,0,0,0,2,0,2,3,1,0,1,0,0,0
237df9327064b9c19e98c51283f8105275534f91,0,0,1,0,0,3,0,0,0,1,4,0,0
237f90c1a50acb503276535b37b988a379ed4722,2,0,0,1,0,0,1,0,0,0,0,2,3
23a46f75dc83e227f725717ec4c1ddfff7953661,0,0,1,0,0,3,0,4,0,1,0,0,0
23c208adb4043aa35da08444feacfcfdb23ce627,0,1,0,6,0,0,0,0,1,0,1,0,0
23d1b49a85c7f978728aba8859a744fbd2e9d382,0,8,0,0,0,0,0,0,0,0,1,0,0
23eb9a038bc494f8ad0e403d058d97743c1803d1,0,0,0,0,1,1,1,0,1,0,3,0,2
2472bb8a18f8ab5ecdc9c47a21ab2b0c8170f763,0,0,0,2,1,2,1,0,0,0,0,3,0
248b90be5ab44f4d17ab5f079646f8a8fa78521c,0,0,0,0,1,2,0,1,1,0,0,3,1
24edecb32891b7c4167ec664778f65744b5472dd,0,0,0,0,0,5,1,0,0,2,1,0,0
2506d411f613d0471a218d66da310bb42f35db05,0,0,1,0,0,2,1,0,1,2,0,1,1
257e7764f1bb4bfa22cbaa968598782added595d,0,3,0,1,3,0,0,0,0,1,1,0,0
258d9c9df42319834d6496af9f7a5983b78b079f,0,0,0,1,0,3,3,0,0,0,0,0,2
259bb06026ba3dab1f2356a58a4a00192be954bc,0,0,0,1,0,0,7,0,0,0,0,1,0
25c9d2c58ca5632d9cb993aa6153a51850c5aa4d,4,0,0,0,0,0,0,0,2,1,1,0,1
25dd00e005aaa4f67d99845fadd07ad0098b4a7a,0,4,0,2,3,0,0,0,0,0,0,0,0
25e6452117655fef40a59eb22a098b5bc9e8f9ba,5,0,0,1,0,0,0,0,0,3,0,0,0
268347deaca2d0cf8c24f6c944188be860519d74,0,0,0,0,1,1,2,1,0,1,1,1,1
268475770c434cc5261d8cfd9b111078848d4dbc,0,0,0,0,2,1,3,0,0,0,0,1,2
2694c2afd75d5aedeacaf48446230b3040784006,0,3,0,4,2,0,0,0,0,0,0,0,0
26993072cc9ad5f20d07152c3579ae8b5c556e88,0,0,2,1,0,2,2,2,0,0,0,0,0
272bfe121cf38b457e5a1fcf3c8a05ceeef104e5,0,0,4,0,0,4,1,0,0,0,0,0,0
272ca56fea344da9e8363d4397835f58fa408bd0,0,0,0,1,2,0,2,0,0,0,1,3,0
276b4fb03ecca61b556cc3631e694f7f799f29d1,0,0,0,3,6,0,0,0,0,0,0,0,0
2783f2088ed14bb9e1fc95c1ca311d2bcbafa26f,0,6,0,0,0,3,0,0,0,0,0,0,0
27a3cb85e1a3e9bae741bcc4c38d4742af4f6ddd,0,0,0,0,0,4,0,1,0,0,0,3,1
27cc72201166fadda2b07e3a029e24556aaf5938,0,2,0,1,6,0,0,0,0,0,0,0,0
27f392fc640d9a33e7d4bc2f77025f93ef394345,0,0,0,0,0,0,0,0,0,2,0,1,6
28233084306bed6f410b996828a15a64d708f6db,0,0,0,2,0,3,2,1,0,0,0,1,0
286737c440aedd786a7f24a00d21c5b2ff05e8b8,0,0,1,0,0,3,1,2,0,2,0,0,0
28a9f88695395c08d39e931bbc2755979360d4a7,0,0,0,0,0,0,3,0,0,0,1,3,2
2907f1b80ceaf9a55e16b8f7bfa43e04dd55f0aa,5,0,0,0,0,0,0,0,2,2,0,0,0
2915063cd38e8fcaf3d5e84f71a29dc2dd27b58a,0,1,0,3,3,0,0,0,0,0,2,0,0
294e5809ceafcd183ed00566b48e3bc78b29bd73,0,0,0,2,1,1,2,0,1,0,0,0,2
29ec08f1961579fd9843f155d237cd1ff4584c69,0,0,0,2,0,0,1,0,0,1,1,2,2
29ed5a70733c3247ca0aa7d92cc515abc010eef9,0,2,0,5,2,0,0,0,0,0,0,0,0
2a0ec4cc684871b862fc0502eff58492a5d566fa,0,0,0,0,1,0,1,1,0,1,1,3,1
2a28afd1d1da4294e52f1d5eeeae49ef49d63369,0,1,0,4,3,0,0,0,0,0,0,0,1
2a4f3a83701d71bc80c3b2d283fb00b3ad9c263f,0,0,0,0,0,1,4,1,1,1,0,1,0
2a9c570a86cf262be7d9ee7cc633c24ab89e301c,7,0,0,0,0,0,0,0,2,0,0,0,0
2adbbf5d7c162bfb3c3a51f2fcb808ba95629ee2,6,0,0,0,0,0,0,0,1,2,0,0,0
2ae8eca5c8697c944680446391c3c2115c32a013,5,0,0,0,0,0,0,0,1,1,0,0,2
2b123e383e131d1f7433e08ed028d6c7b5c76f88,0,0,0,0,1,1,2,4,0,0,1,0,0
2b896d60c79c08fc69a1fe13ab6fa0c2330e48a1,0,0,1,1,2,0,0,4,0,0,0,0,1
2b9abacbc14ff6542ccd9f68c82916d23be9938a,5,0,0,0,0,0,0,0,3,1,0,0,0
2bfa9c6b5d08c0289b44d54149cd7a0e9c966aa6,0,0,0,0,3,0,1,0,0,1,0,1,3
2c4344db2828e4e7a1f11aac207454e62c9b4a82,0,0,0,2,1,1,2,1,0,0,1,0,1
2c8b34a3a0b8bafbaa245c220c07088ea4d130f8,0,0,2,2,0,2,1,0,0,0,1,0,1
2cfff901a6a05b2d06d81d00bae169a3e95cd537,0,0,0,1,0,0,0,0,1,2,3,0,2
2d1c3c8b3d72e1b7524ac0b24e1fbdeca28fec0f,0,0,0,0,0,1,3,0,1,2,1,1,0
2d404f515320121b94d6abdc0ca3c5ab32225768,0,0,0,0,0,0,2,0,0,1,1,1,4
2d8fef23af3845dc34a5927ffffd04ef45ce8ae5,5,0,0,0,0,0,0,0,2,2,0,0,0
2d99dd794b96a043d166026422f494008d60e185,0,0,0,0,0,1,2,1,1,3,0,0,1
2d9fd620c71d0b21ba3a3f5c702cd51b4a29c5ce,0,0,0,1,0,0,2,1,1,0,0,2,2
2e28cba4cf5328a818535bd3e0849bf990aa260e,0,0,0,4,4,0,0,0,0,1,0,0,0
2f60e483beb6feeed91fe9633823eb17f3c96f08,0,0,0,0,0,0,1,0,0,2,1,2,3
2fa1e1b100528cd917fe88fd8d226998af3ce6ee,5,0,0,0,0,0,0,0,0,3,0,0,1
2fcc19ac8a1b7d0c932fca99128094a6a3819c0a,0,0,4,0,0,3,0,2,0,0,0,0,0
303d9e6781f6c28b080d680df80c0e6986369a26,0,9,0,0,0,0,0,0,0,0,0,0,0
30b372a56ab13717107a7f19dc09179f4b456ddd,0,0,0,2,1,0,1,0,0,2,0,2,1
3113713ead5d264f24cfeea9471b5592f74a7851,0,0,1,1,0,2,1,4,0,0,0,0,0
3137a38119616fedd6de3f1a97bf7f665806534f,5,0,0,0,0,0,2,0,1,1,0,0,0
31510649ad3ababaa063a4e5a75c8e29c054cd48,0,2,0,2,5,0,0,0,0,0,0,0,0
319f6004a212cc6bc31f76d637390104628ec5bd,0,9,0,0,0,0,0,0,0,0,0,0,0
31ef7d6f6c4f207348d54158b07c2d2458c1f9a2,0,0,0,5,2,0,0,0,0,1,0,0,1
32066812ac5cfbb77f699f284658c9a78da5653b,0,0,0,1,0,3,1,2,1,0,0,1,0
32127d4829f0ca28bafe3bd38f33257214fddd38,0,0,0,0,0,1,5,1,0,0,0,2,0
324ce8d8d61aea0cf477b51b727b7ced6e1746d1,0,0,1,0,0,1,0,3,0,1,1,0,2
33d957ff2622b8f52bd50b083438d6cf555f2560,0,0,0,0,2,1,4,0,0,0,0,1,1
350f7fe4bf4ac840cae08f9dddc843a8096be9b6,7,0,0,0,0,0,0,0,0,0,2,0,0
3511cbe2eb559f1847b90825908715ecd22c7d32,1,0,0,1,0,0,2,0,1,4,0,0,0
352f1a839f55728000608141345e2b3e1276f8da,0,0,0,0,0,0,3,2,0,3,0,1,0
35c8f0b83de8c1374c68d0cc9ff9848ca7f93d99,0,0,1,0,0,1,4,0,0,2,0,1,0
35edd2e84341fb13e878e73f72f640c59072d6c4,0,8,0,0,0,0,0,0,0,1,0,0,0
364ffbeddc080320829adf5409e07efb18c23ad9,0,4,0,1,4,0,0,0,0,0,0,0,0
3670b872d93ca0ba34a49314380d683fd29f5075,5,0,0,0,0,0,0,0,2,2,0,0,0
36b902cc217427030438d8c3d930ca54b002dd1c,0,7,0,0,0,0,0,0,0,0,2,0,0
36c3a5c97e4656616f6a6542ad1a2feead609777,0,2,0,1,3,0,0,0,0,0,0,0,3
36fc86d59ba5b113e4ee185ab9251bfe001e43cf,7,0,0,0,0,0,0,0,1,1,0,0,0
379d755e02993281b9f91f9400970b38980aa038,5,0,0,0,0,0,0,0,1,3,0,0,0
381a493fb1088dbc4abca5136981bb66bafe7532,0,0,0,2,0,0,2,1,1,1,0,2,0
381d2509a9e80c1fc61a5dbb308ef197136f0968,4,0,0,0,0,0,0,0,1,4,0,0,0
3862c3bf03015b3c6657037a9796e7527423a7d2,0,0,0,0,0,0,6,0,0,0,1,0,2
388a2fbe41f79ba83d954361c362edd2c5d84a79,0,1,0,1,5,0,0,0,0,0,1,0,1
38fbe3503fa791fb3103a7c7d4901141048c83b5,0,0,0,1,0,2,4,0,0,0,0,1,1
3905a2a2843eb4511e32f5fa63a236a7b496bf7f,0,5,0,0,0,0,0,0,2,0,2,0,0
39deebef0a2b4ac05d37fbf4581b0f642c6e0e08,0,0,0,0,0,4,1,0,1,3,0,0,0
39f124305856a11caee507c8b909f1518d3ff50f,4,0,0,0,0,0,0,0,1,4,0,0,0
3a2d1201d1a221681ce100ca6a978041c3022465,0,7,0,0,0,2,0,0,0,0,0,0,0
3a3fec7088729c52e12bed727901d0236f02b352,5,0,0,0,0,0,0,0,1,1,0,0,2
3a65c91799ce9e166d924b60cb1954da1a0522cf,9,0,0,0,0,0,0,0,0,0,0,0,0
3a7a3d0d59ba6d5679da7c406a97043073d84dab,3,0,0,0,0,0,0,0,4,2,0,0,0
3ade96a57a269d290e44a7e0b1b7acdb15420cae,2,0,0,0,1,4,1,0,0,1,0,0,0
3aece831577715bb4b9ce5d5624ab9ade9348f77,0,0,0,0,0,1,2,0,1,1,2,1,1
3b02fee2c003a313d4790987506f8b2a68929373,0,0,0,0,8,0,0,0,0,1,0,0,0
3b35a5d1a3e14b2bcda3136ca82ceaac9ede5aba,0,0,0,0,0,3,4,0,0,1,0,1,0
3ba317f082f5482c055a7a3f5581172cb0123e49,0,0,0,0,0,2,1,0,1,1,0,4,0
3c049cc12ccb2f2371ea538348c862af33f64e01,0,0,1,0,0,0,3,2,0,1,0,0,2
3c3420c311881c5a34fdb4d84207c6ae530e099f,0,0,0,1,2,2,3,0,0,1,0,0,0
3c3c95621d95677640ce022091e56cb4db687b8b,0,0,0,0,0,0,4,0,0,0,3,0,2
3c4f8245ab9ab826b1389b8636b310cd8c179929,0,3,0,4,1,0,0,0,0,0,0,1,0
3c511338671eb54020da8c5f231f7a4ae0b55497,0,0,0,0,1,0,1,0,1,2,0,2,2
3c64b835724fc02727672f331e7e2c3d8e28038d,0,0,0,1,0,1,1,1,2,3,0,0,0
3ca7698d8c47af6eed2ae971d4ec783bf9b5a4ac,0,1,0,3,5,0,0,0,0,0,0,0,0
3cae8365f6f4b1883a568b4aaa6d282801eed7ce,0,0,0,0,0,6,1,0,2,0,0,0,0
3ccb1d9a8c572ccf4b67fcbd7d15d210be9441dd,1,0,0,0,0,4,1,0,0,2,0,0,1
3d4264f8980bd04ca714f2617ca9f7a40236f56f,4,0,0,0,0,0,0,0,2,3,0,0,0
3e31ea13eb7adf4b38e6e1afb970f119cc283709,0,5,0,0,2,0,0,0,1,0,0,0,1
3e4188c36e1a0c66c16640878d55ebe5558c6722,7,0,0,0,0,0,0,0,1,1,0,0,0
3e4f12e01bfafc725a5ffb1a8405dab6f52e42be,5,0,0,0,0,0,0,0,0,4,0,0,0
3eba481002cd4efea894181d6dd4f5b0ea8f235d,5,0,0,0,0,0,0,0,0,3,0,0,1
3ebb5a7d5f031d12e1b831cb640030717ac1b235,0,0,0,2,0,1,0,1,1,2,0,1,1
3f02bf1a739ed49c5d77c6a03edcddb85f6d5401,0,0,0,6,2,0,0,0,0,0,1,0,0
3f694a27170931f74fcc4ddbe4fdb251e6387a5c,0,0,2,1,0,0,2,3,1,0,0,0,0
3f8512a30875f566ec431650edce73594fb641b3,0,5,0,2,2,0,0,0,0,0,0,0,0
3f87872517da0d86fe0582947f82712a54587579,0,0,0,2,0,1,3,0,0,0,1,2,0
3ff4284fba46926c59629d57f3830545a63ad4a0,0,0,0,0,0,2,6,0,0,0,0,0,1
400ee005530dbbecf2398387819293304ef73b32,0,0,0,0,3,1,3,0,0,1,0,1,0
40258f1a2b26fa5572b66de62e2931314bc4971c,3,0,0,0,0,0,0,0,4,2,0,0,0
402e28d1a17112280ce90ebf358f53648beaf205,5,0,0,1,0,0,0,0,3,0,0,0,0
40af5558e81493f6a86c79ad9151fcb8ed82ba44,0,2,0,4,3,0,0,0,0,0,0,0,0
41727f99dd0712c1090c92488069b1b54a5632c2,6,0,0,0,0,0,0,0,1,2,0,0,0
419684013e239823487771d1408f063f4e8c8d50,7,0,0,0,0,0,0,0,0,1,1,0,0
41af7b01590ac5b33ea745f42899c269b0e8cd01,0,7,0,0,0,0,0,0,0,0,2,0,0
421e60a190dfb22d9e46fee3bc63646e4c70490e,0,0,1,0,0,2,1,0,0,3,1,1,0
428171a5b153ce9aee1bdfc932fb6885c1f68391,0,0,0,3,4,0,0,0,0,1,0,0,1
429432a6b60adc310eee17d0620e1fabb2abd56e,0,1,0,2,5,0,0,0,0,1,0,0,0
42d195ec9ac75aff5d4f0352bbca60099a16ae22,0,0,0,1,0,0,2,0,0,3,0,0,3
42d76c3bc8cbf5191828348ba1355fd97d77f398,4,0,0,0,0,0,0,0,2,3,0,0,0
432bbebecd2931e73fea730857e932f8bb939a8e,0,0,0,1,0,0,0,1,1,3,0,3,0
4330f75f2d62a85cc52b108d600608f376582e26,0,0,0,4,5,0,0,0,0,0,0,0,0
43d67a6a0406bd30704ccd28898566d744d942bb,8,0,0,0,0,0,0,0,0,1,0,0,0
43e22d3df2e00e9a84ab1c0991136da3dca9d765,0,0,0,0,0,0,3,0,1,2,0,3,0
447ae9eeb615e06ffe607fb9e9a613e8bd3a2573,0,0,0,1,1,1,2,0,0,0,2,1,1
4493d8c09fac3c603248eff8c2ede312200eaf2d,0,0,0,0,2,2,0,0,0,0,1,1,3
44a154eddcd3761a349159a7d05675613a560e41,0,2,0,3,2,0,0,0,0,0,1,0,1
44a30dd7f13ad42076860f604d5f68644b672725,2,0,0,0,1,0,3,1,0,0,0,2,0
44b64d0cb5654808c6aab7c94215dd427fbb55bd,0,0,0,1,0,1,3,2,0,0,1,1,0
44c325abd80b48ba7c030fad5cd654d39b650ac0,0,0,0,0,1,0,1,2,0,2,0,0,3
453586464298203f04cb9955b0cce841110ab4ae,7,0,0,0,0,0,0,0,1,1,0,0,0
4537cb4a3eece0b5c6253b02f2afc5974418533a,0,0,0,0,1,4,0,0,1,2,0,1,0
455439cc8eff2731c8b1d6e4810b6fe46792f5a7,8,0,0,0,0,0,0,0,0,1,0,0,0
458c9ddad4651d5debecddee7ab0c4846cfed197,0,0,0,0,0,0,5,3,0,0,0,0,1
45a6ae19a9283d80e2873016f127d62d1011c828,0,0,0,0,0,1,2,1,0,2,1,2,0
45a9c7c8ad633a746a255553536a4699e5074c5c,0,9,0,0,0,0,0,0,0,0,0,0,0
45f585056274c0a4c6cdcaf9f3af11574455a0a2,0,0,2,0,0,4,1,2,0,0,0,0,0
46de985c03b0b53beed8afc6fa457d67ed21f265,0,0,1,1,2,1,1,3,0,0,0,0,0
4705d1ec92c906088a97a4cf9027ca1943e72ff7,6,0,0,0,0,0,0,0,0,3,0,0,0
4712e8f546b361631131d808116d666089169487,0,8,0,0,0,0,0,0,0,0,0,0,1
472065770259dcfa860157c974e15c0ec1f13941,0,1,0,3,5,0,0,0,0,0,0,0,0
47484f7915985d9b2d4ee14a3980ff630de352bc,0,9,0,0,0,0,0,0,0,0,0,0,0
4785fff9c3725a965d1d03eaed76f9cdafb61e12,1,0,0,0,0,1,2,0,0,3,0,2,0
480867c9286312c597f68890bc0304629b34c514,0,2,0,4,3,0,0,0,0,0,0,0,0
482543ade2e6cc737a8d826de7f3ea082ffb8c0d,4,0,0,0,0,0,0,0,1,4,0,0,0
4835d4d15a099fa21846c8cb174da0863fac4a94,7,0,0,0,0,0,0,0,2,0,0,0,0
4863287aad8691af3c48e3a4f5b5486a11590218,0,0,3,0,0,2,0,0,0,1,0,0,3
4872c8fd31907ecb4bef05cbdf5c68e9f8978698,0,4,0,1,4,0,0,0,0,0,0,0,0
4896f1827f5c2462d727327e32307c577d8f0eae,0,5,0,1,3,0,0,0,0,0,0,0,0
48c0eb8abe05b0ea50df9579dc1856c92264e7c8,0,0,0,4,3,0,0,0,0,1,1,0,0
4960155221f4e58765d8e20a40e27271f860c126,0,0,0,3,0,1,3,1,0,1,0,0,0
496fc2ab598c73495cf94697d305b0a2743f485b,0,6,0,0,0,0,2,0,0,0,0,1,0
496fd8044553931e73307e2cc02d7757a0034e6b,0,0,0,0,1,0,0,1,2,2,0,1,2
4a2120e6a2a1dd9cf94fe799ea1ca6ed25cafd9d,0,0,0,1,0,2,1,0,2,1,1,1,0
4a234b2bf18f5562649d1d480cdc0756401a34b9,0,0,0,0,1,0,2,0,0,1,3,0,2
4a45f9f87608bdd290d244503695d9407dd2f2a2,0,0,0,0,0,6,1,0,0,0,0,0,2
4a530e7cbd104002e6479041ab79d901f5326e62,1,0,1,1,0,1,3,1,0,0,1,0,0
4aaf2d0af6f650bf940502946a3fc401ef63829f,5,0,0,0,0,0,0,0,1,3,0,0,0
4aede0e57c995d1a09d20c9e4c2e3b734f549eeb,0,2,0,0,4,0,0,0,2,1,0,0,0
4aeea27fc08053abfe7b88a52d6c0d61a9607fb4,0,0,0,4,5,0,0,0,0,0,0,0,0
4b2a104655ad5a1435a732132ccccfc43eb3f397,0,4,0,1,4,0,0,0,0,0,0,0,0
4b484e39af113262b3124379d928c9451c915174,7,0,0,0,0,0,2,0,0,0,0,0,0
4b60833ff88e44cf75d8049f1b72fec0f2c8ed1c,7,0,0,0,0,0,0,0,2,0,0,0,0
4bb7699d0dc11f61c7c507f846a5a3e0effaeb73,0,1,0,1,6,0,0,0,0,0,0,0,1
4c68eb4417ea062f25e651df97657e4ae703fbba,0,0,0,0,0,0,2,0,0,2,0,3,2
4c79a6cf093f3b16cc69ef9b17da3368f3f56a47,5,0,0,0,0,0,0,0,2,2,0,0,0
4caf07f0edf9b490f8595bdfa6333e4b8ba5adef,0,0,1,0,0,1,3,3,0,0,1,0,0
4ccd2ac00cf41e960535671683f524e6e8a88df9,0,0,0,1,0,1,0,1,0,1,0,0,5
4d3e76461ae91cfac800a4827c50ab604150beae,0,0,0,0,0,1,2,0,0,1,1,3,1
4d40594a8b722ee149a1378c406681414bc0a687,5,0,0,0,0,0,0,1,1,1,1,0,0
4d53f26fee5f72ebe9672b5a1951fc3ccab43248,0,1,0,1,7,0,0,0,0,0,0,0,0
4d91284c7e74d5e8996d334f33e6e996b59b9b13,5,0,0,0,0,0,0,0,0,4,0,0,0
4d9a7a334bc8909f0245b23243c61b5b9a24601b,0,0,0,0,0,2,1,3,0,1,0,0,2
4db3c4aea91e65357a1bed0770862345ad543c9d,0,9,0,0,0,0,0,0,0,0,0,0,0
4e1da21c06181cb8fcd7a4f41f92aa9facaab43f,0,4,0,1,4,0,0,0,0,0,0,0,0
4e5782ceed69bb312d9052637ef13eff119dc316,0,0,0,0,0,4,0,0,0,0,2,3,0
4e5d244cfceaa7a29cfa9f42de50307dee079b72,6,0,0,0,0,0,0,1,2,0,0,0,0
4eb4b1cc729131fb9c0cb885ad7e9f8830b1887a,4,0,0,0,0,0,0,0,0,5,0,0,0
4eb6491995cc8c15181b6ad360862ada295a3c36,0,0,2,0,0,1,0,1,0,0,0,3,2
4ecb0619a8290b0595c1702b0d527c2073b111af,0,0,0,1,1,0,1,0,1,2,0,3,0
4f23ee46df2fb0eef792ddaa7a495e1388abf11e,0,1,0,4,3,0,0,0,0,0,1,0,0
4f44aa4cbd1b07f75d599752c920fa83601f02c0,0,0,0,4,3,0,0,0,0,0,0,0,2
4f4736893c344c90794c2aad82c17d106b4d33dd,0,7,0,0,0,0,0,0,0,0,2,0,0
4f77fcc6e5b1470d0d5146323e4f6cd43d58b3d1,0,8,0,0,0,1,0,0,0,0,0,0,0
5029ed457923e5c7eb921d72e797d51e386b4711,0,0,0,2,7,0,0,0,0,0,0,0,0
5046c49159e497f874d9a6af4faa08d35556e4b7,0,2,0,4,3,0,0,0,0,0,0,0,0
506a9212811df43587304fad9c55343fde4d65b5,0,0,1,0,0,5,1,1,0,1,0,0,0
5122beb2856b63502e321e1ed591eceb942181c3,0,0,0,2,0,1,1,0,1,2,0,1,1
5142d8a81ffced4785c136a33b6662d9a5477df0,0,0,0,0,2,1,2,0,0,1,1,2,0
5151eff67bcb8e5570899257657aa1690efb359d,0,3,0,1,0,0,0,0,1,0,0,0,4
51a6354f8292c1405088a299cbf6fbafac0a5c8f,0,3,0,3,3,0,0,0,0,0,0,0,0
5209a8c3daa9a193b6ed1ace736c2da8459ffd55,0,0,0,0,1,2,1,0,1,0,1,0,3
521f9bc6896ed53b62091fdf62c45b114eb82a58,6,0,0,0,0,0,0,0,0,3,0,0,0
531472f4f992c99cc5cff09a46b6034e979746c2,8,0,0,0,0,0,0,0,0,0,0,0,1
5352b12c5a7a2a2856921f98bcfc4c532fdac8ba,7,0,0,1,0,0,0,0,1,0,0,0,0
53c1ec7926ca448c4f6b5dcc5180f4e49424af81,0,0,0,1,0,2,3,0,0,0,0,0,3
540ad6731b73672cec287e9d23daa474c6a9d508,4,0,0,1,0,0,0,0,0,4,0,0,0
541a2f7f2fa617e3e2cc98cf0b74140ea2e98648,5,0,0,0,0,0,0,0,3,1,0,0,0
5422faec8c68e1aea49e5ca104ddb08671e27aa2,6,0,0,0,0,0,0,0,2,1,0,0,0
54a2a6f9d9882562791f40fe50eb6d21eebc74d8,0,2,0,3,3,0,0,0,0,1,0,0,0
54d57ef02ffde8747dc33cf0f30d231dd24e25ef,0,2,0,2,4,0,0,0,0,0,1,0,0
54feedeb17930100331f6a88e14d817a6f0068c5,0,2,0,3,2,0,0,0,0,0,0,0,2
5539d0e8db10b05582dda9b583cd8feb8dfb9219,0,0,2,1,0,0,4,0,1,1,0,0,0
55528b953409373fc959f15207091562c962091c,0,3,0,2,2,0,0,0,0,2,0,0,0
55695cb4a70b104c75b0641e0bb5b19dbf96b045,0,0,7,1,0,1,0,0,0,0,0,0,0
560f7c28158d7434f2de6a8726e82f16ea05c3b5,0,2,0,2,4,0,0,0,0,0,0,0,1
5622ff4dce6d88cc0d21cd4fba26270bd540d20f,6,0,0,0,0,0,0,0,0,3,0,0,0
56c783389cabfe208a8db8e1f3d485a226c91e6c,0,0,0,3,6,0,0,0,0,0,0,0,0
56ecb514b0d73b6a343da53ce923ee71258f1470,0,6,0,0,0,0,0,0,1,2,0,0,0
56ff30e1631caa0c4d7f7f41e710a59c59756e74,0,0,1,1,0,1,0,3,1,1,0,0,1
5701338a6ba8a725ee60c69e713eca18758d7373,0,0,0,2,0,0,1,0,0,0,1,2,3
576bf00ab9a027c3ca8083f38f5355394368db71,0,1,0,1,6,0,0,0,0,1,0,0,0
57b7b269969528bbd19abf4edaef7a14e05ff7d8,0,0,1,0,0,3,0,3,0,0,0,0,2
57e3c44129e8f092256f9470fdb73712a9bb26a1,7,0,0,0,0,0,0,0,0,2,0,0,0
5823c2be526141611c2e56efe9532ad1f75b2194,0,2,0,5,2,0,0,0,0,0,0,0,0
5852c636ac932606cc58b13cf4b0c1709013dbb3,0,0,0,0,0,2,5,0,1,0,0,0,1
58640eae8d991f0319750f9c3bafde428d29f740,0,0,0,0,1,4,1,1,0,1,0,0,1
58fb51d5872109e2d614476cc971ce2da6e31927,0,0,0,0,0,2,0,2,0,0,1,2,2
592da4a0068cd19620c54b775e6aec4a9f8fa8db,0,0,0,0,2,0,0,0,0,2,4,0,1
59940044ef9b656f4b84b34b6aeb3ea553fc2a77,0,0,0,0,2,3,1,0,2,1,0,0,0
59df03d44f01f1e19216d5b4df4177a9b58280f8,0,0,0,0,3,4,2,0,0,0,0,0,0
59fe1a53a2b17663dc169189fb610569defa003c,0,0,0,0,0,0,2,0,1,1,0,2,3
5a05edf708f9c7b608b17328235ab2752effca8e,0,0,1,1,0,6,0,1,0,0,0,0,0
5a061963e5e8f7952a17aae93458f5b03bf3903a,0,0,0,3,5,0,0,0,0,0,0,0,1
5a58e6083908dde5316353fb6d5de4199419d29f,0,0,1,0,0,0,1,3,1,0,0,3,0
5a6a275736a270e5fdf9cb190fe345d4e58e46b7,0,0,0,1,0,0,2,1,0,2,1,1,1
5a8fc8e7f0ce7139153ce80dc1c2c2cc3a0676a1,0,8,0,1,0,0,0,0,0,0,0,0,0
5aa26c9516aadd33ed124ea9fc8ca0604db7b0ef,0,1,0,3,2,0,0,0,1,2,0,0,0
5aaa49e1a702c0a69cfcfb3253971d1fd514fc1e,0,6,0,1,1,0,0,0,0,0,0,0,1
5ae22bb68cc4e8d4ff86ee6f0410365cf173332b,0,0,1,0,0,1,1,3,0,2,0,1,0
5ae8f1b14670bd1aaf20bca79b9c077c0dfe5ef8,0,0,0,2,0,1,1,0,0,1,1,1,2
5b01fe583dbc4a0556c01e3df7af5ee653862499,0,0,0,0,0,0,0,0,0,0,1,4,4
5b1f3f7ac3ee1340e9bb94851a494d0e9298dd22,0,0,0,0,1,0,3,0,0,1,2,2,0
5b231b0772ef752bc21db14226a6d89a56ed36b7,0,0,0,1,0,0,1,0,0,3,0,1,3
5b979bd5982a5db1b0cb0340033868b01fcefd8a,0,0,0,2,0,0,1,0,0,1,0,1,4
5baf7120f519419a6aa23b1f072c7ec6f7631d61,0,9,0,0,0,0,0,0,0,0,0,0,0
5bd6778734e7db2a38a043285cd3095260e01c81,0,8,0,0,0,0,0,0,1,0,0,0,0
5c24ad0416ecc4a2c9ef9ea3d20fb0896d32fd6c,0,0,0,0,0,3,2,2,0,0,0,0,2
5c2d8b05f190498e80f6ce8c58fa12ef37e2ac4f,0,2,0,3,3,0,0,0,0,0,1,0,0
5c37bc1f15943d4b16cae623bf7dab6bde545b6a,0,0,0,0,0,0,4,2,1,0,0,2,0
5c9a18d269da162e0207f3398c739131cda812c3,1,4,0,0,1,0,0,0,0,1,2,0,0
5cd5b846183645a0867822c170864034851bb15e,0,0,0,0,1,2,0,1,0,0,2,0,3
5cd914fd9ecbe1058f724f45af42356c96dd9e6a,0,0,0,0,1,3,2,0,0,0,0,2,1
5d5ecc0d9e58fa6eb74990cd3a73502e0876a234,0,0,1,0,0,0,3,2,0,0,3,0,0
5d7775affee922fdae55a9b280f66f275caeb1c2,0,3,0,2,4,0,0,0,0,0,0,0,0
5debde26c441bb4bcd14517c28a5e2071ce2de53,6,0,0,0,0,0,0,0,2,1,0,0,0
5e2c1ab75f9f9a6cde06496aed73aece5aa63db8,6,0,0,0,0,0,0,0,1,2,0,0,0
5e8f2458b8359f66babde64cd1b2e317c8aee35d,0,9,0,0,0,0,0,0,0,0,0,0,0
5f109a7501b1111b15a699b70659ab58db842b08,0,0,0,1,1,2,0,3,2,0,0,0,0
5f971c17f4eca66c86bfb0662d00826ab59f2453,8,0,0,0,0,0,0,0,0,1,0,0,0
6083c9d07bb5f2d802e1aac2189f73742d5eda57,0,0,0,0,0,0,0,0,9,0,0,0,0
609b631c117107899b4ae1b323f4dec7cd702231,9,0,0,0,0,0,0,0,0,0,0,0,0
60bfbefeac0dd48768490ba0443a1081e4538f79,6,0,0,0,0,0,0,0,2,1,0,0,0
61a4e3d7337c1e239a94ba000fd141e9982348b7,0,8,0,0,0,0,0,0,0,0,0,0,1
61b87cd758c4d7e97e5d19b702dbd7b5133c582b,4,0,0,0,0,0,0,0,0,5,0,0,0
61b9a9bb0c4d168b40b021340005a4246a2136f4,0,0,0,0,5,1,0,0,1,0,0,2,0
61bfc906265bcf6318944ceb50779298d0dc72e3,0,0,1,0,0,0,1,0,0,4,0,1,2
61d090abd2f4cae53e163e876fbaca14886db362,0,0,0,4,0,0,3,2,0,0,0,0,0
627218ec43e694ba8c108d2f9522244d9b59f90c,4,0,0,0,0,0,0,0,4,1,0,0,0
629bee679b88fed6d37eb4ff592c5cbd2e5ce1d6,0,4,0,2,1,0,0,0,0,0,0,0,2
62ecfe9cc20d098340ca994a9c08627b81f581a4,0,4,0,1,2,0,0,0,0,0,2,0,0
62fb9cb7d888cca0fca7f0afaf6a038df31f1bb5,0,0,1,1,0,5,0,1,1,0,0,0,0
63156d76928067dabc88e7f08ae8f95e62dd4f1e,0,1,0,3,4,0,0,0,0,1,0,0,0
6315d0c5e36522bdbe4ab548f6b80de6751e24ed,1,0,0,0,0,3,2,0,0,0,0,3,0
6367d33f03a5783d8a51b79f72f29ca8b0e85633,5,0,0,1,0,0,0,0,0,3,0,0,0
63a2135b13745643d3f780169a4b69cae1a7ac5a,0,7,0,0,0,0,0,0,0,2,0,0,0
63b9a924373e50c5e9ae284199d5087df47300a2,0,0,0,0,0,1,2,2,0,0,0,4,0
63e2af06309b6d5cfc6d7ab23220300170fafec8,5,0,0,0,0,0,0,0,1,3,0,0,0
640292cdc1a8d349e11d7b474cea250b185a253d,0,0,0,0,0,1,1,0,0,1,1,1,4
645cf87d1e27f18f7160a88f1eee552b0ff7adb3,5,0,0,0,0,0,0,0,2,2,0,0,0
6497b714482317a90526879e2597b4562550f75e,0,0,1,2,0,1,1,2,0,2,0,0,0
64dda8b8608995ea877bacf0fc35e0c90823c911,0,0,1,0,0,1,0,3,1,0,0,3,0
6536adbb692151939a05a5df9ba6ba87929097c5,0,0,0,2,1,4,1,0,0,1,0,0,0
654d25e99fed2bfbdc0583f19bc80be178cdfa33,0,0,0,0,0,2,0,0,0,0,0,7,0
6590e718b9dd9cb4dca85d6659090b6477ed22b8,5,0,0,0,0,0,0,0,0,4,0,0,0
659c67da2948810ef2f817aad8e1313ac87a3322,0,0,0,3,2,0,0,0,0,4,0,0,0
65bc950f6c071c8e15ca95da1bc4710d525c4990,0,0,0,0,0,5,0,0,0,0,0,3,1
66613035dfc11cf25df0ff9e4cc53d61c9116d75,0,0,0,0,0,0,2,2,0,2,0,1,2
6666467ca54c4f45acda267d1314b714e422e132,0,0,0,1,0,1,2,0,0,1,1,1,2
6684f7cb61bb3ae980e0b5003c3e6bd96337a5de,0,0,0,2,2,1,2,0,0,0,1,1,0
66a2240556c729b2a992d547f5b27fea48ab52a7,0,3,0,2,1,0,0,0,0,1,0,0,2
66dcd47482693bb7d150e19f9235a9aef08e32c2,1,0,0,2,0,2,1,1,0,0,0,1,1
66ea90637d31b3b86ef584ca02131971e8424387,0,0,0,0,0,3,3,2,1,0,0,0,0
66f044f44e047dc4c6a6b537fdc6462e399ccde0,5,0,0,0,0,0,0,0,1,2,1,0,0
6702f704612f2706f2e9ceefbf0d376922a32000,0,0,0,1,0,3,3,2,0,0,0,0,0
671442bad792d4c4b964651958cbf8352b9faad0,0,0,0,2,1,1,1,1,0,1,0,2,0
6730f6047b96849f357d1beabce53fb15fd6f26e,5,0,0,2,0,1,0,0,0,1,0,0,0
674b7d360f688d9ab8e9b9be00a8dd318e64a771,0,2,0,2,5,0,0,0,0,0,0,0,0
67d8ea1b09cb25777b8812b50fb9914032a95596,0,7,0,0,0,0,0,0,0,0,2,0,0
6802b53ea45430c108e68226b204979ebf8f836c,0,4,0,1,4,0,0,0,0,0,0,0,0
6851ea2c21357cdb16a99dc19b5e47e4d6f9fcde,1,0,0,0,0,6,1,0,0,0,0,1,0
69170bced56f297152aab0d46669f50bb57fecc7,0,1,0,4,3,0,0,0,0,0,0,0,1
6923dfa501490a78863bce3d43303ed152ed085b,0,0,0,1,0,1,0,1,0,1,0,0,5
69276d096281cafc16b307667256c9baa149e597,0,0,1,0,0,3,1,1,0,0,0,3,0
69e1af40a2e10b0caa0e2c5891f1523e1d999b2b,0,0,0,0,0,1,4,0,0,1,1,1,1
69e7dad9a11ca3c65713aa6e673f36bd35cd8623,0,1,0,3,4,0,0,0,0,1,0,0,0
69f13ab68a9aacb91bef504484cf119d8dddd021,0,0,0,0,1,4,2,0,0,2,0,0,0
6ab6b92628e45d6d1dede9e246ad436cc92c0127,0,1,0,2,4,0,0,0,0,0,2,0,0
6adf4d7f768228100e4cc24ab746eb2a247afad9,7,0,0,0,0,0,0,0,0,2,0,0,0
6b1114ce2f71708933f4def570f392390c80fd7d,0,5,0,0,0,0,0,0,1,3,0,0,0
6b1757b1753530b4fcad56f93093e2fbf03b7fae,9,0,0,0,0,0,0,0,0,0,0,0,0
6b79d7fff671a5d9eac5a1487e297883c90644fd,5,0,0,0,0,0,0,0,1,2,0,0,1
6c0662a8ca1c92d0d00802b131908dbbe175d073,0,0,0,0,0,0,4,1,1,0,0,2,1
6c13c9373aca7d30d5fe91008b74b151b7ae6ad1,8,0,0,0,0,0,0,0,1,0,0,0,0
6c2736ec767be4901fdd6c1ccd2212b304f928b3,0,0,0,1,7,0,0,0,1,0,0,0,0
6c40523835377a816785528f0a64666db9506d4b,7,0,0,0,0,0,0,0,0,1,1,0,0
6ca85bf1b06c6a7787ebe085b1356aeecfaef6cb,6,0,0,0,0,0,0,0,0,3,0,0,0
6cb34c59108e047e3c788906788409855cf65289,0,0,0,6,3,0,0,0,0,0,0,0,0
6cced2f4e319e30c6aec4a87fead719d93740bc9,0,0,0,0,0,2,2,1,0,1,0,0,3
6cdc48e1a2f2f7d00d8dbe9de74a31b3511c0982,0,0,0,2,0,1,5,0,1,0,0,0,0
6d79f829b21fecc7f341247a9d4c411af2a0e539,0,0,0,0,0,2,1,2,0,1,1,0,2
6d82b679b3a157a7dfb28b4ed8c34fad897e5bee,0,0,0,0,0,4,1,0,0,1,0,0,3
6dbec869548ab26991bac7ae6e44a1a5ac6d4964,6,0,0,0,0,0,0,0,0,0,0,0,3
6e2ebabf7bd52878b6267f9c7c5f32c96c6c22e3,0,0,0,0,0,2,3,0,0,0,2,2,0
6e34fb41b86bd8f0c1a03272cf547d8e7248570f,5,0,0,0,0,0,0,0,4,0,0,0,0
6e8b8fe7d9cf81136de1acaae5f33495e76aeeb8,0,0,0,3,0,2,0,0,0,2,0,2,0
6e923b22164002a57f90b107a90b781e39f02a49,3,0,0,0,0,0,0,0,2,4,0,0,0
6efe6f837e584e3e582a43ff8497be6428906f5f,0,2,0,2,3,0,0,0,0,1,0,0,1
6fa630c3dcdf20fa1d6b2171daa0e612c6bef2f2,0,0,2,0,0,4,2,0,0,1,0,0,0
6fbf84be524561df4f4cc986ac617e83af9be2a6,0,2,0,1,4,0,0,0,0,1,0,1,0
6fde3497784e1c24729c2755c87e147888339366,0,0,0,0,3,0,0,0,2,1,3,0,0
6fe2df83b9b8c682d75aeeeeb95c171c73b6e34b,0,7,0,0,0,0,0,0,0,1,0,0,1
6ffbd79e8316b661aef5c1d66fab9907bcc5ec76,5,0,0,0,0,0,0,0,3,1,0,0,0
704d5560c34ef49320509f2a1bb9d125b4f07190,9,0,0,0,0,0,0,0,0,0,0,0,0
70aad26cbfd102d14e085a68d76e5e8643baa7d5,0,0,0,0,1,0,2,1,1,3,0,0,1
70c1b182c4a0476ffee1bd0c2ca8f978a8ccf9b7,0,0,0,0,1,0,2,1,0,0,1,3,1
710cc19eef70901a4ee61cbdec0931afe79a1664,0,0,1,0,0,3,2,2,0,0,1,0,0
7152251b6850bd5cef03885305b5a507a6d8d497,0,2,0,3,2,0,0,0,0,0,2,0,0
717965099b8a395af262197a7924626781ecce00,0,0,0,2,0,4,1,1,0,1,0,0,0
71955170f7b514eeea87bef2b224d36e02acfe25,6,0,0,0,0,0,0,0,1,2,0,0,0
71cf497d2ec587124c7661c00704a484df383647,0,0,0,1,0,5,2,1,0,0,0,0,0
71d0ef34956cd61cd4139fa656503010aa639b48,5,0,0,0,0,0,0,0,3,1,0,0,0
71f88a73805854ea45160abebb3968afa42018db,0,0,1,1,0,4,2,1,0,0,0,0,0
7222e7d05aad5887a1f228e9b3053c31fe956cf2,0,2,0,5,1,0,0,0,0,1,0,0,0
7247a4aaffcc7b76797ee1c5c470630ff71d3b26,0,0,0,1,1,2,2,0,0,0,0,0,3
7262a3143db323dbfef820dbcf707eac97a7ba8c,0,0,0,0,0,1,2,0,0,1,2,2,1
72e918e74fdbbd709b9cfe46108c363fdff714ef,0,7,0,0,0,0,0,0,1,0,0,0,1
730e4083eca074b7d493393459948fab212829fc,1,0,0,3,0,0,4,0,0,0,0,1,0
73a7134bfc68dedc6fbd7201fa3e61fc578d84ee,0,0,0,1,2,0,1,1,0,0,3,0,1
73dd1a6d802fda0993e510b07d7340de6871b759,7,0,0,0,0,0,0,0,1,1,0,0,0
73ee0f7c3bca3183401835e60ac1679f7c4e7d40,3,0,0,0,0,0,0,0,2,4,0,0,0
744b34b96dc6cae3e1cc814addeaa8ef767fbdac,0,2,0,2,4,0,0,0,1,0,0,0,0
7450c6fd1fa0dcbc63f340af72a4cc3434001a6a,0,6,0,2,0,0,0,0,0,1,0,0,0
747018e52d47fd1efa55d4b4361443e2d30d453b,0,0,0,5,3,0,0,0,1,0,0,0,0
74ac01bd71a6feea469c39d273894b4706e42bdb,0,0,0,0,0,1,4,0,1,0,0,3,0
74cd5f3537828cc65e45bd8e391acef3eac44d70,0,0,0,1,0,1,2,1,0,0,0,3,1
74ee47a85d75d2b4dba42d3359ae6e5ef62aecbf,5,0,0,0,0,0,0,0,2,1,1,0,0
755253469a2ac2d0297eb30db0d5e4c543bc8a66,0,0,0,1,8,0,0,0,0,0,0,0,0
7592eb2f1f63a0ecec49fa807d711a97b2cea6b3,7,0,0,0,0,0,0,0,2,0,0,0,0
759d1c7ac19a7c9d807a2cc99f78233be740019e,7,0,0,0,0,0,0,0,1,1,0,0,0
75d9b76e76a0f1cf9fce11b4d1a9096941a9bbff,0,5,0,0,3,0,0,0,0,1,0,0,0
760a6c1d811625a29d554c4de2c05db0216cfa0a,0,0,0,0,1,2,1,0,0,0,1,3,1
763b1be1d43f8fc4e431cc8dd4470b3b0cf52db4,0,0,0,2,0,3,2,2,0,0,0,0,0
7694e8d98027b2a79ebff67e847a0cf4dcbad0f9,0,0,0,1,0,1,3,0,1,1,0,0,2
76bf19df3aa8d9341350b96ddede96f0ef4b0b85,0,0,0,2,2,1,1,3,0,0,0,0,0
7710b665be6343b41ca0b81959c5b21484314e81,6,0,0,0,0,0,0,0,1,2,0,0,0
7778da77631710db7104b481481ae2c8b97e8373,0,0,0,1,0,2,2,0,2,1,0,1,0
779f769ba4f9fa1722d935050680ec2eb0d035aa,6,0,0,0,0,0,0,0,2,1,0,0,0
77fb57a5c563a992933ae6fc0b432c0170048883,0,0,0,2,0,1,0,3,2,0,1,0,0
781b9c5277265cfe07d1115c61267aa85206efae,5,0,0,0,2,0,0,0,1,1,0,0,0
78deb197f405f248bf4c634e9c81af572b6c4264,5,0,0,0,0,0,0,0,4,0,0,0,0
7901d564fdbd1683e9114bfbf063c2eff14e8c12,0,2,0,5,2,0,0,0,0,0,0,0,0
792a1c19df88ae8f484d7a36401aed72f2c6f8ce,0,0,0,0,0,0,3,1,0,0,1,0,4
7954d019e57df9768c5ba5d4f7ecc4a5ff363a71,2,0,0,0,0,0,0,0,4,3,0,0,0
7958b5e0721f76ef9f2893ed39ab2ffb45d0ddbd,6,0,0,0,0,0,0,0,0,3,0,0,0
798164bb38c7a359cb9b68ef8244d23913cb07a8,0,2,0,1,3,0,0,0,0,0,3,0,0
79b0a690f5ad48a3349e8b44c6bdf05e4f362585,9,0,0,0,0,0,0,0,0,0,0,0,0
79c72cc51b7cddd5900248c2c90457b8d65b02d1,5,0,0,0,0,0,1,0,1,0,0,0,2
79e07309d8441ad8bf4f6064d1e21cd9071fe182,5,0,0,0,0,0,0,0,2,1,0,0,1
7a1144a684b64c6ce194ba631730bef831cc7602,0,0,0,3,6,0,0,0,0,0,0,0,0
7a5ee03a7bec6cd75cbfe61b29e56683454bc5d0,6,0,0,0,0,0,0,0,1,2,0,0,0
7a864b7a6787ee5347381c78d052dcb85818c16c,0,3,0,3,1,0,0,0,0,1,0,0,1
7ac8cddae2dda57a1f3e8e4bdd8780f5bb47bb6f,0,8,0,0,0,1,0,0,0,0,0,0,0
7b1b4eb7f71b6806828eb5d1658694773618fcb9,0,3,0,3,2,0,0,0,0,1,0,0,0
7b21a42704b0204b4c8f694690a4b4b12872557b,8,0,0,0,0,0,0,0,0,1,0,0,0
7b3a6dcb324639434f25b438b88b50914e384f56,0,4,0,2,2,0,0,0,0,1,0,0,0
7b4c7e20b72fa40325a3089e01b79a19813c8c9e,6,0,0,0,0,0,1,0,0,2,0,0,0
7b51713577462865d090f6c667c4b64a258440ee,6,0,0,0,0,0,0,0,0,3,0,0,0
7b81fd37cb02469546f8b19fc6fa93cbe19194ae,0,0,0,2,2,2,2,0,0,0,1,0,0
7b97e3d544aa1f4900b8f4bac00327cf3d3b37c0,3,0,0,0,0,0,0,0,0,6,0,0,0
7bde038c3fc5cfc2daea4a6e7abe37dde6fc4c93,6,0,0,0,0,0,0,0,2,1,0,0,0
7c18f02a7b9090c7655decc788b00e352a2e0265,0,0,0,0,0,1,0,0,2,1,0,2,3
7c44b65b4c839fd3f22eae66b650bbfb46bfe11a,0,0,0,4,2,0,0,0,1,2,0,0,0
7cb47f4d160eb75f5d36e987d5f2c9181b415a59,0,0,0,0,0,0,1,0,0,3,0,0,5
7ce1e4fd7fb3d43ea1813c707078877b2fe42512,0,2,0,2,4,0,0,0,0,0,1,0,0
7cf9fdbb61fb9c2afbb71915dc4c821f02e42e9c,0,0,0,0,0,0,3,0,0,1,0,3,2
7d2106d0af027b2ee44803c508823cdb216b28ff,0,0,0,1,7,0,0,0,0,1,0,0,0
7d287b90ec9cf527a760de014416eec91b3ebd53,5,0,0,0,0,0,0,0,2,2,0,0,0
7d3f18ebf3d315728e52e50d8b4a146e5d8e2749,8,0,0,0,0,0,0,0,0,1,0,0,0
7d4130e670b4cd5f4068265baa62eebb2fe9c617,0,0,0,0,0,3,3,0,0,0,0,2,1
7d78644d66af8684b3edc135724e997567425dd7,0,0,0,1,0,0,2,4,0,0,1,1,0
7d873e83602d026157b2c00dd238b1e0d5ff5ea4,5,0,0,0,0,0,0,0,1,3,0,0,0
7da34a2edf63d56e2573ef49cf45bc38b61d9d2c,0,0,0,1,0,0,1,2,0,0,0,4,1
7dd396c7ddb17697fc8eb6ac1b5762d1d677daa8,5,0,0,0,0,0,0,0,1,3,0,0,0
7e13e7e4712074095399bdeff145689d65ff0c21,0,0,0,0,0,4,4,0,1,0,0,0,0
7e5fb0319d0994ed7a8e3ae1e144077a12b3f23c,0,0,0,0,0,1,2,2,2,0,0,2,0
7e8384479cd2f680605f1ab93e9c4b1484d30969,6,0,0,0,0,0,0,0,3,0,0,0,0
7e96c7de1c645f88b61c9cc853c570ed6d3f9bd5,0,1,0,3,4,0,0,0,0,0,1,0,0
7ec806fdd625e8f63506c397c202be616637abb3,0,0,0,0,0,1,2,2,2,0,1,0,1
7f7659df367985f57c322f5e4522c4b43d5dc36c,0,0,0,0,0,1,1,1,0,2,2,2,0
7fa44ba915d7aa3559569e0132457f43871d9393,6,0,0,0,0,0,0,0,3,0,0,0,0
7fc44f4ef6d0794696909031ea0f46f85f22fc08,7,0,0,0,0,0,0,0,2,0,0,0,0
7fd3f0fc1ec8c4fd0b954b4ea090be461bb8aebe,0,0,0,3,3,1,1,1,0,0,0,0,0
7ffc2586107cd9213bd0938af35df853a60e60da,0,2,0,2,4,0,0,0,0,0,1,0,0
805dd381d7ec0b1ea81e34952a1ddc647ecc5385,0,1,0,2,6,0,0,0,0,0,0,0,0
80b078ebb7c5ab1a0628e9f828e67abb64a95c71,0,0,0,0,0,5,1,0,3,0,0,0,0
80c1679b809b479b95ccc87a5747369c67745ea1,8,0,0,0,0,0,0,0,1,0,0,0,0
814a6614e8881e4c38cd662aeaeab3f9aeae2291,5,0,0,0,0,0,0,0,1,3,0,0,0
81627008ed992a32ef9dc64dda3e0bc6052fe85f,0,0,1,1,1,2,2,2,0,0,0,0,0
81af987c67d7785831284121f8de1a189e7b3e71,0,0,0,1,0,2,1,2,2,0,1,0,0
81c165f69f6596b81b98a7ea26701bde39d81bdf,0,0,0,1,0,0,1,1,0,0,0,5,1
81c2224d50184f0a681137c37fc17ca875be265a,0,0,0,4,0,0,3,0,0,0,1,1,0
81ed900946b2a8b9a14f516d63f4609322b8e8d0,3,0,0,0,3,0,0,0,1,2,0,0,0
823fb6a5079676cc4ef83ed283bb5e9fbba7ea47,0,0,0,1,7,0,0,0,0,0,0,0,1
8276d7426f3e28e94114d2907884c1a8687ccfb9,0,6,0,0,1,0,0,0,0,1,0,0,1
82ba8950828e13a2c0340c0bc3a4fe818a1b1f3d,6,0,0,0,0,0,0,0,0,3,0,0,0
82f91021e45d1caa70acee5a4344b8d2ca1ddebf,0,7,0,0,0,0,0,0,0,2,0,0,0
831cf445c537759c74db12d526fad948c59a9caf,7,0,0,0,0,0,0,0,0,2,0,0,0
83262ad817a37685296c4b32c85f2c7f77df0442,0,0,0,0,0,7,2,0,0,0,0,0,0
835dc3265f2b38e9d78d72180672c08c3d0ce679,0,0,1,1,0,2,3,1,0,0,0,0,1
838ab38db734da0e9ccb7e33ff274e0477939f56,0,0,0,0,0,2,0,2,0,0,0,3,2
83d17477b3225aedde6b65274f04fd27274a064d,0,0,2,1,0,0,0,3,0,3,0,0,0
844b1df5c879a28e4fefa6018f19cecd71af51b4,0,0,0,0,0,3,2,1,0,1,0,2,0
847298e5394013ea90e7e1904578c390927053d2,0,0,0,0,0,3,4,2,0,0,0,0,0
84ad5c0ffa56931faff12d8e3d7744d28778f80b,0,0,0,1,0,1,2,0,0,1,2,0,2
84ef243924a716cb7b7e7d7f730ffc316cfa6299,0,0,1,1,0,3,1,1,0,0,1,1,0
855b002e8984a719fe980e8a11a0323b78a726b4,0,0,0,0,0,0,4,0,1,0,1,1,2
856d8fb2b6d4c438baa9affc861a21ad03a8543b,0,0,0,1,0,6,2,0,0,0,0,0,0
8576e7615909e10ded0ec1fe978b51e665dac59b,0,1,0,2,6,0,0,0,0,0,0,0,0
85c3fe9c55e1f066336c3297ed0295e1e90c9c72,0,3,0,2,3,0,0,0,1,0,0,0,0
85c592d76bc753e22015773451c5940867792e5c,0,0,0,1,0,1,1,3,0,0,2,0,1
85f290fa84982672e0c44727505dad41ae1608f4,0,1,0,2,3,0,0,0,0,2,1,0,0
861dc2c87ab0ba705a18c7efe0edb7a4252a12dc,7,0,0,0,0,0,0,0,2,0,0,0,0
8656c8ac763c1defe42f4d6e66a10ed8aba0a702,0,0,2,0,1,0,0,0,2,0,0,2,2
867994e2976450c41bbd5a8d4e7f10ecb6b59fa3,0,0,3,1,0,4,0,0,0,1,0,0,0
869b9b249443b6029d0b252c6ac3be7063cc897a,6,0,0,0,0,0,0,0,1,1,0,0,1
86d101839b58c4938a64c7939a3dc943c7cc5c8f,7,0,0,0,0,0,0,0,2,0,0,0,0
86f0a8a65e6c24029de8208198493c15c6aa04cc,0,3,0,2,1,0,0,0,0,3,0,0,0
86f581ee7612802574442085169746fb9f44e20f,0,0,0,2,1,1,0,2,0,0,1,1,1
872ca9d1e7a2a3771e5aaf7be84dc7f4470f5247,0,0,0,0,0,3,5,0,0,0,0,0,1
876f08f6f8db12cf0915f6df70c85f8dbb3473fc,0,0,0,2,0,3,2,1,0,0,0,1,0
879db078b22f83e107ae3c7a9c21c74e50c24c8c,0,0,0,0,0,2,2,1,0,2,0,0,2
880e4c2592c57e5361427a1704d5222588349f9c,0,1,0,1,0,4,0,2,1,0,0,0,0
8844890f97ab5e166c3cb299e15a0076f42799ad,0,9,0,0,0,0,0,0,0,0,0,0,0
88542df7fefcacd8a4f9f02a653e5bed982fc527,0,0,0,0,0,2,4,0,0,1,1,0,1
888c6803367a6675427a7b3c527a0fbebed94139,0,0,3,0,0,1,0,4,1,0,0,0,0
896e17aed3982249907e4ee5e9f8a9921dd221c6,5,0,0,1,0,0,0,0,2,1,0,0,0
89858609a60db99ac9609b825f2549fa75c645de,0,4,0,0,2,0,0,0,0,1,0,0,2
89b112478f6e2da2887660be95c28b99737093cc,0,1,0,2,5,0,0,0,1,0,0,0,0
8a9eaf2ee51779687c89977f01b812c49151978c,0,0,0,0,1,2,4,0,0,0,0,1,1
8afc3a7cd4f4490ad0051339e0421e0d81ccbf84,0,0,0,0,0,1,2,3,1,2,0,0,0
8b3a81b7e8190ed7a546e5a7ea3a6edfa5dd9fce,0,4,0,2,2,0,0,0,0,1,0,0,0
8b4bfa29430586a8ca29969ada48cfbb2570857b,0,9,0,0,0,0,0,0,0,0,0,0,0
8c1e59b1fe6269768a64a8399f14d61e24da0961,0,0,0,0,0,2,3,1,0,0,0,1,2
8c8d2f29e8396c4e92e1996df6c59af27c51a517,0,0,0,2,0,0,4,0,0,1,0,1,1
8ca34287c0b70ef70cab7382186640210b4b80ae,0,0,0,1,0,2,1,1,2,1,0,1,0
8cb18ddbd1e475f73afa1e9b0eea79e51725dc67,0,0,0,0,1,0,2,0,1,0,2,2,1
8cc23ce268467f7585d66e21bba3ec55ff1f7305,0,0,0,0,0,3,4,0,0,1,1,0,0
8ce9073308077589eaa5f9fa792302794fe468c0,0,0,0,0,2,0,2,1,0,0,1,2,1
8d0bd7c69eac72b0f6023ef288c1cbbf1637b9f9,0,0,0,0,0,1,1,0,0,2,2,3,0
8e8b655a2b7f99160b5f2aca4df1ff5e448a31b9,0,0,0,0,0,0,1,4,0,2,0,2,0
8e924e408b4ee03dd314a8e53953edc05b929987,0,0,0,3,4,0,0,0,0,0,0,0,2
8ebdc762be6aa54d810856fb9e3578644c85eb8c,0,0,0,0,1,0,4,1,0,1,0,0,2
8f0db87de9ef14286370e7aca2fd411bd12e527a,0,0,0,0,0,2,2,1,0,0,0,3,1
8f5bfb5f9433779adf4ed9fe88bcb6025cd9ef63,6,0,0,0,0,0,0,0,1,2,0,0,0
8f63c7548b4c7f6edcf80fd928de992436027ab0,0,2,0,1,1,0,0,0,3,1,1,0,0
8f7a83f58f889dd727462360d2e434c050b020d9,6,0,0,0,0,0,0,0,1,2,0,0,0
8ffa67943c6ce3afb5f6fb88ff96e5ce87eef2c5,0,0,0,0,0,0,3,0,0,0,2,3,1
9012c92a3ca3eb6e2258e7a2b1d06154eb193d83,0,0,0,0,1,0,2,1,2,0,2,1,0
9052990799e611430065c8410140ccd5f4a0da03,0,0,0,2,5,0,0,0,0,0,2,0,0
907291e587e8606d277b88659d02f93aa2380357,0,0,0,0,3,0,2,2,0,2,0,0,0
90b32a571d8cdcbb6cae26e717ad2e113f629a41,5,0,0,0,0,0,0,0,0,4,0,0,0
90b4645c74607197ff8a1cbb8425a5aa7c84ded7,0,0,0,0,2,0,3,0,1,0,1,2,0
90bf7369fa0031a851157f01fcd1eff76ba0494f,0,0,0,0,0,2,0,1,0,0,2,0,4
90e3b2e52c51dbc71ee9ce334f9f3034f147d29f,0,3,0,1,4,0,0,0,0,0,0,0,1
9109a2a060835c73a31817a14fc2069f1b44cafc,2,0,0,0,1,1,1,0,3,1,0,0,0
91150d7477226aadb0d400bea74e4ae7d815e8c3,0,8,0,0,0,0,1,0,0,0,0,0,0
9134b9af759a697891f695afc53ccb72fc7c0099,0,0,0,2,0,3,2,0,0,1,0,1,0
914417dcf2eb8e43bbfbb460ad034295c34b1859,0,2,0,2,4,0,0,0,0,0,1,0,0
917db684e529e008a1fd2f6b9b3dcd555ea0a5f3,0,1,0,3,4,0,0,0,0,0,0,0,1
91c24ffccaf73351eb2cdfe6f45664e73011e378,0,0,0,4,5,0,0,0,0,0,0,0,0
92fdfdf9031adf9ca397521936bd1d37f82fe31c,0,1,0,2,5,0,0,0,0,0,0,0,1
933a4158fd70196afcd1bbff0384dd2fca96475f,0,0,0,1,0,1,4,0,0,1,0,2,0
933f6aeabc44cf8b216d1de0ea2169ea21cc4835,7,0,0,0,0,0,0,0,2,0,0,0,0
934818fa4ac7c171d91a8ed208889b5254c7aadc,0,2,0,5,2,0,0,0,0,0,0,0,0
936502ce8f2459d7b0f197afc7c4f7f96511ed45,0,0,1,0,2,0,2,0,0,3,0,0,1
937626e1533fe950774a643cfb9aeb1bec17cf59,0,5,0,3,0,0,0,0,0,0,1,0,0
937940c0b2b71487069315f95dfd91cff07294b0,0,0,1,0,0,3,2,2,0,0,1,0,0
93bf9f3fffdb131c19864acf4fa463db9c600eb3,0,7,0,0,2,0,0,0,0,0,0,0,0
93c1694ec1d63d569d0c91bdd51bd40b4b36b577,0,0,0,0,0,2,1,1,0,2,2,0,1
94201e90da64cc67a890285b51a0301491ec492c,2,0,0,0,0,0,0,0,2,5,0,0,0
947361baf01bbc46282be7bd0b509e72df550f93,0,0,0,0,1,2,5,0,0,0,1,0,0
9580f74dcbd0d1c3bafaea5314082abdeb73680f,5,0,0,0,0,0,0,0,0,4,0,0,0
95ac4ffc245d9074442569712f69ad5944ec6486,6,0,0,0,0,0,0,0,1,2,0,0,0
9625da9e4930f9d02375effb459e57c8d69e5124,0,9,0,0,0,0,0,0,0,0,0,0,0
9752fe517963c094da35bc06bc404806633893cd,0,0,0,0,0,1,2,1,0,0,1,2,2
977aeb1cdfce47e2c42593b2e2cf1a40c3640a19,6,0,0,0,0,0,0,0,1,2,0,0,0
9788db8f4ce3d48dd0fda9b9fbc46b7ecf2a0f4d,0,1,0,3,5,0,0,0,0,0,0,0,0
97c3fa851aeba6508fe7b462d70db035227f07d2,0,0,0,2,5,0,0,0,0,0,0,0,2
97d9aca39ac3e80b4d4d6084bf74bdb4eae22ebb,0,0,1,1,0,0,2,0,1,0,0,3,1
97eee64e3c3b46dc17e7c09f9b221ac8a14a2c2f,0,0,0,0,1,0,6,0,0,1,0,1,0
984bb39a5494c97e96ef9372e539ffacaa76e65f,6,0,0,0,0,0,0,0,0,3,0,0,0
9859727a4c22c2edf67a61978213275357e1f860,0,8,0,1,0,0,0,0,0,0,0,0,0
9867c52acfd17e40afc101e2843505863526617e,0,0,0,3,3,0,0,0,0,3,0,0,0
98a50fbad9bca77d65f7ba890892e61a26393346,0,0,0,1,6,0,0,0,1,1,0,0,0
98a626dde1ca407c9186a3e64c8a6d1cff31f8c1,0,0,0,1,0,3,1,0,2,0,0,0,2
98e5b390ff56fd2429e5f525a60064262b26a450,0,0,0,0,0,4,2,0,0,0,0,2,1
98e95bae27d2617f82f951ac65868b32ae25a736,0,0,0,0,1,1,0,1,1,3,1,1,0
98eef7d0a99b87f6a73207c7e083c81513be5569,4,0,0,0,0,0,0,0,1,4,0,0,0
992475a8d38a4f350a624cb0f47ee06e2a257e6e,0,0,0,1,5,0,0,0,0,2,1,0,0
998182a9084fd581cd7dfb33701bb5def6f7e8d8,0,1,0,2,3,0,0,0,0,2,0,0,1
99a194bb4df2105aa5be8bade8c641e53d9daa0f,0,0,0,0,0,2,5,1,0,1,0,0,0
99fbed0ad94ccd21f3e6dda31d82676e7851ffa9,9,0,0,0,0,0,0,0,0,0,0,0,0
9a204b5af041478265dd38fe85d9afe9bf519d5f,3,0,0,0,1,0,0,0,2,3,0,0,0
9a824df3f7b46e88765b3b4f73df560fa1619279,0,4,0,1,0,0,0,0,0,0,0,0,4
9ac3794e0187e5d29230d89d53c819cfebfcafb4,0,0,0,0,1,3,1,0,2,0,0,1,1
9b2c1510a5a8fb4c774525a672449097dd8e8268,0,0,0,0,0,1,1,2,0,3,0,2,0
9b5666fb5fc56921a34297497ccd6fb2fd1bc9f8,7,0,0,0,0,0,0,0,2,0,0,0,0
9b59a3b69e6e43635e24d8b8b551efaa87c664ac,0,3,0,2,3,0,0,0,1,0,0,0,0
9bb26d91b2d9be1fdfab364f13e1f2ab3e43c5ec,0,0,1,0,0,0,1,2,0,0,0,5,0
9be063fed8b939724db8c5ebd2258434718f304f,0,0,0,0,0,0,3,1,0,1,1,3,0
9bfee8ec5328829fdeffccfc2a6bd0eec630d24a,1,0,0,0,0,3,3,0,0,1,0,1,0
9c1015d9310df2e7af9ba60fd4eafd68d288f9bc,0,0,1,1,0,3,0,1,0,2,1,0,0
9ce1afc85ed4b49f8272ef89058a9d20ccac9ebe,0,0,0,2,0,1,0,1,0,0,0,5,0
9d17a90c4bb76490878b1138b0dd5c2ff7ff5878,5,0,0,0,0,0,0,0,0,4,0,0,0
9d19d17b3a5a6ca57d50d2cda3ab2d1d12887f34,0,1,0,0,2,0,0,0,0,3,3,0,0
9d2e653ece7bbea51705de55a9e7cd15880bc175,0,2,0,2,4,0,0,0,0,0,0,0,1
9d5cebbb858887438b2bb7927246130356737e90,1,0,0,0,1,2,2,0,0,1,2,0,0
9d70589d2a7d4b0c6a8a4850831de1b99ebc3d87,0,0,0,2,0,0,4,0,2,0,1,0,0
9d74569f471372b7832bb232a1ae1af348c96b34,0,0,2,0,0,4,0,3,0,0,0,0,0
9d767bfbae14e69344fc7a78a8d92872f5247bd1,0,9,0,0,0,0,0,0,0,0,0,0,0
9dcbc78cc073c4dbca9a9d7e5e0f0fafcc4b4e07,0,0,0,2,0,2,1,0,0,0,1,3,0
9e44d2a887440c777075a3c625b431e3be6a8a8f,0,0,1,2,0,1,3,0,0,2,0,0,0
9ecc424ceb87385ccc599a68b5b822e2495076d1,0,1,0,2,4,0,0,0,0,2,0,0,0
9ef08e7a4c337d8b95567b7246fc5b6d52fa98db,0,0,0,0,1,0,4,0,0,1,0,3,0
9f27a0e15d423e9eed8646834d62260625c6a334,0,2,0,2,5,0,0,0,0,0,0,0,0
9f2f608416cf186ffb274e68b276c53a670572d1,0,1,0,3,3,0,0,0,1,0,0,0,1
9f3eb4cbbf84135ea854357a01d188dadfa0e9f7,0,9,0,0,0,0,0,0,0,0,0,0,0
9fbad5ebad21c06c8497237a21f80283dc88430d,0,0,0,0,1,1,0,0,1,1,3,2,0
a007899cd2b7a4c120b8ac55d7f77b7fadbe881c,0,0,0,1,0,0,0,2,2,0,0,1,3
a00e419fc4d172c56b113b43b4e0c818ea24da29,0,7,0,1,0,0,0,0,1,0,0,0,0
a01ea6fd68bba7a60efe9c73aa8db19e0747a292,0,0,0,0,0,3,0,2,0,4,0,0,0
a02cfbebaa3985250393315b6a15e95a66505d2d,0,0,0,0,2,0,1,0,0,0,2,2,2
a035e7b55563834c89ca13021d6eff929cabc4e1,5,0,0,0,0,0,0,0,4,0,0,0,0
a0b09891bf37de76853813cffe2dc899bf68c8ee,0,0,0,0,0,2,0,1,1,1,0,1,3
a0c17643fc5950f254aa907f5965ca319231577f,0,1,0,5,3,0,0,0,0,0,0,0,0
a0d43e35f22e473cc8d764b4ca04f9e26e5a6ed6,0,0,0,1,0,5,0,1,2,0,0,0,0
a1331a15c5c615e215b8ddd253f315df9f08166c,0,0,2,2,0,0,0,4,0,1,0,0,0
a15c585ece6f47acd6ef05f370801c29e0e7d457,0,0,0,2,0,3,1,0,0,0,0,2,1
a15f057877a0c40833d2ec1975aa4d47d75c4c44,5,0,0,0,0,0,0,0,3,0,0,0,1
a17b1f45b174c7eab256139b1843071ac6ee1c44,0,1,0,2,6,0,0,0,0,0,0,0,0
a1922737627648cd99490cc1d1fd3d8027a0d975,0,0,1,0,0,4,1,2,0,0,1,0,0
a1a7f2a4148e4f9f88412a957b238b865fb73310,5,0,0,0,0,0,0,0,0,1,0,3,0
a1ed6b9619ef5794ed91beab3ccbd0d4cf72458b,0,9,0,0,0,0,0,0,0,0,0,0,0
a2282cef66015ff30791baf2a0bac53e68bea471,0,0,0,0,4,1,0,1,0,1,0,0,2
a24191735ea52eec5cb3ede4e2cec2d9a184b300,3,0,0,0,0,1,0,0,0,3,2,0,0
a281713e3f3af65276e9097cce4e879ae320ae4c,0,6,0,0,2,0,0,0,0,0,0,0,1
a2a59eb6587b83da2887c4714da50a14e25b8961,2,0,0,0,0,0,0,0,3,4,0,0,0
a2bbbaf08f4da8505c8977f2b95ea18301c48ba7,0,2,0,4,1,0,0,0,0,1,0,0,1
a2c422ed97bba4b840006b182d290bfebe92940f,0,0,1,0,1,1,1,0,2,1,0,1,1
a34fb4cbd1545962f8556cba42f4eb2f6b8ecc2c,0,0,0,0,1,4,0,1,0,1,0,1,1
a3624003357148227d032680ed71f2b448271ad6,0,0,0,1,4,0,0,0,0,0,1,0,3
a3a3e5d270d8949fab5fdfb02d291650bb3f74ce,0,6,0,0,2,0,0,0,0,1,0,0,0
a452f85622550146c5f2cf65bf02a1fec6a2d771,0,2,0,0,0,0,0,0,3,2,1,0,1
a45571213482d7adecf6c086485351bb0b13b72c,0,0,0,0,0,4,0,1,1,2,0,1,0
a45a43a53caf6490ce6eeca140da466e71a8f7b3,0,0,0,0,0,1,2,1,0,2,0,1,2
a49d777481ce86e2936f28ddef14272992fba73c,7,0,0,0,0,0,0,0,0,2,0,0,0
a4c27b2a0d90593aefd811c6de50b0f3c7c99d8e,0,0,0,2,7,0,0,0,0,0,0,0,0
a532615f604f374dc548e2be62b26a152b816b98,0,3,0,1,4,0,0,0,0,0,1,0,0
a566215aa27cc0f077612b28ac4b1f8f8d569b02,0,0,0,2,0,4,0,2,0,0,0,1,0
a5aaebd1727f98ef1cc4a6c9945835923d277f08,0,4,0,3,2,0,0,0,0,0,0,0,0
a5b9ebf3a28af98f6607861f064f75c49d1487bc,0,0,0,0,1,0,1,0,0,2,0,1,4
a5d4201f7a91175eb97e785e05b7a3d6d6490a27,0,0,1,0,0,3,0,3,2,0,0,0,0
a6d7baa3ff2151e9f8147e8ce33a25a33c91428a,6,0,0,0,0,0,0,0,0,3,0,0,0
a712b303a00630303e4a0a16e0819d199c33780a,0,0,0,0,0,2,1,1,0,1,0,3,1
a764c4c53aa1eb2a0c6b1fa41826c49c952ab698,0,0,0,0,0,0,1,0,1,4,0,0,3
a767e004e4ebae4bcdea886e9b950d7bff1a5936,0,0,0,1,0,2,1,2,0,1,0,2,0
a7a54c60531054d9b2c4d25642807d0cf155daa8,1,0,0,1,0,3,2,0,0,0,0,2,0
a7e46104c36878a037866245468e10537b3b985b,0,0,0,0,1,2,0,2,0,0,0,2,2
a7e5b611589dc3d1acd903f47d1c01b1b3fd1fa5,0,2,0,3,4,0,0,0,0,0,0,0,0
a7f89f7e58ad1ed1f97e92c1cb41947e521ccf41,0,4,0,3,2,0,0,0,0,0,0,0,0
a85918309ae1fe00446a59286666cebdefdbaa84,0,0,1,0,0,3,0,3,1,1,0,0,0
a951d65a9d842dc5bb06aec4df3992b86af2ce60,0,0,0,6,2,0,0,0,0,0,1,0,0
a960d56daf8bc5b8736365c4a36a1a4cf6cbb8f4,0,0,0,1,0,1,4,0,0,0,1,0,2
a977c4ea58214fdf3b080b94f92b91ca10132235,0,0,0,0,0,0,1,0,0,3,2,1,2
aa66e245116f00897bd586614f71df5920ea0fdf,0,3,0,1,5,0,0,0,0,0,0,0,0
aa92eea3d08ff7b036552218c02175d76a6ce0ba,0,1,0,5,3,0,0,0,0,0,0,0,0
aab1553cfa7c838b410c9f8427ef02ea12b95596,0,0,0,0,1,0,1,3,0,2,0,0,2
aac2f014a468e51307b6dfa0332c6318f6221fa5,0,0,0,1,2,0,0,0,0,1,2,2,1
aad99693b3a81427e616bb9a3a72bdec54a31c77,0,2,0,5,2,0,0,0,0,0,0,0,0
ab2f9041f08ff1978886e369fe01d481a82c58c5,0,1,0,2,2,0,0,0,1,0,0,0,3
ab4c0e1f0bef87b982f36ff6a18329418381a963,0,0,0,0,0,1,1,0,2,2,0,1,2
ab84f7308c6d6e42840aee4c4cbb4d2062c60767,8,0,0,0,0,0,0,0,1,0,0,0,0
abbace54bd2b95722fb6c8423fc0c45bfae5fd52,0,0,0,0,0,4,0,0,0,3,0,1,1
abf96ee69a5242db79ebcdce34bd72044548056e,0,0,0,0,0,2,0,1,0,4,0,0,2
ac2e75593176a639f67f7472765e510e3db089ac,0,0,0,0,2,0,1,1,0,0,3,1,1
ac437d3dd56fd4cdc2a52441e17b32a76fee37b1,0,0,0,0,0,1,2,1,0,1,1,2,1
ac546f85ee9488254cdfdf384966ec774ed7b5ae,0,0,0,0,0,3,0,6,0,0,0,0,0
ad22bf1209606c5b447efb0e23cd2904da87e348,5,0,0,0,0,0,0,0,0,3,1,0,0
ad2f8b74885b93a511f65d58341ecb7e55df2ae6,4,0,0,0,0,0,0,0,2,3,0,0,0
ad478cc90f791d4154ae2bd7e22f0fafcec3a43c,0,2,0,2,3,0,0,0,0,0,0,0,2
ad631579b4c189cb5ec0771dec86ebab9bb0e232,0,2,0,0,7,0,0,0,0,0,0,0,0
ad66e7d4b2fc40840e0a124440a378b11918ef7c,0,2,0,1,6,0,0,0,0,0,0,0,0
ad8132f3bc69849f6e97c872d3ae3d4444d654a0,0,3,0,2,3,0,0,0,0,1,0,0,0
add2f775928ea8f330ddedc783417b22b360dc64,0,0,1,0,0,1,1,1,0,2,0,0,3
adef5a9cac5c6f38abeb5f2063c190696ced22b6,6,0,0,0,0,0,0,0,0,3,0,0,0
ae04a02b87fd8902bf076321fc34f44324480450,0,7,0,0,0,0,0,0,0,0,2,0,0
ae6cf7f76424d2c4c27ae7d3095c72f8a30c1574,0,2,0,5,2,0,0,0,0,0,0,0,0
ae97a190e868a8d75a30412ba81bb9523f204ae1,0,0,0,3,0,2,1,0,0,2,1,0,0
aedaec24ff8ef0fac8dc922e463d8df933a3ba9c,0,0,0,1,1,2,1,0,0,2,0,2,0
aeea4dbdc9dddaa2b744d60077f994fa072b1172,0,3,0,1,4,0,0,0,1,0,0,0,0
aef770d50cc0de3e8a5d8c4566a9e445e3b79b1b,0,5,0,2,1,0,0,0,0,0,0,0,1
af044c7fb25e000685239ce259889fc65c02d4ab,7,0,0,0,0,0,0,0,1,1,0,0,0
af6534718ad2a08449b4c0d93c3640e59f579633,0,2,0,4,2,0,0,0,0,0,0,0,1
af6b78f3f5eb6b0fd9e4e12983c780ab612f5870,0,0,1,1,0,1,2,0,1,0,2,0,1
afdbdf27706556515f323c46c7880db2da99715c,0,0,0,1,6,0,0,0,0,0,2,0,0
b001a140cb5aadd7a7154a8da1d90fc90414b914,0,6,0,2,1,0,0,0,0,0,0,0,0
b031412bd24dad89eff3de90d05f976bf6b22407,0,0,0,0,1,3,1,2,0,0,2,0,0
b0b09fa719ca5d94b6bc7519c2b32e99998d34b0,0,0,0,0,0,1,1,1,1,0,2,0,3
b0c532d6fee62b115339e641de1ef81ded0885e0,0,0,0,0,0,3,3,2,0,1,0,0,0
b0d1233da2ff437a83a0a5bfe87808c526b15a07,0,2,0,4,3,0,0,0,0,0,0,0,0
b0e6666b58c36084e4491a3fcdd3c15944153427,0,0,0,0,2,2,0,1,0,0,0,3,1
b0ecbb9631a8ef6e21a23ffdeb5ba0d512665dc5,5,0,0,0,0,0,0,0,1,3,0,0,0
b119d7b15b120ce7ee20675e8173b49ca06fbac1,0,0,0,0,0,7,0,0,0,0,1,0,1
b11a6aeb4c70ce9e9ae7b69fb721e501416c1006,0,0,0,0,0,4,5,0,0,0,0,0,0
b153e4252f2d3059216238a0ef614efd029997ee,5,0,0,0,0,0,0,0,3,1,0,0,0
b15946ca46e70f7f5e50a8227516527adb3e5ecc,0,0,1,2,0,0,1,2,0,1,0,2,0
b1a09c7c41adecd4327aff6bc2f9f36cc39b6678,0,0,0,3,4,0,0,0,0,0,0,0,2
b1edc8e3f158da18eed89fcacf494e806f214134,0,0,0,4,0,0,1,0,0,3,0,0,1
b1f10d45f595e68ec179750a0b4e96da4c8c6dd5,0,1,0,0,1,5,0,0,1,0,0,0,1
b1f88f9ee1cc6198036cb720248268160fec1f94,0,0,0,0,2,0,1,0,2,1,0,1,2
b23c20103003768d8553480b6d616b0c7bd48807,0,8,0,0,0,0,0,0,0,0,1,0,0
b309fd15b656fddcdc6093c0e2a26e62d1baf3df,8,0,0,0,0,0,0,0,0,1,0,0,0
b314d4366050a3ec9880b92a4e36afef09b0c3bc,5,0,0,0,0,1,0,0,1,1,1,0,0
b3b858c8f0241e944ec56f711349c7e7e90113ca,8,0,0,0,0,0,0,0,0,1,0,0,0
b42eb5de1baac0c6f3e429cd8895032ac3ad8fac,6,0,0,0,0,1,0,0,1,1,0,0,0
b46b4b7d573e2a1131c81917e1e648f75c268789,0,0,1,0,0,3,1,1,0,2,0,0,1
b488f1ea5f7a1759124e890e68c827801419a193,7,0,0,0,0,0,0,0,1,1,0,0,0
b4e466374a14fbc4d7378113a62eca98ddbeaed8,0,0,0,0,1,2,2,0,0,0,0,3,1
b51156a9c1a02a679a4f45a446605d93bedcc582,0,2,0,2,3,0,0,0,0,1,1,0,0
b52302b9876b0d94c643d1a085b7bf7f977fc6f3,0,0,0,0,0,4,2,1,1,0,0,1,0
b5285886d053c69e6b8d8be2faeebc7fd07c565b,0,0,0,5,3,0,0,0,0,0,1,0,0
b568285fb0abf3d74830562cc3e347b7c899214f,0,0,0,0,1,2,5,0,0,0,0,0,1
b5faa92575bbcac84507ee0cb9806fce6c26cef2,0,0,0,1,8,0,0,0,0,0,0,0,0
b61e715a238d817ef55f9e736d5fc859c7cb3f1f,0,0,0,0,0,1,3,1,0,1,1,1,1
b698d0289267f7b36fa094a1ca6d6032a03accda,4,0,0,0,0,0,0,0,2,3,0,0,0
b6dcaf840e3528bb19d1977131ab23f2bda29de1,0,1,0,2,4,0,0,0,0,0,2,0,0
b6df6c3b16592bc9d7244b9723299dbd7577abdb,0,0,0,3,0,1,2,1,0,2,0,0,0
b6f2c2ed2dd654c247d0c3c2d7ddc984b0d9af2a,0,0,0,3,1,0,1,1,0,0,0,1,2
b7a25ffcf4d27480ec3241bba174a626e67eb76e,0,0,0,1,0,1,5,0,0,2,0,0,0
b7e35e19846169c58ade96f9e73f3e233790c403,0,0,0,0,0,2,0,3,0,0,0,1,3
b802a55f6bc25e4e6b5796676a903bf9c730b24e,0,0,0,3,5,0,0,0,0,0,0,0,1
b8384655193f5aac4faf6af156147f94a6b04a60,0,1,0,1,3,0,0,0,0,3,1,0,0
b86f3f8493a7c99f1221911f18ba49f1541d2cf2,0,4,0,2,3,0,0,0,0,0,0,0,0
b8e68d9de1005c987316028c3e8e8f560815f58e,0,0,0,1,2,0,1,0,0,2,1,2,0
b9269bac1321119afecd59fd32f12d9739cfc8bc,0,0,0,2,0,0,4,1,0,2,0,0,0
b95449d8982ab6e29dbefccdcb16d9a1b25aabce,5,0,0,0,0,0,0,0,2,2,0,0,0
b96c22b221a390d553def90b90545c499475d166,0,7,0,1,0,0,0,0,0,1,0,0,0
b99f6d23e5acfa04c3a3eff8436e9545cac63c20,0,0,0,3,0,1,1,3,0,0,0,1,0
b9a290b24353a2dd3c49745f79f687c777137fe3,0,0,0,0,2,0,2,1,1,0,0,0,3
b9af78d2588460747aef0096e9d1a5fe105cf381,0,0,0,0,0,2,5,1,0,1,0,0,0
b9cec57cf2fde91fb53f31b7e4609990151ddcaa,0,0,0,1,0,2,1,2,0,0,0,1,2
ba1d01660aa606fa6973c5b9e5c9a56444754b61,0,0,0,0,0,4,1,0,0,1,1,0,2
ba7e4b822e63fdcf15f13a82f22026f4471adc9f,0,1,0,4,4,0,0,0,0,0,0,0,0
bab2cdc9cdef17052ab4eda65fe8ef10bcf0e0ce,0,0,0,0,0,1,2,0,0,0,0,5,1
baeb47ed72266142d0be04c28255881d7cc63ffd,0,0,1,0,0,4,0,4,0,0,0,0,0
bb53413ecf1137031915c213c016623175376e62,0,0,0,2,5,0,0,0,0,0,1,0,1
bb72fcee2edb273485f862da05f1e14ec5b3f885,9,0,0,0,0,0,0,0,0,0,0,0,0
bbbca50f04c8945e1fad4ff8227ec6fa950e1b4c,0,0,0,0,0,1,1,0,2,0,2,1,2
bbc61fdcf26952794225f1c1096786bd35e2df8a,0,0,0,0,0,1,0,3,0,0,0,0,5
bbd2c6842b471446ee092ed19f9539a245101e0c,8,0,0,0,0,0,0,0,0,1,0,0,0
bc1d3a41c1289b74a21cac273bffe2e0145c75dc,4,0,0,0,0,0,0,0,1,4,0,0,0
bc4abc5457f23188af700b09515156d061ccf56b,0,0,0,0,0,1,4,2,0,0,0,0,2
bc920ee53ff842a9b1d3b26c578831daf78ce33c,0,0,0,0,0,7,0,2,0,0,0,0,0
bc972eb752493b0a685fee910499f88aff96e5be,0,0,0,3,0,3,1,1,0,0,1,0,0
bcdb1cfe80a162a9aab2c7b5ef900673dafb7668,0,0,0,1,1,0,3,0,2,0,0,1,1
bd581aa56e0f89711b3447d49e57a1ed882ab6bc,5,0,0,0,0,0,0,0,1,3,0,0,0
bd9e9df736d4ab34123557a3af5ce04658e7bb14,0,2,0,4,3,0,0,0,0,0,0,0,0
bdfaaa3f20000600c88a323ad923a418eb9ba561,9,0,0,0,0,0,0,0,0,0,0,0,0
be01990f64cbd2b3ab27bf9a655a82b993e873a6,0,8,0,0,1,0,0,0,0,0,0,0,0
be1c061ac68e803c250da9343f5d95c6bef45a10,0,2,0,0,5,0,0,0,0,0,2,0,0
be520435616e423d69bf15133c586623f1ffdefb,0,0,0,0,0,6,0,1,0,0,0,0,2
be5c3c60922e965f3cb6dd095742d027a194ec4b,0,0,0,0,0,0,4,2,0,0,0,1,2
be5d78fb48d76ecaa62d8e099de5f745f7c81232,0,0,0,0,1,2,5,0,0,1,0,0,0
bebfae9881a635dc2308dbce9347d69d6cc7a57e,0,0,0,4,0,0,2,0,0,0,1,2,0
bf9b3d4beaed29879877af01ee5ddd706ce97902,0,0,0,0,1,4,1,0,1,1,0,1,0
bf9e52c1510290c80569f3aea817ed6d399f5160,0,2,0,3,4,0,0,0,0,0,0,0,0
c0af5c3d226b11b86bb1723074b0b930786a4ad7,0,0,0,0,0,1,0,0,1,4,0,2,1
c0e6716935d7f12391cf09d88deb21e12b11485b,5,0,0,0,0,0,0,0,0,4,0,0,0
c0fb7ca2de9a3e9f95c4da1a90892f7c1d9e3335,0,0,2,1,0,1,3,0,0,1,0,0,1
c12fc3187e55d0f78db96b769271b101d1df364a,0,0,0,0,0,0,3,1,1,2,0,1,1
c1abe98bda18c78c5208b3e62c9706a30af15bfa,7,0,0,0,0,0,0,0,1,1,0,0,0
c1d577580aeb68b800012d36448171d7ab5ec172,0,7,0,0,0,0,0,0,0,1,1,0,0
c1f6152e7278ff094995032e71408d7932dc5915,0,7,0,0,0,0,0,0,1,1,0,0,0
c226214feda823ef7313a747cfbdfa5f9abab4ed,0,0,0,1,0,2,2,2,0,0,1,0,1
c23498515bd0decaa66e91a11c94c78289b8b209,0,0,0,0,0,3,1,0,0,1,1,0,3
c23b04e55402bf22637a98888ed0c748c204888b,0,1,0,2,3,0,0,0,1,0,2,0,0
c329f14c03df3fde79747d342ad069747a3530c6,8,0,0,0,0,0,0,0,0,1,0,0,0
c3748351aadf92124b503869c74debbd5d22d887,0,3,0,1,4,0,0,0,0,1,0,0,0
c37831328416b571fc34a573d7d1ee09bcb89f5b,0,3,0,2,4,0,0,0,0,0,0,0,0
c46967587453d0ce50f98bcc207695c5d56ed34e,0,2,0,3,3,0,0,0,0,0,0,0,1
c469b746475c8f86ad09c0a848e0a317f3facd97,0,0,1,0,0,0,4,0,0,1,0,2,1
c47369cced5a7a040d034491077af8daf61295c5,0,5,0,1,3,0,0,0,0,0,0,0,0
c4737422d35374e44deeeb2c5b336af28686ba27,3,0,0,0,0,0,0,0,2,3,1,0,0
c499f0ec2e0fdf80bd1abdaeabea01544de92740,0,0,0,6,2,0,0,0,1,0,0,0,0
c49c6e64bbb153b3a370a58c7053e7c4f5526643,0,2,0,0,7,0,0,0,0,0,0,0,0
c4b318fb34eedf7d59d45cd6f48dfbf371e35d47,3,0,0,0,0,0,0,0,2,4,0,0,0
c501e0bc1e28deb19593eac2048ab59e9800d097,5,0,0,0,0,0,1,0,3,0,0,0,0
c513052c68d127c090160b903d8531e0e515dac2,0,0,0,0,1,1,2,1,0,3,0,0,1
c5264304fa85b1b0b4281b8a47eb9bf69f459bf8,0,0,0,1,0,0,1,0,0,3,1,2,1
c528bdd177b10179afb1df103d77f52359cff247,0,0,0,0,0,0,3,1,0,0,0,0,5
c5d1f917b3140dceffba0cb9b57d8ac71363a450,0,0,0,0,2,3,0,0,0,0,0,2,2
c637893cd0e31d96267305311a9e7ac86b6f71b4,4,0,0,0,0,0,0,0,1,4,0,0,0
c6946503f313d96f385c11980b206f6fb3119291,0,1,0,2,6,0,0,0,0,0,0,0,0
c6e111bb9d9f7d73c61803b6d556524c07d734c7,8,0,0,0,0,0,0,0,1,0,0,0,0
c6e98b3e34a17707a3820f13cd27e9fe1db27118,0,9,0,0,0,0,0,0,0,0,0,0,0
c6ebdf86051f7215304c2d0458793b4e73bd0b50,8,0,0,0,0,0,0,0,0,1,0,0,0
c756b8eab0fb1529edcf289c2fe1258fa77f2d73,9,0,0,0,0,0,0,0,0,0,0,0,0
c7efd7010bae71bb8411a2d718d3ae4d8ac8f07c,7,0,0,0,1,0,0,0,0,1,0,0,0
c80ecdffdc63f96a6cfe9b7fbe4c30cf8ee51b35,0,1,0,4,3,0,0,0,0,0,1,0,0
c850f28fd7592d218fb99af9157472585e3e49c9,0,0,0,0,0,0,0,2,1,1,0,2,3
c85d26226718a22811899ec0f915d61694980779,0,0,0,0,0,2,0,1,0,0,2,3,1
c86e87545e4abc250924e3143280ac7830a917a0,0,3,0,3,2,0,0,0,1,0,0,0,0
c893d970e530bd1c98ee1f27e9f7addcf1a39c00,0,0,0,0,0,1,0,1,0,3,1,3,0
c89e63842663aab64d4f767168e9fdf31745cf57,0,0,0,0,2,3,1,1,0,1,0,0,1
c8b3de6fd5258d071adb78d9250745e6e7c36751,0,0,0,2,0,0,0,1,0,0,0,0,6
c8e13ddbe44d4d380cc22cf7088f247c050aa381,0,3,0,2,3,0,0,0,0,0,1,0,0
c8f285f01a21990c8f30a5b91488dd55ace1b94e,0,0,0,1,1,3,1,0,1,0,1,0,1
c8f51047bd6a3768daffbb4d7158289577c12816,0,0,0,2,1,1,1,0,0,1,0,1,2
c9542d9ca76dba27c291508870ad0a9dc558a932,4,0,0,0,0,0,0,0,2,3,0,0,0
c964a1302cf09f31b5778c47a05b0dc33e8ed6a8,8,0,0,0,0,0,0,0,1,0,0,0,0
c96dcc278aeef8c752f47d33a393b840a7a95930,7,0,0,0,0,0,0,0,0,2,0,0,0
c9870317329bf68059b21416d50d2c8e9971a771,7,0,0,0,0,0,0,0,0,2,0,0,0
c99ec160e8a050b2031c4cc2351ea8a12e843ea8,0,0,0,0,2,2,2,1,0,0,0,0,2
c9b094cd79f708e271a4a6871832fbd73b968bec,0,0,0,3,5,0,0,0,0,1,0,0,0
ca1af3b0c959ee302d824500ce1742ab4ccf996a,7,0,0,0,0,0,0,0,0,1,1,0,0
ca6cfddf1424b52f80832976d3c8d232f36c47b2,0,0,0,0,2,0,0,0,0,0,1,1,5
caa1d45bdd04840486ca53f92754a9b7cac2e386,0,5,0,0,1,0,0,0,1,0,2,0,0
cab16ca48bd040d4a6ec674a74f73ce35627481f,0,2,0,4,3,0,0,0,0,0,0,0,0
cb11c9d96f4f728d0e3b9ab07835d463f600253e,8,0,0,0,0,0,0,0,0,1,0,0,0
cbbd37741ae6c817b4b06c559f516445793e831e,0,0,0,0,0,6,0,2,0,0,1,0,0
cbff00988b7a1504666af83668e5ca6a15ff8c40,0,0,0,2,0,4,2,0,0,0,0,1,0
cc5d2290a6049bb7ddaf3020c31816f85b6f983b,0,1,0,2,3,0,0,0,0,1,2,0,0
ccad1213ae5b773cd4a3426d3ad164393203d29c,0,0,0,3,0,1,2,1,0,0,1,0,1
cce61d1915a6777e5b9e9e61967a2f3ef28b3246,7,0,0,0,0,0,0,0,0,2,0,0,0
cce9d7d6805e27e201935d76c0ac68e9db47ee08,0,4,0,0,2,0,0,0,1,0,2,0,0
cd0f0b0808b6b22bf2ef9450e9b1304c1fca69db,0,0,0,0,0,0,2,3,0,0,1,1,2
cda48da74376c510c2e26f9432918491c956c6c2,0,0,0,1,6,0,0,0,1,0,1,0,0
cdfadbe4b030aa96621f4f81a69070c751ef4f71,0,6,0,0,3,0,0,0,0,0,0,0,0
cdfcfe3af7f7529440b26fbd3a4545000e44f1ad,7,0,0,0,0,0,0,0,0,2,0,0,0
ce2d38cb66d5e84c78a34fd7f9b127fb2603e08c,0,3,0,2,2,0,0,0,0,2,0,0,0
cf12a8d731980d5b1d2469c67ea1d0ed9a462b07,2,5,0,0,0,0,0,0,0,0,2,0,0
cf141cbb1b9fe96c9036599fc866d6b6a9f43657,7,0,0,0,0,0,0,0,0,2,0,0,0
cf2695bcd70302022fdaa21caeb0ce2eaf2673f3,7,0,0,0,0,0,0,0,1,1,0,0,0
cf427dff40f8ac340b685933a477c105f0543dd4,0,0,1,1,1,0,2,2,0,0,0,0,2
cf4ae475a60185b8669fbd9f8e35be9ae2e0a102,0,0,0,1,0,1,1,1,0,0,3,2,0
cf96678da8606814b330deaf0b5f74d0544caff2,0,0,0,0,0,1,1,1,0,1,1,1,3
cf9e43c0915b9a231fc89b198b1a68da7df6a043,0,0,0,0,1,1,6,0,0,0,1,0,0
cfb1b972a7a2279ddae271a04ed8385b9a496e5b,7,0,0,0,0,0,0,0,0,2,0,0,0
cfcf1673b3370c1ff6e9807d9753724a236f8364,0,0,0,1,0,1,1,1,0,1,1,2,1
d01e77769290f07a2525b0c05321a7ea5b00ebe6,0,1,0,2,6,0,0,0,0,0,0,0,0
d01fc55f832a80f6521a8d35621c15173ac9aeac,0,0,0,0,1,1,1,1,0,1,1,1,2
d03229e60acf37a0f9c590965de72f88c5d32ea2,0,0,1,1,0,2,0,0,0,3,0,1,1
d05a6d7fde5d74faaf93a225bfe79e54628f3ffc,4,0,0,0,0,0,0,0,3,2,0,0,0
d05b651468ebe625a88eeaef0c2fdcb91f12b6a2,0,0,0,1,0,3,0,0,2,0,0,1,2
d065f46a2f5ecbf54e7e5586881c4bc8e3f73d2e,1,0,0,0,0,0,0,0,2,5,0,0,1
d071a2adfcc98c4f4abd856790077ca7ec3c8fc7,0,0,0,0,0,2,2,0,2,0,0,3,0
d0b0a2f9c6c8fa16fccdf014d1df84a052ccd37c,9,0,0,0,0,0,0,0,0,0,0,0,0
d0e22fa6b3e6055c7d993ffa1863d63f0b46b458,0,0,0,1,0,2,2,1,0,1,1,0,1
d0ef08dbec3d347b5d33ebd2f3d655061a2340f4,0,0,0,1,0,0,5,3,0,0,0,0,0
d0fa69fca8d03c2aadaef9705d40fec8fd400006,0,1,0,2,6,0,0,0,0,0,0,0,0
d10a1f6932c2633065057caef8b9c9d2222b2716,0,0,0,2,0,0,0,2,0,1,0,4,0
d13fcb1fea799a06ec872ad2f73d2fbb9421acaa,0,0,0,0,0,0,3,0,0,1,0,3,2
d15f03b9dfb39db40c0187b74858112450ebb0dc,0,0,0,1,0,2,2,2,0,0,0,1,1
d18660ebfb1e36efe6351a81f8b88a1cb7b9ab8d,6,0,0,0,0,0,0,0,1,0,1,1,0
d19c50d2f811ad10ce487cdd2e5b3f428872ea4e,5,0,0,0,0,0,1,0,0,2,0,0,1
d1ca5ddaabe9960875377c6744ac3bf5565ecce4,6,0,0,1,0,0,0,0,2,0,0,0,0
d1f2778ef11dae6bd668dccba6f3f8af8619505e,4,0,0,2,0,0,1,0,1,1,0,0,0
d2051f11de2cab93c82c58f300c94988c52a21e3,0,1,0,3,4,0,0,0,1,0,0,0,0
d208a481af3b988beba576feb8a3694847825a5e,0,0,0,0,1,3,1,0,1,0,0,1,2
d2950d0698384758328e75cba2fc33084a5710e8,0,1,0,3,3,0,0,0,2,0,0,0,0
d2abf35944d5ffdca69b648b120e61f5580e4be7,6,0,0,0,0,0,0,0,2,1,0,0,0
d31fd147a54045369fb8071a6d0371df37339e6d,0,0,1,0,0,2,2,3,0,0,0,0,1
d32c691268a7f730b840b0bccc43cf607b541dff,0,0,1,0,0,0,0,2,1,3,1,1,0
d33048dea25ea0648630343babdd153d78c94972,0,8,0,0,0,0,0,0,0,0,0,0,1
d34c6dc9700ed14b10f6862e1ee087703ac3cdc6,4,0,0,0,0,0,0,0,2,3,0,0,0
d34ece5420ce15d725b6e39d4ee3a9345e23d96c,5,0,0,0,0,0,0,0,2,2,0,0,0
d37591c733711e8a20cb7c47f29219ef3e428a25,0,0,0,3,3,0,0,0,0,0,1,0,2
d3abf29b8e45a61b9777f8f3e1aa3d30769f1914,0,0,0,0,0,3,0,4,2,0,0,0,0
d462aeeca5d9231840987f5984148254441ffa13,0,0,0,1,0,0,2,1,0,1,1,1,2
d4d869664ac6644c67f2e0587a26e84da8100de4,0,0,2,0,0,0,3,1,1,1,0,0,1
d4e1c4efb03698aeac71c6a9f67c4c320b27a1e5,0,1,0,2,4,0,0,0,2,0,0,0,0
d54b7a1242125ce3e4caf74a31f2710aab41ee96,0,0,0,0,0,2,1,1,1,1,0,3,0
d555933eaebfda9a791263baba8aeb1126070270,5,0,0,0,0,0,0,0,2,1,1,0,0
d588da6b4fb9a1d0956a2d4bb2d2d9d5528158ea,0,0,0,2,3,0,0,0,0,0,0,0,4
d5cb9ab857d8a3654dca67994b705cc93f63b18a,0,0,0,2,4,0,0,0,1,0,0,0,2
d5e32398dbf93be757a3cf10b395472ae90b65fe,9,0,0,0,0,0,0,0,0,0,0,0,0
d5eba36cf65a954f3cc9b6ad12635c4b05849842,0,0,2,0,0,4,0,1,0,0,2,0,0
d6659690129b4a50c7ecd8254304489d452ab87c,0,1,0,5,3,0,0,0,0,0,0,0,0
d699dee8d589c74c6270569c07285edaae87e4ef,0,3,0,1,3,0,0,0,0,0,2,0,0
d6cb888209e194432a628f5a22b8f13ad1df752e,0,0,0,0,1,0,4,0,0,0,0,3,1
d6ff15e695120806b1619c798a2bc3f09b4884d9,0,0,0,2,0,1,0,1,2,2,1,0,0
d75849237c394cf67efce2af05121931542d6d8d,0,0,0,1,0,1,0,2,1,1,2,0,1
d782c00bb2adcc9a889e2756fe4447167d65d81c,0,4,0,2,2,0,0,0,0,1,0,0,0
d7e36e1eed3b35ad1358cfc3ffe660e43ef4f5c0,0,3,0,0,5,0,0,0,0,0,0,0,1
d7fd3e741616a05d16eddef0383461ae43ee4e75,1,0,1,0,0,3,0,4,0,0,0,0,0
d806f4d3ac8deca5ed2c18d1d491abd855e961c6,0,0,0,0,0,4,4,0,0,1,0,0,0
d816826655024184ed14a98cd554ca19ef2408c2,5,0,0,0,0,0,0,0,1,3,0,0,0
d830ba9c0b99e4cda41aa9b03249f502cd15a110,5,0,0,0,0,0,0,0,2,2,0,0,0
d83dc3c0683b8711e46efb8034e7afdf75611969,0,1,0,2,6,0,0,0,0,0,0,0,0
d8661279beda5a503bd698f65c28649e2d93fce2,0,8,0,0,0,0,0,0,0,0,0,1,0
d8b848f55ed563bb2b7ae7d68f71f036e9f90d11,0,0,1,0,0,0,2,0,2,0,0,0,4
d9a5b23f3a6832fcd755179a18130e68376d1f61,0,0,1,0,0,1,2,0,0,0,1,2,2
da2f5213ffa541ff53625c254dca65af783f6f9b,0,0,0,7,1,0,0,0,0,0,0,0,1
da42efbc1ec3160d6283d21cb6377853fd2c32e9,0,0,1,4,0,1,1,1,0,1,0,0,0
da6a8b8c741072a19f07f86325898a31603dff9d,0,5,0,0,4,0,0,0,0,0,0,0,0
da6e4658e171ecb9dbbb9ef1f9b38b7baf7e9f3b,7,0,0,0,0,0,0,0,1,1,0,0,0
daed1f4def603f529de4507b31844212e5ebf0de,7,0,0,0,0,0,0,1,1,0,0,0,0
dafcba98528cf09a3c52e32d7e0650a0b2e11262,0,0,0,2,2,0,1,0,0,0,0,2,2
db0db32c5d572470a62ad936c6d69650b2dfb9fb,0,0,2,0,0,2,2,2,0,0,0,0,1
db32668418ca7eca04b44182e869058ea8e3a7a7,0,0,0,0,0,0,3,1,2,0,1,2,0
db817d2992dca62d37f0d0ce335884e18d0db27d,0,0,1,0,0,1,1,1,1,2,1,0,1
dbb94f16fc7e7f5de50d3fe8540d822492481936,0,0,0,0,1,0,1,1,2,0,0,1,3
dbc9d2a2e7fd6547d2cce5a0f4a856ccdaa3c3db,0,4,0,3,2,0,0,0,0,0,0,0,0
dbccf7e74c7d394ec5f55877b0504308ccdbc41c,0,3,0,1,4,0,0,0,0,1,0,0,0
dc6bdc1069937e6a05a22bf07add746ba1073cd6,5,0,0,0,0,0,0,0,0,4,0,0,0
dcd2bccfed5044cc94cf2e905c7650c16072949a,2,0,0,0,0,4,3,0,0,0,0,0,0
dd1e3e593f78fd12914eeae367d76b25319751a6,4,0,0,0,0,0,0,0,3,2,0,0,0
ddd24cf478fab8537e800daf56680350cc2584c0,0,0,0,1,1,1,1,0,1,1,1,1,1
dde4fab812eacffbb85da34381cf74f003e3e45d,0,0,0,0,0,0,2,1,0,0,1,4,1
de2440ae1dc94bd286d6dece7a0010a546e71515,0,0,0,1,0,0,4,0,0,0,0,0,4
de6e0a941ee34bd6cfc33b72d34912eb09105514,0,3,0,1,2,0,0,0,0,2,1,0,0
de7fdf9d5e783fcb54d6301fc7e8f1a7ab738c0d,1,0,0,0,0,2,1,0,0,1,0,4,0
de8a23b5f05b41fb1d4d50c2e2fa264d36ff3c7c,1,6,0,0,2,0,0,0,0,0,0,0,0
de99f3982f254cac9b4ba002a162a0923a1b7fc1,0,0,0,1,0,1,2,1,0,3,0,0,1
deadb3bb977da7e2d9ae528a56f0cfce408c5b4b,0,0,0,3,2,1,0,0,1,1,0,0,1
df777e59aa8775ebc3c4111bef2f595daa954c4c,5,0,0,0,0,0,2,0,0,2,0,0,0
df77cad024269279166923932c991e03cbbaf439,0,5,0,0,1,0,0,0,0,0,0,0,3
e0586e146d9e2a4dbd9e0eb55cf607c033a82f20,0,6,0,2,1,0,0,0,0,0,0,0,0
e07c55fcccea558eb306c3b2c5c5d4895c009ccf,0,0,0,0,0,3,3,0,0,1,0,2,0
e099945873eedde7f42eb272579b900c596e18cc,0,0,0,0,2,1,1,1,0,3,0,1,0
e0a1f717cf416d531bb885810837af7a5cf85540,0,0,0,0,2,0,1,0,0,0,1,3,2
e0d0a0aa47925a3259eb538c0e86a02ce381118f,0,0,0,0,2,0,1,2,0,2,1,1,0
e0dc627bbe9e63ff0523a836a34f670f96c67ca5,0,0,0,1,0,0,3,1,0,1,2,1,0
e17d0ae0747bbfe3e35aeef6943f82898f3a65b7,0,0,0,0,0,2,1,1,0,1,0,1,3
e1b32152e05da1fb7e3d109fb68c7f3a3130f476,0,0,0,0,0,0,0,0,0,4,0,0,5
e1cd1648e9284266009d981faea0764355105415,0,0,1,0,1,2,3,1,0,0,0,1,0
e1f157a526936ffb68b3d472846fa72a8b9fbffd,0,0,0,1,0,1,1,0,0,4,0,2,0
e21f217cc000bec079944b170f5aad9d0d788f0a,0,0,0,0,1,1,5,1,1,0,0,0,0
e22967fb33385b73450039298feccdc367b391ef,0,2,0,2,2,0,0,0,0,1,0,0,2
e23e3f8559800fdc1568f00f116cc62d12f25e59,6,0,0,1,0,0,0,0,0,2,0,0,0
e2904598dcb18604129a40559946e037f08b450a,0,1,0,3,4,0,0,0,0,1,0,0,0
e299cb188e9b861847819e17c712dec736e47ad9,0,1,0,1,6,0,0,0,0,0,1,0,0
e29fa7e5405bf566648d106b0f1fa01cd9702129,0,8,0,0,1,0,0,0,0,0,0,0,0
e2cde4f0e81cb6bf72fe60e49da36a257a8a310a,0,0,0,0,0,2,3,0,0,4,0,0,0
e2f12c06e615d9a95405d5b691b50e14613ce11d,5,0,0,1,0,0,0,0,2,1,0,0,0
e2fa30e75114cfd169525a17d38e437f98815d9d,0,0,0,0,0,0,0,2,1,2,1,3,0
e381a89375d1e295f11462bbf4983ee096a2b149,0,0,0,1,0,3,0,0,0,1,0,3,1
e3f370982d0fba0d2335d0a447ef1c4291b50166,0,0,0,2,1,2,0,2,0,2,0,0,0
e3f8c8d5c33cb5e63d59b969479daeb215dd62ee,0,0,0,1,1,1,2,2,0,0,0,0,2
e405151e9ccaa29a8efeaf2d61e7406c0962821c,0,0,0,1,0,1,2,1,0,0,0,2,2
e42c55e0fd897ccf24668f71643bb7baca98a9bc,8,0,0,0,0,0,0,0,1,0,0,0,0
e43ef6cac9b63a198c934c00b9a15935729a0cca,0,0,1,1,0,4,1,1,0,1,0,0,0
e44bf0321ab9a9ccb6788c3a8fd6d593331b6a48,1,0,0,0,0,0,0,0,4,4,0,0,0
e458b2b29eb0995a8007d5dab0749e1f4194c47a,0,3,0,4,2,0,0,0,0,0,0,0,0
e4bea868341b6aa045ff23390784cad4ebfb5eb8,0,0,0,2,4,0,0,0,2,0,0,0,1
e4cd6ff7f630c54c0412c54f12fdd59295ce7458,0,0,0,0,0,1,4,0,0,0,2,2,0
e4f00a9670d535076988c776d3c5ed327f2ac244,0,0,2,0,0,2,0,5,0,0,0,0,0
e50822c66e5ed4a67dba7cc43670cffce28e5774,0,7,0,2,0,0,0,0,0,0,0,0,0
e5391ca838854c0473100ded908ab0ba923287d6,5,0,0,0,0,0,0,0,1,3,0,0,0
e56458cbe49ae5c9a401c8dd42262d976434b93f,0,0,0,0,0,0,0,0,0,2,1,2,4
e586b3918169f07e383dffdd28f913c7daff83d0,0,0,2,1,0,3,0,3,0,0,0,0,0
e5882d2cec3b9261fc559de6f22ba6ec7e4112ff,0,0,0,3,3,0,0,0,3,0,0,0,0
e5e279ec8bfdb468370072d1649009c8907c307c,0,0,0,3,0,3,0,0,0,3,0,0,0
e5fd6ecb21db8a4366fd7c806321d0fe528f1075,0,0,0,0,1,3,0,2,0,1,0,2,0
e6008cdea840eae0bf4a8750cb18127427464541,0,9,0,0,0,0,0,0,0,0,0,0,0
e618af87cd2a69e8202f1807c16c4b112621ab25,0,1,0,1,6,0,0,0,0,0,1,0,0
e6459e55180a8e50af743f3750202ad29d8ca51e,6,0,0,0,0,0,0,0,2,1,0,0,0
e68e7d7db309518747f1abc1ac5bf1860d998c7b,0,2,0,0,0,2,1,3,0,1,0,0,0
e69539422df0d943942918ac5f136c8e20cfbb99,0,0,0,0,1,1,1,0,2,0,0,3,1
e6c12672951349f468088184514deb0481d187ba,0,0,0,2,0,3,0,1,3,0,0,0,0
e6db77334711fc7ff2435e672f07ff3d59b4d8cb,0,0,1,1,0,2,4,1,0,0,0,0,0
e6dbe103c16a8ae9f65263493c7ed92ff65e1a58,0,1,0,1,5,0,0,0,0,1,0,0,1
e711d2d95f4efd43212d949267f216fa46850291,8,0,0,0,0,0,0,0,0,1,0,0,0
e71f4e05264acef1f4c4c1158564ea1d4b086797,0,0,0,1,1,0,1,0,0,0,3,0,3
e7bd61554099c5dad54d1d72ce74e4c978861224,0,0,0,0,0,3,2,1,0,2,0,0,1
e8635606043716d9a2e8bd9b191ece49b4d38c16,0,9,0,0,0,0,0,0,0,0,0,0,0
e88b9a729c9d53660ed563130a2e92fe81a16b19,0,2,0,4,2,0,0,0,0,1,0,0,0
e929192795faa7d17fed9c559595c19edff4fbd7,6,0,0,0,0,0,0,0,1,2,0,0,0
e941f6bc65c4b89039afcaa40c99626b3445746b,0,0,0,0,0,2,2,0,2,0,0,1,2
e94ea593009b9975644ab859e1f115789ee243c1,0,0,0,0,0,2,2,1,0,1,0,3,0
e9d68ff6b10535fa6c3fb9eee2a4aee7f3190588,0,0,1,1,0,2,0,5,0,0,0,0,0
ea0233843881802405899f6a2606ce9c5738adec,2,0,0,0,0,6,1,0,0,0,0,0,0
ea3b76417f2a19d16889e335bfbdb1ad05e6dfab,0,0,0,0,1,1,1,2,0,0,1,2,1
ea66d385ed169cb2edf68c4cdd180a7324ae80b6,0,0,1,0,1,1,0,0,1,0,3,1,1
ea98321de657d2d21fc08832d868813ec952d042,0,0,0,2,2,2,0,1,0,0,0,2,0
eaa9986f106ae1a6f2c55bbdcabb9280de90636f,0,0,0,0,1,1,0,0,0,3,0,2,2
eb04c5418c619ca655d27ae91013c155d4443cc9,8,0,0,0,0,0,0,0,0,1,0,0,0
eb17712270f08f4d00f942bb69820606d9362f8a,0,0,0,0,2,0,1,0,0,2,1,3,0
eb2808bfb1aac99eea8bd3aca1d97d7f8fd8775f,0,0,0,1,0,2,4,0,0,0,0,0,2
ebbb60423733ae7212643c5a4ecde83f0f46393d,0,2,0,3,2,0,0,0,0,1,1,0,0
ec9b971c64ce3785091b35e24948f24256f00523,0,0,0,2,0,1,0,2,0,4,0,0,0
ed28d13d57bce1049b704ef09522a075fc0fb009,0,4,0,3,2,0,0,0,0,0,0,0,0
ed2dfa9cf8eb00df062b7844a83eea52a6f5877e,0,0,1,2,0,5,1,0,0,0,0,0,0
ed5369544f5a4ef05d0c048dc7001286d1b5743a,0,0,0,0,0,3,2,1,0,0,0,3,0
ed5757b60f1a0085ae5d0dd361e41ca6acc86259,0,1,0,1,6,0,0,0,0,0,0,0,1
ed7d6b78696f740a151e7ecbdb108d06233ebfd3,0,0,0,0,2,0,1,1,2,0,0,0,3
ee5b4d36acae1522e2086f768f9ec664e3fa7691,5,0,0,0,0,0,0,0,4,0,0,0,0
ee8ac7ba1bf5cb7b6d5a0cba26d58f16ab706c6e,0,3,0,3,2,0,0,0,0,0,1,0,0
eedb64c9bed65343e6f59fbd71ccc652717a94d5,0,0,0,0,0,0,4,1,0,0,0,3,1
eef47b14b9a4d23260ec404ff4546881c7bfca4b,0,0,0,1,2,3,2,1,0,0,0,0,0
ef10de5a443028ebcbdfd973f5edf3bf4ff60801,0,0,0,0,1,5,0,1,0,1,0,0,1
ef63936664214159168cb6326f9b3040e900467c,4,0,0,0,0,0,0,0,3,2,0,0,0
f0ba6ce17c1efab84c38c6bafb44932745cd27bd,0,0,0,1,0,0,2,0,2,0,3,1,0
f0f36c64b8cdc5df338bd99d52f13a7e507418a1,1,8,0,0,0,0,0,0,0,0,0,0,0
f1377828093e67868aadffad56f6ae17a8a87d06,0,0,0,0,0,1,4,0,0,0,0,3,1
f163d7f8f83daf12906ef2b107fac4e1e8192e2a,0,0,0,1,1,1,2,1,0,0,1,0,2
f174e5a3ab4ae9f3bb0e6397b8ffeba2729d94b4,0,9,0,0,0,0,0,0,0,0,0,0,0
f17b295f3d81ecfeff30808572ce64c865d469ab,6,0,0,0,0,0,0,0,2,1,0,0,0
f257c7203ae264cd4961ecec92b48243e8cdd958,5,0,0,1,0,0,0,0,2,1,0,0,0
f270c5ed9353fc8b5df08a9e8dd8902ea73e381a,8,0,0,0,0,0,0,0,0,1,0,0,0
f38e22e6c726572dcaefcc64f22325a58b617357,0,0,0,0,0,2,2,2,1,0,0,1,1
f41d109dc5aa5fedf08a2e6070a10107df62f47e,0,3,0,3,2,0,0,0,0,0,0,0,1
f425e3491a6d90cb95c2365fe195846118b25b95,0,0,4,0,0,3,0,0,1,0,1,0,0
f43958f4fe27be7351718d2b420667fcbf092724,0,3,0,1,4,0,0,0,0,1,0,0,0
f488cf8361cd5e7a4fcedf701f00df993fce9c5e,7,0,0,0,0,0,0,0,0,2,0,0,0
f4ab33754ce06ee26a76698ee7f16215080eb0f0,0,0,1,0,0,2,1,4,0,0,0,1,0
f4b7dd3d7c171205bee6147373a719eb836b19c4,0,0,2,0,1,0,4,0,0,0,0,0,2
f52ed46ca72bfa0d90345b32c5f11561150e8dfc,0,0,0,5,4,0,0,0,0,0,0,0,0
f53c36cc550bfc71764479fee7eb764709daa858,0,0,0,0,1,3,1,1,1,0,0,1,1
f564ba042121866dc816a3b4d4a093ab39b82141,0,0,0,0,0,3,0,3,0,0,1,0,2
f5d67e41e8c704be2a2dad93b5abc7dbdde5d535,0,2,0,1,6,0,0,0,0,0,0,0,0
f608e93b673c5a999b82cba9d621058b8e9e50bb,0,9,0,0,0,0,0,0,0,0,0,0,0
f6bf705780ebdcc191f2be5ebd0e4099f08ffcf5,0,1,0,1,4,0,0,0,0,2,0,0,1
f6c3f6fdfafbab4d01f9381a80d440eb599c0000,0,0,0,0,0,2,4,1,0,0,1,0,1
f6cc77ae3fb650098834cc3ae72761158cebd2ac,0,0,0,1,0,1,3,0,0,1,0,0,3
f6deb10b1224804c107600032e622a12086538b2,0,1,0,3,2,0,0,0,2,1,0,0,0
f6eb6e6338655d9b9376a49bfd8ceba21d3575f7,0,0,0,0,0,3,1,4,1,0,0,0,0
f6f50cc769338aeb7f097f0d811764085fdd0b1e,2,0,0,0,0,0,0,0,3,4,0,0,0
f6fe77105434d4a3a565eecec790fe48e0a33e71,0,0,0,0,0,1,0,0,0,1,4,2,1
f703ac85ad30abca1d768671d53258a9c222a5fc,0,0,0,1,0,1,1,2,1,0,0,1,2
f72825530640f2b06bd01def3ef20a6a6632b10e,0,0,2,1,0,1,0,1,0,0,0,0,4
f75dd2afdf177623de46e6ed20edd5588ea13c01,0,0,0,0,0,5,0,3,1,0,0,0,0
f778d1a8e10b34f258cdf263a1cdf03790acee3b,3,0,0,0,0,5,0,1,0,0,0,0,0
f7cd3d296a33bb97dfe93b49645816d95eb6759d,0,2,0,3,3,0,0,0,0,0,0,0,1
f7de1323a85b84b89a879672cb6711908ffb7189,0,8,0,0,0,1,0,0,0,0,0,0,0
f834c8157be80f5c68e3c4d0f10a10fd19927b2b,0,0,0,0,1,0,1,0,0,0,1,5,1
f83e94e3739c1563799f31179b8c4e36ccc68e07,0,0,1,0,0,0,2,2,0,1,0,2,1
f84170d903e51fb65deff34cd97f4f5b735b52f9,0,0,1,0,0,1,3,0,0,1,1,2,0
f8858db004107522f497853d5ee442cf79f29cf4,0,0,0,0,0,4,3,0,2,0,0,0,0
f899c8bf69bf2f2199251f1c33e7e79a28a1be6c,0,0,0,1,1,0,2,0,0,0,1,2,2
f8a282b1e5068a1aa03f44051e7d369f5492d14c,0,3,0,1,5,0,0,0,0,0,0,0,0
f91b3acd560f60c9e0d7b043ce3b22e2edef0c7a,9,0,0,0,0,0,0,0,0,0,0,0,0
f92856186eca3114ce18270c144788cfd0958208,0,0,1,2,0,1,1,2,1,1,0,0,0
f92e3748dad025a70f71ebd39565c6804d34342d,1,0,0,0,0,2,2,1,0,2,0,1,0
f942de4797fab321fe8fc5625130221bde9369ba,0,6,0,0,0,0,0,0,0,1,2,0,0
f9bc5fd2242f5eb06e31a7a0fcee62f6355d63ee,0,2,0,2,4,0,0,0,0,0,0,0,1
fa6967172971c8a41e0f67ea4dd280109f20a170,0,0,0,1,0,2,2,1,2,1,0,0,0
faa94431ffae6d0879bfa790c21e3895daeb28ef,0,2,0,3,3,0,0,0,1,0,0,0,0
fae16ee372d3a31f5af3f213ac6b4ba429583934,0,6,0,1,0,0,0,0,0,2,0,0,0
fb7cbe3244461cf59c2cc843c620ab7843285b63,0,2,0,2,5,0,0,0,0,0,0,0,0
fb9ad3fecbe56ac8db744f8f51207b9780b78ce0,6,0,0,0,0,0,0,0,2,1,0,0,0
fbc88f890a782b3b14e0b564d44491ca1c447566,0,0,2,0,0,3,0,3,0,0,0,0,1
fc3f20e95d374371f08a816568662840e9cd21e2,0,0,0,1,0,2,2,0,1,1,0,2,0
fc6124fb72f7ef673e133146a9dbb180ec7e291d,7,0,0,0,0,0,0,0,1,1,0,0,0
fc6c77cd54a314d1f4258c50f4e6ae92897afc72,0,0,0,3,3,0,0,0,2,1,0,0,0
fc83076d057cf5bc04f09a2380ea44657d82a4fe,0,5,0,3,1,0,0,0,0,0,0,0,0
fcb08690e167be2be4fa955153c39fb0ea2cc21d,6,0,0,0,0,0,0,0,1,2,0,0,0
fce9c5cfcf4f34a78b370388b8935f11d3064afd,0,0,0,1,0,0,3,0,1,1,1,2,0
fcf9b074b7f9cb109c3836a3beffb1cff44bcaaf,0,0,0,3,6,0,0,0,0,0,0,0,0
fd242c7787831a576ef06fcef6268cc66499139c,0,9,0,0,0,0,0,0,0,0,0,0,0
fd29a4984a5b0df22bcdcb347e4ba04df6b2f3cb,0,3,0,1,5,0,0,0,0,0,0,0,0
fd2bd2b6715e465de14e37a36d712ca4b110feca,5,0,0,0,0,0,0,0,1,2,1,0,0
fd2cb3ef5ef86d4116faa3c7c8dc38af156d5562,0,0,1,0,1,5,1,0,1,0,0,0,0
fd331b8cc20a69cfd87af6243344e47a298e7677,0,0,0,0,1,2,1,1,2,0,0,1,1
fe4ef157159b584bb5734a474d43e4af0abc84d0,0,6,0,0,0,0,0,0,0,3,0,0,0
fe6d6f28b01da859d79d07bc200c77a7facd929a,0,0,0,0,2,1,0,1,0,2,0,1,2
fe9b73606fcffdc75d6faac81b6821637df94c6c,0,0,0,0,0,0,2,0,2,3,0,0,2
fedd246a0d0bc15acf41f79cbe1442c684c8c9e3,0,1,0,5,3,0,0,0,0,0,0,0,0
fee919280af8162679399f60e5e0ef4a004d0d89,0,8,0,0,0,0,0,0,1,0,0,0,0
fef17a4c9ab765d4d16da21613edc4ab399c3889,5,0,0,0,0,0,0,0,0,4,0,0,0
fef6c9e37c672d9f0b9c3bd127fd8f0a87231641,0,0,0,0,0,1,4,1,0,1,0,1,1
fefaf07afd850cb5def447cd93d5547c6d6bc448,0,0,0,0,1,0,1,1,0,0,0,5,1
ff1357fc32acb93f884fd39179024323636680a8,0,1,0,1,5,0,0,0,0,0,1,0,1
ff686490fc8ea21ea1ea232d05600cd949e10955,0,0,2,1,0,0,1,2,0,1,1,1,0
ff807e44982e9ef332bdd4303d605016c7279d52,0,0,0,0,0,0,2,3,1,1,1,1,0
ff833da37162d804de9d2c9e7e8d739d6eca7da1,0,5,0,0,0,0,0,0,0,2,0,0,2
ffb1d156807300cc7c8c55bfd6c2b4e244991f43,0,0,0,0,0,1,5,0,0,0,2,0,1
ffc2f63685f12c2598175ec0a541935a4eb5dd6c,6,0,0,0,0,0,0,0,0,3,0,0,0
009e11063ca7dc651f6fac921ad7fef12d1b86bc,0,0,1,0,0,2,0,2,0,0,0,0,3
00a7a320dd6e636aada1f7ba395537cb4b02583e,0,1,0,2,4,0,0,0,0,1,0,0,0
00f03027536ee0be8c63f1fa127ebf38af9f1d81,0,0,0,0,0,2,2,2,0,0,2,0,0
0111dce1e690e83265f9a7717378662b7e56e979,0,0,1,2,0,0,1,0,0,1,1,2,0
0132382380119ebc74f9ea6d5ff5d9b5484cf6d8,0,0,0,1,0,2,1,0,0,0,0,4,0
0169610e33d69cbcad446c46d3776fbd1da794d1,2,0,0,0,0,0,0,0,0,6,0,0,0
01afa81c4f17b9e408b80db3e87b2429a52307ef,0,1,0,2,5,0,0,0,0,0,0,0,0
01b15f0d9c29f0ada4d41c992ae5df2c959e2f75,0,2,0,2,3,0,0,0,0,1,0,0,0
0204f675b002d7025c7dad3587e2c294aed8518a,0,0,0,0,3,4,0,0,0,0,0,1,0
026404a615525de73dbf25b94e051fd62e4fd636,0,0,0,0,2,0,1,0,1,1,0,3,0
026c8be3ac1bc7cd051773c4db253c2250ee29b6,0,0,0,0,0,0,4,0,0,2,1,1,0
028947f6a287b1b0f1927dc69259c01ae036f3c5,0,8,0,0,0,0,0,0,0,0,0,0,0
02c7b0fc923a1031692e3ebb2417a0d7d53389f9,0,0,3,0,0,4,0,1,0,0,0,0,0
02dfda326fd7319f9d1ab06b6bf121d13457f348,0,0,0,1,1,0,2,2,0,2,0,0,0
02e093bf64c740159f54c5d365d15f28710f1a56,0,0,0,0,0,4,0,2,2,0,0,0,0
030c0ac6b4730fb8a3ce28b8fcbcea73f44c7f48,0,7,0,0,0,0,0,0,0,0,1,0,0
035f3b8e3020b056d3cf75736e40ef8decd0003a,0,0,0,0,0,0,2,0,0,1,1,0,4
0372bdc08d7f2a08b5bb98264b69180629da1aa0,0,7,0,0,1,0,0,0,0,0,0,0,0
03753ae2abc4f5c74229914bdd27bf4614217a7e,7,0,0,0,0,0,0,0,0,1,0,0,0
03827d1a49dbf301a78320753fdc509e6af87726,0,0,0,0,1,0,0,1,0,3,0,0,3
0386fd417d2f3022f381a486d2796897422149bb,0,0,0,0,0,3,1,2,1,0,0,1,0
03b8336f5c8d193a0b62d528f96076afa191102c,0,0,0,0,0,0,0,1,0,5,1,0,1
03e27a65371e50f5143a1958a91b5ccddc4e5519,0,0,0,0,2,0,2,0,0,1,1,1,1
046155d00cadbbab7c1b4d5ff088dcfe457ba0df,0,0,2,2,0,1,2,1,0,0,0,0,0
04cb9cbe5a85df852e76f405e3171f8b58a26195,0,0,1,0,0,2,1,0,1,0,0,1,2
04fe28e3738558a34c178bb03cfa3edd6c200268,2,0,0,0,0,3,0,0,0,3,0,0,0
0514a78e71d1e4a1f523edc055c9a21531659c52,0,0,0,0,0,0,3,0,0,1,0,0,4
0518c005fd3d542be9a1dd639063d35966594b61,0,1,0,3,4,0,0,0,0,0,0,0,0
053ceb63bda40bbe43c511f42ec4195f03ddbbfb,0,0,0,0,0,2,1,3,0,0,0,2,0
058ec25b12e5ba9c712e4c1178286b254deac05e,3,0,0,0,0,0,0,0,3,2,0,0,0
05b2e4fa078a32abaaaf844683e1110de6ace1be,0,0,0,0,0,2,2,1,0,2,0,0,1
05bd3073a93ce20db7762d2656ef5ead97a9e44f,0,0,0,2,1,0,1,0,1,1,1,1,0
061c14206a48f9f48d3a10691faa5e05bec0e56e,0,0,0,0,0,0,2,0,2,2,0,0,2
0620b23cabe11ca56e693749e33659716b22ad73,0,4,0,0,3,0,0,0,0,1,0,0,0
0633357c73685c3c2b3b17d67213c3706c494f2c,0,0,0,0,0,1,3,2,0,0,0,2,0
0736b07ada2d6579a063d0a32b3d5a027b21ecbc,0,0,0,0,0,0,0,0,0,3,2,3,0
073f9a31754a4aa9f9eac051b8423d02766ef983,4,0,0,0,0,0,0,0,3,1,0,0,0
078cf50397537acb2ac931e05b731ced0d7b8659,0,0,0,0,0,0,2,0,0,1,1,3,1
07b818a438c83267790a42adc3217bdd52f59add,0,0,0,0,0,0,3,1,0,0,0,1,3
07e9244e48f3b7207872b84c20615ccd0636c7f6,0,0,0,0,0,0,1,2,1,1,2,0,1
080b0aed9a7fd89ae7f0b245bacbb73f49529b33,0,0,0,0,0,1,3,0,0,1,0,1,2
0856fc8d4e0acc4a1198670d26adfaac21612b5b,7,0,0,0,0,0,0,0,1,0,0,0,0
086e73f4529c6ecb03fe8905e1853b5665aaf9dd,0,0,0,1,1,0,1,2,0,0,0,2,1
08d5f040201e5f3d2dbfb426fab8e27e116640f3,0,2,0,1,0,0,0,0,0,2,2,0,1
08ecb5a2ff8652459bbff384b86c60581ee51666,0,0,0,0,6,0,0,0,1,1,0,0,0
091dd1de2581e0cc61c52da143578de946ec77d5,0,1,0,1,5,0,0,0,0,0,1,0,0
093c01bbd76c44027d183f8baa2f171601ad946f,0,0,0,0,1,1,0,5,0,1,0,0,0
0951386991acd5f7dc4b1be7c945a2e84fd1bb9d,0,3,0,3,2,0,0,0,0,0,0,0,0
095f45133667f467d67cf3f1a1356d5770ab8869,0,6,0,0,0,0,0,0,0,0,0,0,2
098b7238d88fd19b5e6bb893bd2c0a62282c2bc5,6,0,0,0,0,0,0,0,1,1,0,0,0
0998a5ac4d1a484b50370bb75c8ea525708acc46,0,8,0,0,0,0,0,0,0,0,0,0,0
09ee8d2719a5f71e11cf0c3ce64e403b3b32b5ba,0,0,0,2,4,0,0,0,1,1,0,0,0
09f87d757d4eaa73f1ab1155f6422d11d1f0102b,0,0,0,1,0,1,2,3,0,1,0,0,0
0a108a9fa6b8807e62d5665879692dfd6540c9c9,0,0,0,1,0,1,0,0,0,2,1,0,3
0a36c1ddb3db3a1aeceb58f3e4cc6cf588abf1f8,0,0,0,0,0,0,3,0,0,0,0,5,0
0a6fe9e6d3c72ffc048b3d66ce895698387de9af,0,0,0,1,0,0,3,0,0,0,0,0,4
0af5d1dcd96d91b840252b45b60b976f054d5f41,0,1,0,3,4,0,0,0,0,0,0,0,0
0b3d4e3c42eff2e3bd692175965205f55a08f6af,5,0,0,0,0,0,0,0,0,3,0,0,0
0b5d14e5fdc343077fcd183a7763171f86d32bd1,5,0,0,0,0,0,0,0,2,1,0,0,0
0b73bf02ae126a47d512b8660a17117fa200cadf,0,0,0,1,0,1,2,1,1,0,0,2,0
0b8419ba71835cf973174e5854cf282f73569228,0,0,1,1,2,0,2,0,0,0,1,0,1
0ba10f8b177cfafb8cef81a697ee8984af2babaa,0,0,0,0,0,7,0,1,0,0,0,0,0
0bdd11004be3ef9151994e6df2470d49c3878740,7,0,0,0,0,0,0,0,0,1,0,0,0
0c0bcee13ee969a42cbf2fe83147673e8f3393e8,0,0,0,0,0,0,2,3,2,0,0,1,0
0c1524e3124fd314e94345e2cb461f6929779d30,0,1,0,5,2,0,0,0,0,0,0,0,0
0c46f3e42c31154229c991b5803788e783e5dd8b,0,8,0,0,0,0,0,0,0,0,0,0,0
0c4ee9e1701c2edd82a7b650432ecbc9bbb8e691,0,0,0,1,0,2,1,2,0,2,0,0,0
0c8446442ba57eb2a339547d1370a95aea696846,0,0,0,0,0,3,1,1,0,2,0,1,0
0cf9e67b5989eb0e6155018889e7675465239cbd,0,2,0,2,4,0,0,0,0,0,0,0,0
0d359014c77d361508b4f4303f80fddb8e614af9,0,3,0,1,3,0,0,0,0,1,0,0,0
0d8380677d190cc64b4b168d42a64a1edf906799,0,3,0,1,4,0,0,0,0,0,0,0,0
0df1ae2fff92f48afb8dd7fc6b9c7def920e7c1f,0,1,0,2,4,0,0,0,0,0,1,0,0
0df3bb9faf52261a054ac7c6dda971627ac2554a,0,2,0,0,3,0,0,0,0,1,2,0,0
0df55d7893e6d827d4eb97e1f9768ea854bcab5c,0,0,0,0,1,3,0,1,0,1,0,2,0
0e43b53c8fed02a291cf7c40060256f3eefcfe1c,0,2,0,3,2,0,0,0,1,0,0,0,0
0e623ec2153cc54befba7d26849a296111d0a7b1,0,0,0,3,5,0,0,0,0,0,0,0,0
0e63a73e4194b8f3fa139695ae24a1c9d611c7c8,4,0,0,0,0,0,0,0,3,1,0,0,0
0e6f6e3e27c8ae0a473fedc280bf47eef14e7c85,0,0,0,0,2,0,1,0,0,0,0,0,5
0e76611f906064975548d167bfddb2d69c598d6b,0,0,0,2,0,0,2,2,0,0,0,2,0
0eb28af18ad7e07ea658eb734c9414d210eeea27,0,0,0,2,0,1,1,0,0,0,1,2,1
0eebfc8a7117099ecf5b381c5506fa7d59fd8959,0,0,0,0,0,2,3,1,1,0,0,1,0
0f2593e6b4c25836ea19339ee7f547bec99d928f,0,0,0,0,8,0,0,0,0,0,0,0,0
0f285976207b7e33e8ee7c81daa4498f27225aac,0,0,0,0,0,4,0,0,0,0,0,1,3
0f47c65ff5627b379e5c654935fa1a3d18194c73,0,3,0,2,3,0,0,0,0,0,0,0,0
0f850579a17e92acc52603e3df2647bf1fa62d33,7,0,0,0,0,0,0,0,0,1,0,0,0
0ff97980245975e2725ecc1872da2db16b2aada0,0,5,0,1,1,0,0,0,0,0,0,0,1
1075e34b408f160d6a3b8f024365e63a5f8a1b49,0,2,0,3,3,0,0,0,0,0,0,0,0
107f1fd43a50c6432234ae44826e1d51d4e4c864,0,0,0,0,1,0,2,0,0,2,0,0,3
10dc0ba28facf560c1b9649a47383fab6b9ee8f6,0,0,1,0,0,2,1,2,0,1,1,0,0
110146f7e3d0c7856a218d5d5f83fa5401b27d55,5,0,0,0,1,0,0,0,2,0,0,0,0
11096ea00d4cbb1836a3cebabd66374b6ef7892b,0,0,0,6,2,0,0,0,0,0,0,0,0
1116ff1f54033e6dfb787fa95f0c35a194484317,8,0,0,0,0,0,0,0,0,0,0,0,0
11236c4fea7cfcb49041b9ef341320ea0521db83,0,0,0,0,1,3,1,0,1,0,0,1,1
113b9f6f8eb165465f12f04e4e25b554d933bfc2,0,0,0,0,0,5,1,2,0,0,0,0,0
1141946a7b25d265e8e20f4ed2d502acfa64f649,0,2,0,2,3,0,0,0,0,1,0,0,0
1161e892f99a542ccb7c055db334d390d7634743,0,1,0,4,2,0,0,0,0,0,0,0,1
11bc96596d539504ece42dfc802a4732aac644ad,5,0,0,0,0,0,1,0,0,2,0,0,0
11ccc14e8fa0a0662da3582e5c40836e3f1f9a15,0,0,0,2,5,0,0,0,0,0,1,0,0
11e4f33a7d821dcd5f430da54374f7c429782015,0,0,0,0,0,1,1,1,0,2,1,1,1
11edc473d2224949005a52e8b38c5d4c1707aaca,0,0,0,3,4,0,0,0,0,1,0,0,0
1228f27208716edce795c3facc4e15950ba56b03,0,0,0,0,0,0,3,1,0,0,0,4,0
12e44db482d77f6069b97af5dc26947eecc527b6,0,0,0,0,0,8,0,0,0,0,0,0,0
12f9f39dd21c021843d3c73f8271124fafb74f01,0,0,0,1,0,3,3,0,1,0,0,0,0
13389f1524e0a4fa957b1d29dc1d4fcf287f389a,0,1,0,4,2,0,0,0,0,0,1,0,0
134bd0809fbc77be41fff21dfbded0d991b7567b,0,0,1,1,2,0,0,0,0,0,1,2,1
13bdeaf492f4d00dfda99795914660b5c068535b,1,0,0,0,0,2,3,0,0,0,0,2,0
144c1535b1a2134f7fda9e8c71ab62141fc83b24,0,8,0,0,0,0,0,0,0,0,0,0,0
1468bc942e9266ed5dd0e12c8555aacca66ef989,0,0,0,0,1,2,2,0,0,1,1,1,0
14bde47f2cb438cdc327f0bca084fdadbe16b167,0,2,0,4,2,0,0,0,0,0,0,0,0
15652c6b5ff6618ac8662763258921c6b969c897,0,0,0,0,2,0,0,1,2,0,0,2,1
15c34c7f828d430e650b3b846c6ba5003dfdd7be,0,0,0,0,0,4,4,0,0,0,0,0,0
15e74af9f575af6a0339fdc4e3a9c3cf7e96ab71,0,0,0,2,0,2,0,0,0,0,0,4,0
15fd1edfc0b443660fdde95669cbeb47a0f758fe,0,0,0,2,0,3,0,1,0,1,1,0,0
160c2d01f8d3d595a06e8dd3bb46bbd9acf7350b,3,0,0,0,1,0,0,0,0,3,0,0,1
162d9e7c30ad890af488bae6086c9e71e5fd5261,0,0,0,1,0,2,2,0,1,2,0,0,0
1677123196dd7cb9caea1a16cdd7b1cb094c063c,0,0,0,1,0,3,2,1,0,1,0,0,0
1691e993c17afcef45fff1f84bb20fb059880d54,0,0,0,6,2,0,0,0,0,0,0,0,0
17235ad641583ebbc50f4bcd8b9b659f8ea8b057,0,8,0,0,0,0,0,0,0,0,0,0,0
17288edd471032c856acf72937efa3798615ae05,6,0,0,0,0,0,0,0,1,1,0,0,0
172a218e977634566da8e4199add47c10a23a61e,0,0,0,0,0,1,5,1,0,0,0,0,1
173c3de7ee99b1fcae9c29bc7053d5e991be4012,0,0,0,1,0,1,6,0,0,0,0,0,0
17442664015f081a7eb16d7c0c04ba89141485d6,0,2,0,3,0,0,0,0,1,0,0,0,2
174589791f0c6783c85a2f7ecf747b6ba2a860cb,0,0,0,0,0,4,2,2,0,0,0,0,0
17727b89b3d78db5370ae00f9a5b9faf3b7301c1,0,0,0,1,0,2,3,0,0,0,0,2,0
17a0ce1badae1c4f020f773df83dfeb2ebb8e197,0,0,0,1,0,0,5,0,0,0,0,0,2
17a5a03639de7b3cde22236c24230db9e9cf08ab,0,0,0,0,0,3,1,1,0,0,0,3,0
17ac47ff458b001d4e3b33f964a7319852efabdb,0,0,0,0,0,3,5,0,0,0,0,0,0
1807021f0727b356276562545b413e4dbb769e16,4,0,0,0,0,0,0,0,2,2,0,0,0
18471a0aafcbbcd949142440020519613f849aa8,2,0,0,0,0,2,0,0,1,3,0,0,0
186914367db971dd25d7284ee5650fea351e3688,6,0,0,0,0,0,0,0,0,0,0,2,0
18e4f106eb48f495e8414ae3847ea13264f39ee3,0,3,0,0,4,0,0,0,0,0,1,0,0
18f2e024df1bc3f29200a638c5a337805de9ab53,0,0,0,1,0,0,1,0,2,1,1,2,0
1946ba03ac7dd9b442187c2209a2a134bbf8d42c,2,4,0,0,0,0,1,0,0,0,0,1,0
19805ee7b0f7d8675828735e5ea148a92a33d1b2,0,3,0,0,4,0,0,0,0,1,0,0,0
198d1e5312f1dd873be455cb039eab22981e9cb7,0,0,0,0,0,1,2,0,0,0,2,1,2
19b9ae4f39e66e8739d07123f78bb6327d208181,0,0,1,0,0,0,4,0,0,1,0,2,0
19d0516726e5ba6129a4e36ef208eedeb7d60a6b,6,0,0,0,0,0,0,0,2,0,0,0,0
1a7c7fc8866bcf2b88a73279e4371be67c975eb2,0,0,0,0,1,0,3,0,0,0,1,2,1
1afac3bf69df0cfb886f3fc13a7a89448eba17e4,0,0,0,0,0,0,2,0,0,1,1,2,2
1b47db29bed8501f8d20b9f71236c07b3acc04b6,0,0,0,3,0,0,0,1,1,0,0,1,2
1ba154fbe332dfd53b5940067fb62177d6e4d777,5,0,0,0,0,0,0,0,1,2,0,0,0
1baad8e18137672fc104a34750e3e9dc1c748ed5,0,1,0,4,2,0,0,0,1,0,0,0,0
1bb8c5200fdef6e3e1361ec29d554d56c2d3a506,0,0,0,0,0,3,3,0,0,0,2,0,0
1bf4933ce0078f01c457097e5d0805d4d0d593ab,0,0,0,2,1,2,2,0,0,0,1,0,0
1c530c52104280dc99e65c2d337a6ba9bcd3e83a,0,0,0,0,0,0,0,0,8,0,0,0,0
1c84e685740b6ace862ec1549fe926a601b744c4,0,0,0,0,0,4,1,0,1,2,0,0,0
1cb86b0b7072bd318d2d263960f0d9bcdbadd26d,8,0,0,0,0,0,0,0,0,0,0,0,0
1cccf309d71b6a23bb814e6a519ddae2e866537f,0,1,0,2,1,0,0,0,0,1,3,0,0
1cd1a2ffc4ba70be78e9facc9831ff9ccbf2e659,0,0,2,0,0,0,4,2,0,0,0,0,0
1d04e741a29db29136b07df20cc1302d1e360e26,0,1,0,3,4,0,0,0,0,0,0,0,0
1d864378560cf81ccd5fd22398784cb11e3a1774,0,0,0,0,0,2,2,0,0,0,0,3,1
1dca0d2520ee012a3eccf52644a9dd90c0b13e0c,0,0,2,0,0,0,0,0,0,4,0,0,2
1ddb17c2d29af18f803d3e99a30010680997a205,0,0,0,1,2,1,1,0,1,1,0,1,0
1def45b27d8558ffcd469ad4e2bc232d51d5eda2,0,2,0,0,2,0,0,0,1,0,0,0,3
1e0264471313ceafa0f6a861958c65b0de1d9e20,0,4,0,1,1,0,0,0,2,0,0,0,0
1e220ae74399b69e36154373fb9aaab9eed62322,3,0,0,0,0,0,0,0,0,5,0,0,0
1e648ac5461492ae00af7a9525d098e48bdf10d5,0,0,0,0,0,1,0,0,2,1,0,4,0
1e657eafd47aa447debed5509639b89b439572a0,0,0,1,0,1,0,3,0,0,1,0,0,2
1e9340959ab1b02d57dadfc7c751aab00a86cc8a,2,0,0,2,1,0,0,0,1,2,0,0,0
1ec04bd45d71c9e00ae251b2bc0e9f049e2fd1a7,0,0,0,0,1,0,0,1,0,1,1,1,3
1eda0de1e90ea4d28d761ed7c63f6c7942853d83,0,0,1,0,2,2,0,0,0,1,0,1,1
1ef7d4136e922b57966459b8074c91882837291c,0,0,0,0,0,6,0,0,1,0,0,1,0
1f1b260fe39468b233dc28d532572434d582d63d,0,8,0,0,0,0,0,0,0,0,0,0,0
1f22fe2d3db5a02273e5c546a6158b9448a96d6e,0,5,0,0,0,0,0,0,0,3,0,0,0
1f8f0738c577b108d68261a8faa44145dc7b8bb9,0,0,1,0,0,3,0,4,0,0,0,0,0
1f9dadd516b2459ee68ed1f0050915d1a99cfd9e,0,0,0,2,0,0,4,0,0,0,0,2,0
1fd4f5aa6d23de496d2e0bc84e3b3c318312a113,7,0,0,0,0,0,0,0,0,1,0,0,0
1ff95a52d622b874706f84e9abcedd6b94b803f9,3,0,0,0,0,0,0,0,3,2,0,0,0
200452437c37c908663c4f1e40f54d0aa61dceae,0,2,0,3,2,0,0,0,0,1,0,0,0
20528eb55ffdddfbe88d23126dd770b6db992342,0,2,0,2,3,0,0,0,0,1,0,0,0
206ba134c60e730b1b96745134f9f34ee1fe7bbf,0,0,0,0,0,0,4,1,0,2,0,1,0
2096f53e4d84770d946dc3a3e2ff41934a42eb16,0,2,0,3,3,0,0,0,0,0,0,0,0
2194952ab0e4492a31759550c56dda251ccbd263,0,0,0,1,0,6,0,0,0,1,0,0,0
21f05b77bc02d3bc8b8bca2eb8ec8867a265bcd2,0,0,0,2,0,1,1,1,0,0,1,1,1
2216aa554fdedbdd99bbd88ea29976555b7d5e13,1,0,0,0,0,6,1,0,0,0,0,0,0
2233e1c72fd8cd049a5e627d73637b4826670983,0,4,0,2,1,0,0,0,0,1,0,0,0
22794131cd8edd7d99eeef3d580c84d404254d3d,0,2,0,2,1,0,0,0,0,2,0,0,1
23131175e6c78455b76553da9e9114028315551c,0,0,0,0,0,5,1,0,0,2,0,0,0
23196b4a25d80a2a29e88f61ddc2fe05dd807dbb,4,0,0,0,0,0,0,0,1,2,1,0,0
233d551b2eb839a78887ac228ba3a3009ba0f4dc,4,0,0,0,0,0,0,0,3,0,1,0,0
23a0a548c57fdf36a3510898f001541d25ffd3dd,8,0,0,0,0,0,0,0,0,0,0,0,0
23e3fdaa38b26f9224ac1ddd4f5b79e01d71cee8,0,2,0,0,2,0,0,0,0,2,0,2,0
23e83ed9d37d261be0126f8a6d5f7ce097da71df,0,0,0,0,0,4,0,0,0,0,0,4,0
242ec2628d92fe1219726bfa3437c7725fdf9669,0,1,0,4,3,0,0,0,0,0,0,0,0
24a07c6e0caaab1c70777362ecdaa34dad2f3f05,0,0,0,0,0,2,2,0,2,0,0,0,2
24b995bc0616713dbdc2a271009411f976ea965f,2,0,0,0,0,0,0,0,0,6,0,0,0
24d9c0d55e20f36e131230dd67141b670b1f7eb8,8,0,0,0,0,0,0,0,0,0,0,0,0
25b8cf034063822e22aa4f71ff39502e21fa5577,0,0,0,2,1,1,1,0,0,0,0,0,3
25dc50f9bed0bd8b843b3b2f73ab2dbad9b3e682,0,1,0,1,5,0,0,0,0,1,0,0,0
25f8e5c11e0f904fd45b8f3ce72d12e7b9ce6c70,0,0,0,3,0,5,0,0,0,0,0,0,0
2610d265dc484256d6f41a1af8a0302173c9c61e,7,0,0,0,0,0,0,0,1,0,0,0,0
267be9a983a688b8f9065e5ea816920bf7eca4ee,0,0,0,0,1,0,0,1,0,0,1,2,3
26805c646b7c7ad6e193df611a7fe60250925aab,4,0,0,0,0,0,0,0,0,4,0,0,0
2689925897c0001047aae48afcd8776f7b29af4b,0,0,0,2,1,0,3,1,0,1,0,0,0
26aa1fa19632ac21aa2022dbdd1f1b16404978c5,0,0,0,2,1,0,2,2,0,0,0,1,0
26e470ed1c038ea7c54b5e677be5d4a4191732d1,0,0,0,1,0,1,3,2,0,1,0,0,0
26e7247ac0b1ba085e0901bcc2b2318af3d7303d,3,0,0,0,0,0,0,0,2,3,0,0,0
26e84f23026cd1da9c4e4a4eb0fb0648155a6c8e,0,2,0,2,2,0,0,0,1,1,0,0,0
26f77aded9f41e66ab0d01a8cc5220291f5de802,0,0,0,2,1,0,0,1,0,1,3,0,0
280d89a67e610f642aee851f6545a283550a98c8,0,0,0,0,0,2,0,0,1,0,1,3,1
284799448e82a03c4b0ba3a1d52374ea110b632a,0,8,0,0,0,0,0,0,0,0,0,0,0
284db01ec409e982ea143515dbf4c14e4ff651df,0,7,0,0,0,0,0,0,0,1,0,0,0
28683dc527106ecbfb7fa5bd5130ef55a4cd7d8a,5,0,0,0,0,0,0,0,1,2,0,0,0
286f2f2c29167581076d5b0ca2926af984de0fd6,0,0,0,1,1,1,1,0,0,0,2,1,1
28a1c0c3b55dbde55784353224d6492fb172f403,0,6,0,0,0,0,2,0,0,0,0,0,0
28b33fa7930ec194fc8e5e17cef0d0ddd0090303,0,2,0,1,4,0,0,0,0,0,1,0,0
28c4a847858d7fcf3096c9036105d76a042103d3,0,0,0,1,0,1,0,2,0,3,1,0,0
28d466503647bf88bd49444da81070044194b0d7,0,0,0,2,1,0,3,1,1,0,0,0,0
28dd4f2d6d9ab0c3227a7fcba271936e5cf0ec5b,0,0,0,0,0,0,1,0,1,2,2,1,1
28ea98232cc6a0f80d1ebadfea05f3af15d81b57,0,0,0,2,0,1,0,0,2,1,0,0,2
291c57b041895bcb8ac22c691014d4c8f587faba,0,0,0,0,1,1,2,0,1,1,0,1,1
293290aa1259a894275d98485767f38a326cc312,0,0,0,0,0,0,0,0,4,1,0,3,0
2965cd23190fb8bdb03b69225edb7b000ac8c0aa,0,0,0,0,0,1,1,0,0,2,1,3,0
2966316e1709e007df3c3be180846d07f60924aa,0,0,2,0,1,3,1,1,0,0,0,0,0
2966e9a358fcf4f21e587bebb664cc9d2f5872f6,1,2,0,0,0,0,0,0,0,0,5,0,0
2a232efc5402161b21a777abc54ad289e6e5f889,0,0,0,0,0,2,1,0,1,0,1,2,1
2a5c717bba2f4e99bc481652a5987ffc6ce86874,5,0,0,0,0,1,0,0,2,0,0,0,0
2a5fc83a0f78f88d4e634a0bd53219244a2199aa,0,0,0,0,1,1,2,0,1,0,1,0,2
2a73f3f2c8969d846612b71c44a010bc1c8e19bc,0,0,0,0,0,4,0,1,2,1,0,0,0
2a93b17d86a0ebbaf4b0ad58ae97e0d0bc80ffcc,0,0,0,0,0,3,0,0,0,0,0,2,3
2abec39ca4714bb56a67aab0ab3d4c407f83ffbf,0,0,0,0,1,1,4,0,0,1,0,0,1
2b1fc12e95b136955f04fdc1efc3e4ca1676ed84,0,0,0,0,0,2,2,3,0,0,1,0,0
2b8ecd0292d5301275b17f8b721d930febc3b8d9,0,0,0,2,0,1,0,0,0,0,2,0,3
2c3c849b03e795fda2697f3514187006683c5dd2,0,0,0,0,0,3,1,1,0,1,0,2,0
2c4f71b8b4d703f1443b5161a4200fac3684e99d,3,0,0,1,0,0,0,1,2,1,0,0,0
2c5e9d11c358d64c34453cdbd0fb9a9021ed58b5,6,0,0,0,0,0,0,0,0,2,0,0,0
2cac63f525ef153129f4e6971e1d200e7f0caec2,0,0,0,0,0,5,0,1,1,1,0,0,0
2caf5bf45b8511402825099b51a61d2968dd31f7,0,0,1,0,0,0,1,3,0,0,0,0,3
2cee1815982da469d41b9842705c2781c5c98ccf,1,0,0,0,0,0,0,0,3,4,0,0,0
2d07fd3de6942850b719a6fccf09691afd6099b8,0,3,0,3,2,0,0,0,0,0,0,0,0
2d4ce5e2c526295397dcede5102694d7ca5fddfc,0,0,0,2,0,1,3,0,0,1,1,0,0
2d5212c829c4a231f20b6f32e9dd0498db12666a,0,0,0,2,0,1,3,0,0,2,0,0,0
2dff718a351068c19514758409b3d013ccb0def5,0,7,0,0,1,0,0,0,0,0,0,0,0
2e189b4bea338f57c60866c47d0ca985342e983b,7,0,0,0,0,0,0,0,0,1,0,0,0
2e7ce2b69d96c240f99887c7c28f38d36bb76c8f,0,0,0,0,1,0,4,0,0,2,0,1,0
2e896e5b563fc194ec9989ebd365a3fd879a4d52,0,0,1,0,0,1,3,2,1,0,0,0,0
2e8ee0c895c573635549b35edb41018bb8f9237d,0,0,0,0,0,2,0,2,2,2,0,0,0
2eb6af8937e16dde5792e2d7f90e3fbf2aa29dc7,0,0,0,1,0,1,4,1,0,1,0,0,0
2f47dbe1abcb2d19f3d48ca827b3ca3e0779c282,0,0,0,1,0,4,1,0,0,0,0,0,2
302db1204bc763e0a25396d76abe28c663c056d2,0,2,0,4,0,0,0,0,0,0,2,0,0
30be5c0ddcb1d6c3cc0931c2719304914fc1bceb,0,0,0,0,0,3,2,1,0,0,0,2,0
31b80fe0323dc1cc38e63db09b912f6cd831b63e,6,0,0,0,0,0,0,0,2,0,0,0,0
31c808c66cb3d02a131516dafc637d0ee98075a2,5,0,0,0,0,0,0,0,1,2,0,0,0
321903daf03c61df6ae3fa37e085ed209a20e18f,0,2,0,1,3,0,0,0,0,1,0,0,1
3256001de8f54ae2b304c886100fcd49b6a6b51f,0,0,0,0,0,0,3,0,2,1,0,0,2
32b0610e6553fd7e97879234170980096b9b7d1f,0,4,0,1,1,0,0,0,0,1,1,0,0
32c0cd83af51f73e3e27db438567ef2ab3604afa,4,0,0,0,0,0,0,0,1,2,0,0,1
32cd2de174a1944f879d4fa41a39131907cb4930,1,4,0,3,0,0,0,0,0,0,0,0,0
3319631845d1109c6782fbc4a297716077aceb8f,0,4,0,0,2,0,0,0,0,1,1,0,0
332550889175ce05c9b22551631498ad8ca5f181,0,0,0,1,0,0,3,0,0,0,0,1,3
33454dacc5c1915a5bff0cd01c15e22bbfe519ca,0,0,0,2,1,1,0,0,1,0,0,1,2
336b52bb569169bc1e26de6a9339efa72f82d799,0,0,0,2,0,0,1,1,0,0,0,2,2
3379c37e915f2e0aba1e5f5c6894ce900d24049a,0,0,1,0,2,1,1,1,0,0,1,0,1
33805eabb260e99f76354483ab29d7a00adef4c4,0,8,0,0,0,0,0,0,0,0,0,0,0
33b30117b708fb8a1a48428ca9975c95a884d557,8,0,0,0,0,0,0,0,0,0,0,0,0
33b3293f68136d8554015056d8cdfc71ecf06f98,6,0,0,0,0,0,0,0,1,0,1,0,0
33f46b10a0bf6976fb143fd4e5b8e22808e208b6,0,1,0,1,4,0,0,0,0,0,0,0,2
34380cab9634cf49a61cb05ac7babcedba11663a,0,0,1,0,0,5,0,0,1,0,0,1,0
346d0b915822ac96472d6b671e855de81587f071,0,1,0,2,5,0,0,0,0,0,0,0,0
34770b8e418900b9c9acfdd1d9a37e695504e309,0,2,0,1,3,0,0,0,0,0,2,0,0
34813b7a24f8177a8a2068f85a13cc7b8a6ef15e,0,2,0,4,1,0,0,0,1,0,0,0,0
34d07904c086aee90d1c1ea094a571cab2051d15,0,0,0,1,1,0,0,1,2,0,1,0,2
34eb8408b79c2b0e71f4bd68cc677b6dff6068db,0,1,0,1,5,0,0,0,0,0,0,0,1
3506fc46bab323279e6706f5523e334ce4a9569e,5,0,0,0,0,0,0,0,0,3,0,0,0
353949bbdea0d86e6f14be6ca6dff9e8273488d8,5,0,0,1,0,0,0,0,0,2,0,0,0
354cdae9d14f6ae941109803a01acda7fd0d8d2e,0,0,0,0,0,0,4,0,2,0,0,0,2
3572fdced164243a3d632bcbe5ad353e05156372,1,0,0,0,0,0,0,0,0,7,0,0,0
35ceb40a39b2bb246ad90276fdac2432339cbf76,0,0,0,2,5,0,0,0,0,0,0,0,1
36220266d4a1eac977478ab33ab9ad6ecbb18903,8,0,0,0,0,0,0,0,0,0,0,0,0
36786b28d7cbd8ec144c36f3a6983e9d9038a296,0,0,3,0,1,1,0,2,1,0,0,0,0
367a00431bfa77f4a0cf235238f0881729d90d3d,0,0,0,0,0,2,2,0,0,3,0,1,0
36a5955e6c69d85e79694fb2ab90684960e5e8dd,7,0,0,0,0,0,0,0,1,0,0,0,0
374f782df88fd05a4376f02c37e9150f0816dca3,0,0,0,2,0,0,2,1,0,1,1,1,0
37bb9ad371a88de36e14ad760e6b25e356b57e47,0,1,0,2,5,0,0,0,0,0,0,0,0
3871c36bb7ca7bdf3e2eb058c4034c73c6636ccf,0,0,0,0,0,0,1,0,0,4,2,1,0
389cd2497ce6f453a37656992d8ea93a1e41cc60,0,0,0,0,6,0,0,0,0,0,0,0,2
38bd4697921d01f9b94341d4e131f747692fafad,0,3,0,2,2,0,0,0,0,0,1,0,0
38da49b046268506da1537da79e29082379c3946,0,0,0,1,0,2,2,0,0,1,0,1,1
38f7aed7d29c7e5a390fe7e63305a4aa6509742a,0,0,0,0,1,2,0,0,0,1,1,3,0
395c1fbc536ca2440a0d0ccf9803e7feb9392212,5,0,0,0,0,0,0,0,3,0,0,0,0
39613f5b3e3a62c3f9f550360559824cc6188774,0,1,0,4,2,0,0,0,0,0,1,0,0
398631704ba136c8a63d8bb4f28511e40738408f,0,0,0,0,7,0,0,0,0,0,0,0,1
399566c836eafbe061959077ba92f730e956ea99,0,0,0,1,0,2,0,0,2,0,1,1,1
39b64c08cf218b08d958785d028590fdb52f40af,7,0,0,0,0,0,0,0,0,1,0,0,0
39e57ab7bca07a8e6ba5121f9a83773f6602c56c,5,0,0,0,0,0,0,0,0,3,0,0,0
3a71c3dbdc0ea1f2ee66eb378819506c21a868c4,0,6,0,0,0,0,0,0,0,0,2,0,0
3a9ddf6eff59aa47aa86035e26ffd73971b87728,0,0,0,0,0,0,5,0,0,0,0,2,1
3ab5580e2d7bac44a7890c344a0301fc0af424b7,6,0,0,0,0,0,0,0,1,1,0,0,0
3abb3a93eb259053de4d0786666a2dbbea04d663,0,6,0,0,2,0,0,0,0,0,0,0,0
3ad67476b242d18a270081ff59d619920d6d30f8,0,0,0,0,0,0,2,0,1,1,0,3,1
3b0452339f9f3d4066d3e56f04d276a88d42faf9,0,8,0,0,0,0,0,0,0,0,0,0,0
3b08bf1b81342a27d0900704d870d3cae579839b,0,2,0,3,2,0,0,0,0,0,0,0,1
3b1615501ac8a3a265dce50a12c2869ed44ae00c,0,1,0,2,3,0,0,0,0,2,0,0,0
3b315c737c33c5b64d4d77595dd7285482f749f3,7,0,0,0,0,0,0,0,0,1,0,0,0
3b46c7e745c0b4a9f6e2ffeefa072dbe13522cc5,0,0,1,0,0,0,4,1,0,1,1,0,0
3b76e576622d7c632aefd621dc28f7dde3303559,0,1,0,2,5,0,0,0,0,0,0,0,0
3baf2ddbd2f277c0cb4dbfc020c6ae334a400c66,0,8,0,0,0,0,0,0,0,0,0,0,0
3bbbe7a4140ffc95c2f4896738929e3711786936,0,0,2,0,0,0,1,4,0,0,0,1,0
3c06e7b3d76ec31b29faa4cbf1c5e573bdeff9d3,0,3,0,1,3,0,0,0,0,1,0,0,0
3c2546dd2044a26480e2d4869766c8fbd324c39f,0,0,0,0,0,2,2,1,0,1,1,0,1
3c4f248b76b579108e931b36a6a184f8e210491b,0,0,2,0,0,1,2,0,0,0,1,0,2
3c7dfb7f77030afe8f31399afaa8ec1838ae326e,1,0,0,0,0,0,0,3,3,1,0,0,0
3d0beec8964e699867545430489f490bdd39b59a,0,0,0,0,0,1,2,2,0,1,0,1,1
3d20c5c64df2ef81307663616b9e4906b31fd08b,0,0,0,0,0,0,4,0,0,0,0,1,3
3d76c656a0556aae15cd392bdcd531205d020d08,0,0,1,0,0,1,2,2,0,0,0,1,1
3e11598b43e5d0574ee933193a68e40c5cab29a3,0,0,0,2,3,0,0,0,3,0,0,0,0
3e411fbc3875a58d503144ee4d58be9f91fd54a2,0,0,0,0,0,0,0,1,0,1,0,2,4
3e54756ab74c74ff74004816fe843089b0ae17d2,0,0,0,0,0,1,2,2,0,1,0,2,0
3e567499e120f853e5da0c48c87ddbab5b0da44c,0,0,0,0,1,1,0,2,0,2,0,2,0
3e78229db3f9730988c4e2ce79a746f3d4281431,0,0,0,0,0,0,3,0,1,1,2,1,0
3e9a6508f61d98782953d26c532810db1a7c701e,0,5,0,1,1,0,0,0,0,0,1,0,0
3eaa1ef4ab9b2380ac6e6fb7cf412d51bfdfc0f2,0,0,0,2,5,0,0,0,1,0,0,0,0
3f1fcbf5071a4e6e6c15f72fabffdb5343cb0638,0,4,0,1,1,0,0,0,0,0,0,0,2
3f31e9631be6051bb54773e2c79e5cafe809a99a,0,0,0,0,0,1,1,0,0,2,0,1,3
3f4c9ed38735218ceaa74580a8d18028d1a445a4,0,0,0,4,4,0,0,0,0,0,0,0,0
3f5fe2df7d2f48564bb4e3017e0e754982642cd2,0,6,0,0,0,0,0,2,0,0,0,0,0
3f65f834c3a415c6943e1fc5f256455e557dac4a,0,0,0,3,5,0,0,0,0,0,0,0,0
3fc584510dcc9aa0880240cb9be8cc300424424b,0,0,0,0,0,2,2,0,0,0,0,2,2
403db100542cd6afbf994331b20877eaf20362f9,0,0,0,1,0,4,1,1,0,0,0,1,0
40487be71aa7eb143cbd2b155d6b64c0b30faa31,0,0,0,0,0,2,1,1,1,3,0,0,0
40e83c5655e17b939025b7d349691ae961e0e689,4,0,0,0,0,0,0,0,0,4,0,0,0
40ebb4db02c57fe9d5cc29268e408c11d1f88013,0,0,3,1,0,2,1,0,0,0,0,1,0
40fdaa56c203b2ba1fa2504ad1b544d4db65bb21,0,1,0,6,1,0,0,0,0,0,0,0,0
4103585d1711c9519994cd97cd9b6cf1c0f2aba9,0,0,0,0,0,1,1,3,0,0,0,3,0
413973743bcfeda1bfa6d411b3fbdfed122e128a,0,0,0,4,0,0,4,0,0,0,0,0,0
41814b59a43d4ba8493ef93701a3d19878b050ec,0,1,0,2,4,0,0,0,0,1,0,0,0
418f93c6366b64ca421b39c365189d2e3c1edf1f,0,0,4,1,0,0,1,1,1,0,0,0,0
41902aaa16f647dbb7ac60353329fd17576bc7d8,0,3,0,2,3,0,0,0,0,0,0,0,0
41d6e6c415f465a79c543a37314f95349a91a258,0,0,0,0,0,0,0,0,8,0,0,0,0
42367af3ebc3e99112db4a0882132a3eaa6643bb,2,0,1,0,0,3,0,1,1,0,0,0,0
42380ac94817c090242016552b92f29d1ace3058,0,0,1,0,0,3,1,2,0,0,0,0,1
42c80ecf35e8ae3d66ade5075fe77d6dd8fdaaab,0,0,0,1,5,0,0,0,0,2,0,0,0
430540fb19feece09b4f54c90c038732efe75836,5,0,0,0,0,0,0,0,0,3,0,0,0
43315e4466d65274db29908387ba3688917310c3,0,8,0,0,0,0,0,0,0,0,0,0,0
43692a23d3434589ed0e7c49fe017d8c40ab58cf,0,0,0,0,0,4,1,3,0,0,0,0,0
436cd3573cc1c3a88b9328c88669a8b7e1e903aa,0,0,0,0,0,3,1,0,0,0,1,2,1
4383dcebc59b670a7f3f0347d644b295af601b9c,0,2,0,1,4,0,0,0,1,0,0,0,0
438a80cbd6dab4b4763283260e189d9b0c9b4c62,0,0,1,0,0,0,4,2,0,1,0,0,0
43a0a83889aa56380d1c73ddb524954d3bed8f13,0,0,0,0,0,1,2,0,0,3,0,2,0
43df05168e9a662ea8c8b69dc56bd36e5e309f61,3,0,0,0,0,0,0,0,1,4,0,0,0
43e36b4ffa3e191aca291ef3cb94b5d1bfaacee2,0,0,0,0,2,0,1,0,0,1,1,3,0
4433c05a424179c36021a0cf4413324f638eba85,0,0,0,0,0,0,2,1,1,0,1,2,1
44691ded10a1b559dd3eee03757e2c4977a065b3,0,3,0,3,2,0,0,0,0,0,0,0,0
44700cc05a57fac8badcaa4a876a33d1a792b532,3,0,0,0,0,0,0,0,2,2,0,1,0
447f944ba925736aed6d37d62f5839bf9d579de8,4,0,0,0,0,0,0,0,1,3,0,0,0
4488cca50eac56fd0abca0707aa058e37f62a223,0,0,0,1,0,2,1,0,0,0,0,2,2
44f42270b59b597f654912554088729ad7f95dac,0,7,0,1,0,0,0,0,0,0,0,0,0
45127b060d7df7da68c819dfc60211bcc0716c13,0,0,1,0,0,2,0,4,1,0,0,0,0
45f28b64ee113b757c141656c643dab09a8ba81a,0,0,0,0,2,0,6,0,0,0,0,0,0
4622d529fd0c96fe446b1bda7288e6842762f030,6,0,0,0,0,0,0,0,0,2,0,0,0
464b046e274cf857d3f99771b86dd3c65aaae64a,4,0,0,0,0,0,0,0,2,2,0,0,0
46aac7e2d524680f35a51bc19f4a44af211a785a,0,8,0,0,0,0,0,0,0,0,0,0,0
46ba27a8c14f0333d79dc549a09f1c861baa8be0,0,1,0,3,2,0,0,0,0,0,0,0,2
46d8770ab7da5ea05e444a175c9edf8da8124b62,5,0,0,0,0,0,0,1,2,0,0,0,0
46e747ad1933f8003c4713adc43dfde50ba5d5f4,0,0,0,0,0,3,4,0,0,0,0,1,0
4719c05d07b6900904cbbcc1acc2468713eeabe5,0,2,0,2,4,0,0,0,0,0,0,0,0
47326c0af44e8af3f876c4cb8ae00ce399ff3fde,0,8,0,0,0,0,0,0,0,0,0,0,0
4740aa3e0832f470cd631f9bddad1fb69d8b1223,0,6,0,2,0,0,0,0,0,0,0,0,0
478c25dfba27cab48c81b0381cc05f653cb2f2e7,1,0,0,4,3,0,0,0,0,0,0,0,0
481c47a1e0dea0ea890ac61f06f803e480680fa6,0,0,0,0,0,4,3,0,0,0,1,0,0
483be83979140e54ae86a020698063b0e31d761f,0,2,0,3,3,0,0,0,0,0,0,0,0
486ed9333d497b4bd855713b221ee10c730dae50,4,0,0,0,0,0,0,0,3,1,0,0,0
48f2606274dfa03809b7dd1f49847cfc483382f5,0,0,0,0,0,0,0,1,3,2,0,0,2
49137ff1314c513f4674d71bd8406c920a76a5dc,0,0,0,0,0,3,2,0,0,1,0,0,2
49235b671830c0b7b8db4338959adcc1bab51cc7,7,0,0,0,0,0,0,0,1,0,0,0,0
493737e24e4c783c79d0a34db48dbfef3fad38be,6,0,0,0,0,0,0,0,1,1,0,0,0
494c92786bc2666c1157101c3b34ebb1320715e2,5,0,0,0,0,0,0,0,0,3,0,0,0
4950cbe4a1cc1a0988637dba1c911bd00b23a17b,0,0,0,0,0,1,4,0,0,0,0,2,1
496bddcf4202b262409d4c0ca1e4bce52e921f43,0,1,0,2,4,0,0,0,0,0,0,0,1
49f53a41d62dbf3c9800928d4e3c55baec8dbc77,0,0,0,2,0,0,5,1,0,0,0,0,0
4a04979c220164acb6e10370545c796bd0bb28ca,6,0,0,0,0,0,0,0,0,1,0,0,1
4a09c2b6ee23a08d78266c59ba90a504271d37dc,0,0,0,0,0,1,3,2,0,2,0,0,0
4a5ba8b2d3e4c0f770b730fb6d6600c8bf0db36a,0,0,0,3,0,1,1,0,1,1,1,0,0
4a911be2954464accb631ca7e256c897729d2e0c,0,0,0,0,0,3,4,0,0,1,0,0,0
4ace10777ef2ccc0e83890db2400a84c60545785,6,0,0,0,1,0,0,0,0,1,0,0,0
4b23a7474a2e94981153c352c8789a38159a163b,0,0,1,1,0,0,2,0,0,2,0,1,1
4b4e9172f8a35d7ee00b6b0b3b0f17b7d1340d6b,0,1,0,1,4,0,0,0,2,0,0,0,0
4b55d1fcb3cea5aff77f84ba436f9fb2709d7ad0,3,0,0,0,0,0,0,0,2,3,0,0,0
4bcc9737ac677cf29cb29c7971291623d850fe5d,0,0,0,1,0,4,0,3,0,0,0,0,0
4be5e663c825297d21e28b50ea4c2bda1b67ab0d,6,0,0,0,0,0,0,0,0,2,0,0,0
4be905c5072735923c2482e713fb358e216ea14c,6,0,0,0,0,0,0,0,2,0,0,0,0
4bede8d75c86b2eb74aad366d3d0a616bb0cdd83,0,0,0,0,0,3,0,3,1,1,0,0,0
4bff57afed4ae433b07c7e81499c21ad3e7961ad,7,0,0,0,0,0,0,0,0,1,0,0,0
4c187eeed159a2f20a97aee54efc8bc4329e997a,0,0,0,0,0,3,1,1,0,0,0,1,2
4c23781d145f7be271fbdbf01ec64ed43a4b93eb,7,0,0,0,0,0,0,0,0,1,0,0,0
4c4875d36268286739f005cdde95a81598539307,0,0,0,2,0,0,0,1,0,0,0,5,0
4c91160de92e59cff2da52a470b9ad4116c544bb,0,2,0,2,3,0,0,0,0,1,0,0,0
4cad2f8f9850f1a625535bf14f80157999f9ee09,5,0,0,0,0,0,0,0,2,1,0,0,0
4cd639719fab74726f0968f00c56d01b305f194d,5,0,0,1,0,0,0,0,0,2,0,0,0
4cf22df1fbb1c7165faa413d295f4839edf0de14,0,0,0,5,1,0,0,0,0,2,0,0,0
4cf34d53d7e0fa1fa4e1731f75d11fd65e46d26c,0,0,0,2,0,0,1,2,1,0,0,1,1
4cf69102663d7188c7116c128d556e36346d35ec,7,0,0,0,0,0,0,0,1,0,0,0,0
4d02ed8f2d9d00606bf7563cd6b8d57ba6ee4aa7,0,0,0,3,0,0,2,1,0,1,0,0,1
4d2332c12552b2e77f2481746ca4de8db6456d4f,0,0,0,0,0,0,2,1,0,1,3,1,0
4d2a51e3f03f7899f83c1bf111f5fd3068367c6d,0,4,0,0,0,0,2,0,0,0,2,0,0
4d88169cb1bbd0eaf626438381b852b8d4dd7795,0,0,0,0,0,2,1,2,3,0,0,0,0
4d96fc20c5705f9e3b2d7606040e9a19ab426e0d,0,1,0,0,7,0,0,0,0,0,0,0,0
4e001ebe8fd65be12876666dbbb530c023c74611,5,0,0,1,0,0,0,0,0,2,0,0,0
4f6333c19368c4efede3ad9a38a493483395ef13,0,5,0,0,0,0,0,0,0,0,1,0,2
4f79dee801e80f9b3e9bb96804b60b340ad6beb1,7,0,0,0,0,0,0,0,1,0,0,0,0
4f908bf8006f2be6b17dca563a8ae13ad5465771,4,0,0,0,0,0,0,0,2,2,0,0,0
4fc4fe3af4ebeb725854852bf9807713b08adef5,0,0,2,1,0,2,1,1,1,0,0,0,0
4fd6883616e4f511817b742eae0779ad0c6c4da1,0,3,0,1,3,0,0,0,0,1,0,0,0
4fe0f2dcff10d71af14de51c8ff1a264c88f5d19,0,0,0,1,0,2,1,0,0,1,0,2,1
50dc262e834aa297c5ca81869a92eadb8f9972e2,7,0,0,0,0,0,0,0,0,1,0,0,0
50fb0a6c670de61035a147f0d7d83efbabad36b4,0,7,0,0,0,0,0,0,0,1,0,0,0
512c90849a62c533f96fce03b8a6e0131ed4a06a,0,2,0,1,4,0,0,0,0,0,1,0,0
51903511b5050ed6cb5ebcaee208d980f11b6bd9,0,0,0,0,0,3,1,3,0,0,0,1,0
51daaf45fdacd1f8243258ec02d5393c6ce8451b,0,2,0,2,2,0,0,0,0,0,0,0,2
51eee9771421fd9eb9b0a9de9cc3fd007d7b53b9,0,0,2,1,0,3,1,1,0,0,0,0,0
52618c4d5a2a0ae3fcfcca5324eb1b2e13aa8231,0,8,0,0,0,0,0,0,0,0,0,0,0
52b1617d7f94e3238774b3013e2e460c15123399,8,0,0,0,0,0,0,0,0,0,0,0,0
532e260fcf14ac0bf2d923585443c96951b4995f,0,1,0,3,4,0,0,0,0,0,0,0,0
538394a87fe52ad021e794a0d2314cc5d92bf9ac,5,0,0,0,0,0,0,0,1,2,0,0,0
5389d8825364a50247df853e199be94f0a2dc3f1,0,0,0,2,0,3,0,2,0,0,1,0,0
53c782253bc6fa6679f118f9174b1ec0d9c4abf6,2,0,2,0,0,2,0,0,0,2,0,0,0
53dfb284eda723ed9d4635b2375b67464c0cbcd7,0,8,0,0,0,0,0,0,0,0,0,0,0
53e592538265c23447021b186bf87bb5e9c82f75,0,0,0,1,0,1,1,0,0,1,1,3,0
54233d587e5b0089494cf71aa6d192a682bbcc3b,0,0,1,0,0,1,0,0,1,0,1,0,4
5459f2f17b884caa662dc341fd46c785403cbf5a,0,0,0,1,0,1,0,1,0,1,1,1,2
5492960d029583c1f763f4a642984efab1967057,0,2,0,0,4,0,0,0,0,1,0,0,1
54d3c7f89cbe5dbcaf6120ae96e4c12055845deb,0,7,0,0,1,0,0,0,0,0,0,0,0
54e252fa5042889dee00bc441dee3bd25cf7c28f,7,0,0,0,0,0,0,0,1,0,0,0,0
54f23c01ebc94b529267d8701fbf5c0212b44157,6,0,0,0,0,0,0,0,1,1,0,0,0
54f443f851ff4864b63b5bd21b158c3e68a0fb31,0,1,0,4,3,0,0,0,0,0,0,0,0
554782572c98a538e8e1b6e8601cb3cd3c85761c,2,5,0,0,0,0,0,0,0,1,0,0,0
555002c9ecd9df435c285595bfdfdd1bdb6ee388,7,0,0,0,0,0,0,0,0,1,0,0,0
5591f3c9f6d94cf6adaebbdc395f7d0b7a231c12,0,2,0,3,3,0,0,0,0,0,0,0,0
55a6548a208764e92451d102020ec46ba8f5689b,0,0,0,2,4,0,0,0,0,1,0,0,1
560e81fc2228e02951645c918ca51da43052aae1,0,8,0,0,0,0,0,0,0,0,0,0,0
5634e408d9e6cb12b0f458df088470778afa3541,0,3,0,2,3,0,0,0,0,0,0,0,0
5639c255710b615beb9826277b50309553350d27,0,1,0,5,2,0,0,0,0,0,0,0,0
5676d4f64c824db47f0e41bdca32e854640976c6,0,1,0,2,5,0,0,0,0,0,0,0,0
568407e12ad01f5f90ba6a6bd92f24f740f38694,0,0,0,0,0,0,0,0,1,0,1,1,5
56a286ab3371148a6c3788ab4a97e6cf91704d10,0,0,0,0,0,3,0,4,0,0,0,0,1
572d0866ae792c94e7a607e9488f424ef282a64d,1,0,0,1,0,0,0,0,1,4,0,0,1
573dd958bd0dc51391f463c0eeab2532c744708e,0,0,0,0,0,1,5,0,0,0,0,2,0
57876cfb4e5f2a17d0886ec92b72f6abd15d97b0,0,0,0,0,0,1,1,1,0,1,2,2,0
581c701b4df7b80ee15b8f2b2933f888382e4e6e,0,1,0,1,6,0,0,0,0,0,0,0,0
581cde02300fd4b64cf51d7915ae48a3437f243e,0,0,0,0,0,0,2,1,0,0,1,4,0
58d40f98deccd61b37592110e6e724038dd6f32d,0,0,2,0,0,3,2,1,0,0,0,0,0
5925ee48c2e131f4ab3df3709a1bce47701d5388,0,0,1,0,0,3,2,0,0,1,1,0,0
595222be375803c640ae045922dd56b493bb7751,0,0,0,2,0,1,0,3,0,0,0,2,0
5975f2d9aba97005353156df0ffbb2326253c0da,1,0,0,0,0,1,4,0,0,0,0,0,2
59b0f0564b12c7c05c9b585b00a5f2a240f4d958,0,0,1,2,0,3,0,2,0,0,0,0,0
59b73bce92a5e6dd08301e74895827bf24cda374,3,0,0,0,0,0,0,1,1,3,0,0,0
59b9fcc1464ef5c646a58b1818e69dea0b8361c7,6,0,0,0,0,0,1,0,0,1,0,0,0
59c9b23e459d5d86b2561aab30e2cd717121aed4,0,7,0,0,0,0,0,0,0,0,0,1,0
5aa0a5f7852a3f10fd2746bee0bfe49460f959b7,0,0,3,0,0,2,1,0,0,2,0,0,0
5aae7aacd31414b77be6efb8b8eddef8173acaf6,0,0,0,0,2,0,1,0,1,1,0,1,2
5b140c6d096a6c3d926051273b8f296830e5c8bc,0,7,0,0,0,0,0,0,0,1,0,0,0
5b3ca03be12ee67bc42e7a1aa133f14406261e18,0,0,0,0,0,0,1,1,0,1,0,4,1
5b54cbf4a6af1e41d6c9dd29516898484c70713c,0,0,1,0,0,0,5,2,0,0,0,0,0
5b630f15da0eacf515647ab19bfb3bf94ffc0309,0,0,0,0,0,2,1,3,0,0,0,0,2
5b7f56474883d4ddc73340c08c2166d423e8013b,6,0,0,0,0,0,0,0,2,0,0,0,0
5ba19f345b0be1df7134364b39c4f2c7965660b9,0,0,0,0,0,4,0,2,1,1,0,0,0
5befd38219337088ef6d003b4e46b3f647b2ba2a,0,0,2,0,0,0,2,2,0,2,0,0,0
5c27b12e59cc72ba8224af4898ce3703d8b89b98,6,0,0,0,0,0,0,0,0,2,0,0,0
5c93729bcdec8fdf5c1ef5c912a3d42946425f77,0,0,0,2,0,0,2,3,0,0,1,0,0
5c968c323b8d0a5a21e87b7fa2ae6895f5a9aa11,0,0,0,0,0,0,4,1,1,0,0,1,1
5cc9520e4230ba8c749930ef8b9ee16aea3b9f2c,5,0,0,0,0,0,0,0,0,1,0,0,2
5cd8ffc10901b8b02b51071bd5ed1fcff0912f65,0,0,0,1,0,3,0,1,0,0,0,0,3
5ce2c014f0eb204cbc5a7c99428c8088095966bb,0,0,0,2,0,0,3,1,0,0,0,0,2
5d61ea0dc9dc27a34ba83e9f765d4e92e6445586,0,8,0,0,0,0,0,0,0,0,0,0,0
5d862e8c18a91a35103ca95b794da5d77ad68328,6,0,0,0,0,0,0,0,1,1,0,0,0
5e9302f20fb6a61ebb3df1e70fdd75e5cba9b55f,0,0,1,0,0,4,0,0,0,1,0,2,0
5f22601cbcb7161b028a5a2128a7f903b8eb7a49,0,0,0,2,5,0,0,0,0,1,0,0,0
5f3c48d3563927dd455d5ff783be7957bc116bc7,0,0,0,1,0,0,1,0,2,1,0,1,2
5f4715a485ac71beec5317c6af2c9fdd19d714c3,0,1,0,1,4,0,0,0,0,0,1,0,1
5f7f7e7d0b0e7a384586be178d1ec4c47b17f031,5,0,0,0,0,0,0,0,0,3,0,0,0
5f942bf2c20bed1483fdd00b32b771126ef60120,0,0,0,0,0,4,1,1,0,1,0,0,1
5fc806c757a0642d95aa57287dbf36dca5ee4f7e,5,0,0,0,0,0,1,0,1,1,0,0,0
603dfb6f7b3fd115b437cb4bb2b7a69c1b55d6b0,4,0,0,0,0,0,0,0,4,0,0,0,0
605ded99729ae3e78cb9a17f6681f902bd6204da,0,0,0,0,0,0,1,0,2,0,0,1,4
6063764c70edd48dfb14429fa1d63598855e0fa8,0,0,0,1,1,0,3,1,0,0,1,1,0
6117e521ba397b2e2f219e3c428ef900bd8b4345,0,0,0,1,0,0,1,4,0,2,0,0,0
6135ba8397b30b5bd201d06f2520345ae54d73da,6,0,0,0,0,0,0,0,1,1,0,0,0
61451c9ddd11d3200b7acc1ee0ab753e535449fe,4,0,0,0,0,0,2,0,2,0,0,0,0
615ff9e719755b4ef77c957da23306bc59eede75,3,0,0,0,0,0,0,0,0,5,0,0,0
6177f696dfe253f4b8ca28530fc7d12015cca483,0,0,0,1,0,2,0,2,2,0,1,0,0
6189047322c2fb0470f9e8c42ff43dcd94642720,0,0,2,0,0,4,1,0,0,0,0,0,1
61d2241eea244bbb7170d821788820f9f45e8673,0,0,0,3,1,2,0,0,0,0,0,2,0
6209c46e820140593c09e7caae78bdc84d137663,0,7,0,0,0,0,0,0,0,0,1,0,0
6225b3f2cad4f0b49098f1a1e41646f5e1008b69,0,0,0,0,0,0,0,1,1,1,0,1,4
622af7ff9a1820e2181af89dc1996f9a5640106d,0,2,0,0,3,0,0,0,0,1,0,0,2
6234fa35aff063a1d7f2e763a6cf193bdb5a8735,0,1,0,3,4,0,0,0,0,0,0,0,0
6257dfb7a2f955c6258ccaac5dccc87f1fe5b985,0,5,0,0,0,0,0,0,0,1,2,0,0
626c6f894ee55a5f32cc1c081540e6753b41316b,0,0,0,1,0,1,4,1,0,0,0,0,1
6297212477b443aa0437c74f3510166925414cf7,0,0,0,0,0,3,2,0,0,0,0,2,1
62afd0ea50365c09a30c22153a96cddab0ddf0d9,0,0,0,0,1,0,5,0,0,0,0,1,1
62bd2e538ceb79f46ca29f63a12df0e9a98898e7,0,0,0,0,0,0,3,1,0,0,0,0,4
62ce840be7f5ca253b4d3e03a02553885c61cf1d,0,3,0,2,1,0,0,0,0,0,1,0,1
630df5f5a2b93c9772641cf12d671e646e400c88,0,2,0,0,2,0,0,0,0,2,0,0,2
631974608c9ba5ef6caa6e565c3b48634a2f390e,0,1,0,2,5,0,0,0,0,0,0,0,0
63230cbc98d9a6b437b9a7838ef521f5e35a823d,0,0,0,0,0,5,1,0,0,0,0,2,0
636e8293b62f06b1b2f305c924a0b84446155cf5,0,0,2,0,0,2,1,0,0,3,0,0,0
63ca4d1c2ca2c765eb2166e52bae3bb428bb799d,0,8,0,0,0,0,0,0,0,0,0,0,0
648d09560940ddf46930cfbc0fa8dda29238cfe2,0,2,0,2,0,0,0,0,0,0,1,0,3
649c3a5093ccd4eb19430267241c8c48147dbd43,0,6,0,0,0,2,0,0,0,0,0,0,0
64d31d9dae328c0187b52b6f50b0ac7362443606,6,0,0,0,0,0,0,0,2,0,0,0,0
64e3311fe61e5bdfeafe82ecfa460398fdb17036,0,1,0,4,3,0,0,0,0,0,0,0,0
64ed173bc5326612e73ef0d2e7bdbfc8c8456f18,0,0,0,0,0,0,0,0,8,0,0,0,0
651bda2ccc73cb6f93241cf71c0885c4105ddd97,5,0,0,0,0,0,0,0,0,3,0,0,0
6529c1c28df25d11739bd6026f696eef35044bc0,0,4,0,2,0,0,0,0,0,0,0,0,2
6539f01a4f6049d2d84aafb235ebaa7c665414a0,0,0,0,0,0,0,1,0,0,1,0,0,6
656a689c8f2cb514e4e4bae80309e820821eb2c2,0,0,0,1,0,2,0,0,1,0,0,4,0
65b61726b3573df782a88e9bec12c6f34e01ffa4,0,8,0,0,0,0,0,0,0,0,0,0,0
660513fafa06c60a4c7300afbe9c83787e2c3abb,0,8,0,0,0,0,0,0,0,0,0,0,0
662fe277583e005367d121d371b5565cf94e7f1b,0,7,0,0,1,0,0,0,0,0,0,0,0
6630827d044297c7869154273ca6516a46a6924d,0,0,0,0,0,3,0,2,0,1,0,0,2
6651417786103e7cac7714db53a9b4add416028a,7,0,0,0,0,0,0,0,1,0,0,0,0
66c3d7eea44fc68bb9d58cb50d461cc536d3ea8d,0,1,0,2,4,0,0,0,0,0,0,0,1
671b4695b01b6a31d0e1c0f51deacb06dcd9fa18,0,0,0,4,3,0,0,0,1,0,0,0,0
6725e8647cd7e7df2aa2f9abedddbe2d7e62bc12,5,0,0,0,0,1,1,0,0,1,0,0,0
6737f193023e156aa56fa527e1962906a7b157b5,0,7,0,0,0,0,0,0,0,1,0,0,0
677677fa217df85278d97b7defea6d0e2e5ab412,0,0,0,0,0,5,1,0,0,1,1,0,0
6816b0d32c13843a54ca1e796d2c4fe7eda77334,6,0,0,0,0,0,0,0,2,0,0,0,0
681ce8d1d839d3612e17e03014a10629e6eb4297,0,0,0,0,8,0,0,0,0,0,0,0,0
6834a745e5276e85dcf1ac24842e8d7360690fde,0,0,0,0,3,0,0,0,1,2,2,0,0
68641e2ee00dd7a44795982a7cc1b91f5d7d33d0,0,1,0,4,2,0,0,0,0,0,1,0,0
687ce8a74be0a119aa5a4860a145360105cc3b84,0,0,0,1,0,1,1,2,1,1,1,0,0
68bf58be39372befe89d76e199ada5d3a1709075,0,0,1,1,0,1,1,0,3,0,1,0,0
68c09277eaea61046b7fcb97cc42111c7f1e8ef8,0,4,0,1,3,0,0,0,0,0,0,0,0
68d501a3dc0e7c1c10d428639afa38d979988a19,0,0,0,0,1,1,2,0,1,0,0,2,1
6950fea560415a51755c4f9129cc11c374b779b1,0,0,0,0,1,1,4,0,0,1,0,0,1
697e715fbddd9436586f1f103b6f802fce812f05,0,0,0,1,0,1,1,3,0,0,1,0,1
6999221f27bfea6ce2794112c682732966fa7fb4,0,7,0,0,0,1,0,0,0,0,0,0,0
69afbeab226cb23922b3686e80b4a2986f82c2b2,6,0,0,0,0,0,0,0,0,2,0,0,0
69c29b94b6ef2013119a31aaaa5c80662206add9,0,0,1,0,0,2,1,0,0,0,0,2,2
6a016693f8feb82ffadee5a85fd01964c71941b2,6,0,0,0,0,0,0,0,1,1,0,0,0
6a3aed85679df179e2f1da78c65a481df367cfc4,0,0,0,0,1,1,1,2,2,0,0,1,0
6a5dde9622b3e43eb83ae13d8a97816d8b7995f1,5,0,0,0,0,0,0,0,1,2,0,0,0
6a7d97788473bb0852919376747d51ec1b1f97de,0,0,3,1,0,1,3,0,0,0,0,0,0
6aea612548ae1379050097cd87644577573d9721,7,0,0,0,0,0,0,0,0,1,0,0,0
6b478bc88337c539f7c3de6ba6e8609bf9eb1d10,0,0,1,0,0,0,3,0,0,0,0,0,4
6b4b95d6028d5f45a9a001ac06cf82c4ea8bde18,0,0,0,0,0,0,0,1,2,2,2,0,1
6b76cfa9726c98f32c7882e2c983adf8bc6d8c77,0,6,0,0,1,0,0,0,0,0,1,0,0
6b7a19c082800e358afcc93b1244f705e0783762,0,2,0,2,1,0,0,0,0,0,1,0,2
6b80fe4717d84dcdaaf34b0299527c5675eaf7a6,0,2,0,3,1,0,0,0,0,0,0,0,2
6b9ec633290d2f7840002595e83c280e36b32427,0,4,0,2,2,0,0,0,0,0,0,0,0
6bb794c5cc7485f8dc03a5c05bf054d2d1ec9591,0,3,0,1,2,0,0,0,2,0,0,0,0
6bdc3caefe9876a38e9d29d73e2dbe2f856242fa,0,0,1,1,0,2,1,1,0,1,0,1,0
6c41a19f46fd7eaa6d7190424e5da03d334b6245,0,0,1,0,0,5,2,0,0,0,0,0,0
6c5bb82635c817d649571212d82164d19e01f3a5,6,0,0,0,0,0,0,0,0,2,0,0,0
6c6bcf3d2eb1760a7a746d344e28be046655868c,0,3,0,2,1,0,0,0,1,0,0,0,1
6c6fe114ed1ea38146ba508c71599609fd57f9ac,4,0,0,0,0,0,0,0,0,1,3,0,0
6c923b501c366333c94a5419d10601de4293dbd4,0,4,0,3,0,0,0,0,0,0,0,1,0
6ce0218f302e7c321cc36e85c8c3e5718c9b6d48,0,0,0,2,0,3,1,0,0,0,0,1,1
6cf9e45b95309ffd7cd8f7c396a0ed357ad07cfc,5,0,0,0,0,0,0,0,1,2,0,0,0
6d144aae45d3459ff3c71848c53ab9a998a13323,0,0,0,2,0,1,1,4,0,0,0,0,0
6d46d3b487252773fe3c0e49a1b606092e560a8d,0,0,0,5,3,0,0,0,0,0,0,0,0
6d56fae077b9d8cd03228736c4568c566dcb6ae1,0,0,0,3,4,0,0,0,1,0,0,0,0
6dad837b143c241051805ce7a689e82541789012,0,0,2,0,1,0,1,2,0,2,0,0,0
6dc6f5805a7220a5a8dd2d9e95fb67e2a3403e19,0,0,0,0,0,1,3,1,0,0,0,2,1
6deab0dbd15fbac2e0da0018b75c1edebed11e00,0,0,0,1,0,1,3,0,0,1,1,0,1
6e6f84063460f1dae8d4dabdc27faa328808bcdc,0,8,0,0,0,0,0,0,0,0,0,0,0
6ea2d27451cda99c16aede0283658143ca5388a1,0,0,1,0,0,3,1,1,0,1,0,1,0
6ed3af246b347d31a4e53d2f4f40b6feb3f17299,0,4,0,0,4,0,0,0,0,0,0,0,0
6ed731d657307aa538768fb4b9fcd49338efe2f6,0,0,0,0,0,0,3,5,0,0,0,0,0
6ee712ddee3a5b4b33fe6a120788783ddf2ee85e,0,2,0,3,3,0,0,0,0,0,0,0,0
6f128ec9f737370a1355f1e59d51a0a27d3478a5,0,0,0,0,0,0,1,2,2,0,0,2,1
6f32020ca5a7a3ede0a999ecf2d5e5020c3b75bc,0,8,0,0,0,0,0,0,0,0,0,0,0
6f45fd7c6851c9059096282a19664e90c340fbe1,0,0,0,0,0,5,0,1,0,2,0,0,0
6f68b185d42d86f2e711111d649e94354db70e03,3,0,0,0,0,0,0,0,1,4,0,0,0
6f6b76eff32c68ec22701c0dfa11b896097285a7,0,0,0,1,0,0,2,3,1,0,1,0,0
6f8301a21ef23c52d665e12d50a80cea53bb7f40,6,0,0,0,0,0,0,0,1,1,0,0,0
6fa85bc2183ddfa126dcf2800318fecf98bbdd20,0,1,0,3,2,0,0,0,0,1,1,0,0
6fbeddaa22a79815a7e879ff3de3cdefda038021,0,0,0,3,4,0,0,0,0,1,0,0,0
6fcb3e61d06def168163dd377fc818a242f8e303,0,0,0,1,0,2,2,1,1,1,0,0,0
6fd264bd6a8ad9643c0a89b41925593ede79f52c,5,0,0,0,0,0,0,0,1,2,0,0,0
6feee7b8afb4c27d2197ab21137a7adba5a8e676,0,5,0,1,1,0,0,0,1,0,0,0,0
701baa533c7a75b9cbe230f8853a464a9fd70126,0,0,0,0,0,1,0,0,0,0,0,3,4
701c6e12fa5b72a3557a12b4f072e8f041bd6721,0,0,0,2,0,2,0,0,1,0,0,3,0
7088b754e615f2feb4da22979471402558129b12,0,1,0,0,5,0,0,0,2,0,0,0,0
70da0a36ee1d543cc31288a7e2c574d66e53cad3,0,0,0,4,3,0,0,0,0,0,0,0,1
70f0d34644c2521f9f68c063d4ba2ec90bf94de4,0,0,0,0,1,1,1,0,0,1,1,2,1
70f6b4719861c09f17f08aa0d0b665718034fd9a,0,0,0,1,0,1,1,2,0,0,0,3,0
713931da734a4ad35b4ddd478c734bf663a2f084,0,0,0,1,1,1,0,0,0,2,1,1,1
714f812949fbde1c4d6dc82c3437af60a4ae2d1e,0,0,0,1,0,0,1,1,0,1,0,2,2
717d7ced20a3ca27984caf92a759b2038296dbce,7,0,0,0,0,0,0,0,0,1,0,0,0
71cb11339c5876ea4d2533ed23dd7dbb4e164c99,0,0,0,1,0,2,2,0,0,1,0,1,1
720c4b687439a2f34c8b9f56e0ed703875b118ac,0,0,0,1,0,2,0,3,0,2,0,0,0
72215ab9b013c9b7be778ab8103a709bfcea2dc5,0,0,0,0,0,2,1,1,2,0,2,0,0
723b77d20d607a0dc355f3fae1253ac5ae67bb81,0,0,2,1,1,0,2,0,0,2,0,0,0
727f7ec5168e24a9a73febce5d86f83d5905c6a9,0,7,0,0,1,0,0,0,0,0,0,0,0
72d2b44cd6cb5d2d202d56e159ecf1250ec2e0eb,0,0,2,0,0,0,4,0,0,1,0,0,1
72eead952c82d4dfee1fa2ed8a00d7fcf0a90c32,5,0,0,0,0,0,0,0,2,1,0,0,0
7331dc033e79a7d17c78de894215104408adf554,0,0,1,2,0,2,0,3,0,0,0,0,0
7372146f706ed294f00b27eac2fc83357b316ba3,0,0,0,0,0,0,3,2,0,1,0,1,1
73ec49e25c65a2fc5fb34b6160c9e35c3bced68b,0,2,0,1,2,0,0,0,0,3,0,0,0
7404dff6e5a166791b1a5abc0f2e974741694aad,0,0,0,0,0,2,0,2,0,0,0,0,4
742722a35c0f4190ddcffe7a546a8cf0d7c47793,0,3,0,1,4,0,0,0,0,0,0,0,0
743a313c3965cdde4e9cde83047540a83d07e805,6,0,0,0,0,0,0,0,1,1,0,0,0
7463f04861d01e90c38cd4e9a9eff9d8b4fac1b5,5,0,0,0,0,0,0,0,1,2,0,0,0
7492eb9ef6ae9e35fa0b39c78b20ad592a7f8ca8,0,0,0,0,0,3,1,4,0,0,0,0,0
74bbbb74f86bcb478393fa8797ebcc323c12df9f,0,0,0,0,0,1,1,2,1,0,1,1,1
74e7485d65bca1c7af43870ab3d85b89241423c9,0,0,0,0,0,1,1,0,0,2,0,3,1
74ef0548fdcd7a1b93f20522ff1e4983a0936f3f,0,1,0,0,1,0,0,0,1,3,1,0,1
7505610e5f9cbfdecc67e0e565ecbc1217752ff9,0,0,0,0,0,1,4,0,0,2,0,0,1
7515fafadb08c7909f5ffc9fe29d7fc26c936405,2,0,0,0,0,0,0,0,4,2,0,0,0
75aa45a8de14235640a2c0e827d8105a18927efd,3,0,0,0,0,0,1,0,1,2,1,0,0
75b0bc99da2386645cc3d1a09dd3238f196a3cbc,0,0,0,0,3,0,1,1,0,0,0,1,2
75b2bbd479d73808dbe4b8cbbdeba7214efccdf2,0,0,0,0,0,1,1,0,0,2,0,1,3
75e5756210b5f7158de14e3171a1b156157b3a60,7,0,0,0,0,0,0,0,0,1,0,0,0
75ed8607cfe6750c41248faa9e95677dbad37d6a,0,0,0,1,0,2,0,0,0,3,0,1,1
769405ff8d9f72719e49c07ba6666389b0e04775,0,0,0,2,5,0,0,0,0,0,1,0,0
76d9a6bf3902527c8b3a7b5689321cae145741ec,0,4,0,1,2,0,0,0,0,1,0,0,0
77874d87bd4c6c3db1c5c48468175919fa6469a9,0,0,0,0,0,0,2,0,1,1,1,1,2
77acec06ff572127418934ead6cbbc91230d1f68,0,5,0,0,2,0,0,0,0,0,1,0,0
77ecc7162656ac9bc3f45de47e52d04aac9371c7,0,0,0,2,1,0,2,0,0,1,0,2,0
78121a0347b05aa19f671756988bc30d533c7810,0,0,0,0,0,1,1,0,2,2,1,0,1
784e9ee80efa26e4b898c7a505019fad0160d339,0,2,0,4,1,0,0,0,0,1,0,0,0
78929181deaa952951647b9fed8ae1a6a2983312,3,0,0,0,0,0,0,0,3,2,0,0,0
78cb5013ee9126c2636564a941fc2f9108d9c335,0,8,0,0,0,0,0,0,0,0,0,0,0
78cf012c01fc373136b38a7a5f3703f73bc718c6,5,0,0,0,0,0,0,0,2,1,0,0,0
791a4cd3288ba27dd39d909757c52b10d71dc611,0,2,0,3,3,0,0,0,0,0,0,0,0
793109bbf34f21bca537f3fa3cc5418fcc3cbece,4,0,0,0,0,0,0,0,0,4,0,0,0
79688421326c1e70f3bf290424b101b9b12373bc,7,0,0,0,0,0,0,0,0,1,0,0,0
79893fa0440a0a2baa760df007903173bfea1498,0,0,0,0,0,4,0,3,1,0,0,0,0
79aadc1f72ecf5bf9b476176bc3dc27478c39b36,0,4,0,3,1,0,0,0,0,0,0,0,0
79b692883032ef5190fda4ef76de5e0a7190b442,0,0,0,2,2,0,0,0,0,3,0,0,1
79c5d66d79b19c8792f9b57b5bb783c6ef587b4d,0,0,0,0,2,0,2,0,0,1,0,3,0
79d350ade6bdfe4c1d683dc75ffb4c4a2c586632,0,0,1,0,0,0,3,0,1,0,0,3,0
79e4406ef8ec89f690e08588b5c3346401e7b39c,6,0,0,0,0,0,0,0,1,1,0,0,0
7a2555ab2ff95fb870d92f6e4e7f0fb2356cb5a1,0,0,4,0,0,4,0,0,0,0,0,0,0
7a43cfaa3d6959fdaad14e71da713938ae22f6ee,0,0,0,1,0,2,2,1,0,1,0,1,0
7a679b19f382b628c97f1adf4f6c33e8c8d7e7eb,0,0,0,1,0,4,0,3,0,0,0,0,0
7a6e45cc2184e5b30fdd133ca201ed71d9c454f2,0,2,0,0,5,0,0,0,0,1,0,0,0
7a9883163938049ef6e5b88fcb6dc0dd8b50c003,0,0,0,2,0,1,4,0,0,0,0,1,0
7aa3be820f2c47ef7e99c2dca433c092a3d9ba7d,0,0,0,0,0,2,2,0,1,0,0,1,2
7aba928152aaeb4aa45c1b4fca40af5d57122342,0,1,0,2,5,0,0,0,0,0,0,0,0
7ac50b86c142d747b43f44688f046921f8cf467f,0,3,0,3,2,0,0,0,0,0,0,0,0
7b0477f2e53c382edfa294b6294c0a1f47b129cf,0,0,0,0,1,0,4,0,2,0,0,0,1
7b187951bc3ef78b05d235571c8e3231f9a5131b,4,0,0,0,0,0,0,0,2,2,0,0,0
7b744f2ac688b71e69516b72f1be51d0ded299b2,0,2,0,2,2,0,0,0,0,2,0,0,0
7bc2f8d279a16c383564147ba9ccdd712c9bbcaa,0,0,0,0,0,0,2,0,0,1,1,0,4
7bdb6c8b37bdaa96837bf2f1b96b9eab429c1455,6,0,0,0,0,0,0,0,0,2,0,0,0
7c04ad64d83f5c985e0b78be720b71857f96c53d,0,0,1,0,0,0,0,2,1,0,0,1,3
7c4952592c850d1b1a2ba21e2a58001ad3e66508,0,0,1,0,1,4,0,0,0,2,0,0,0
7c52c1279e3cde816c2d4dcbdf70888b55ff19ba,0,0,0,0,1,2,1,1,0,0,1,0,2
7c5bacd03eb075d6049f144b291cdbb4b704f480,0,1,0,0,5,0,0,0,0,1,0,0,1
7c898963111bfb6cae044dd949514a1dc31562c9,0,2,0,4,1,0,0,0,0,0,0,0,1
7ce952d28209eeb6d283f59ab03a78b1150ee05d,1,0,1,0,0,4,0,0,0,0,2,0,0
7d401bc5b6898c197b31bdb3485e4198e4b18117,0,0,0,0,1,0,2,0,1,2,0,2,0
7d850f67c5447ff08fcdb514c8806412eb77711d,2,0,0,0,0,0,0,0,3,3,0,0,0
7d9da5a006e248590a9255350db56fe81f81c993,0,1,0,3,4,0,0,0,0,0,0,0,0
7da39ee7bd8aac28937c849bd153211b742104b3,0,0,1,0,0,0,0,0,0,0,1,2,4
7dbed8ce13d54a7e9c663989b93d11e058704508,0,0,0,0,0,0,0,2,0,0,0,5,1
7dbf30e3bff31e86a4538c03d58669ca41b8abbb,0,7,0,0,0,1,0,0,0,0,0,0,0
7dd984554f692d7d53cc0f510f801702c2f2f153,7,0,0,0,0,0,0,0,1,0,0,0,0
7e08911b9010574d334b3c76abff4cbec521e3a3,0,0,1,0,0,2,0,2,0,2,0,0,1
7e203d38c083a10c406471c0d5485d981e5b4541,3,0,0,0,0,0,0,0,1,4,0,0,0
7e622a42af8ca9116728348f07b867bfe636d694,5,0,0,0,0,0,0,1,0,1,1,0,0
7e696d63075e8dfa8478461ba449dbff0763dfbc,0,0,0,0,0,0,2,0,0,2,0,0,4
7ea0c0adc740e29ab55e735d7c1f525d2536aea0,0,8,0,0,0,0,0,0,0,0,0,0,0
7edef939c60a8b4fc5a911c31547fb454d7f6dc0,0,2,0,2,2,0,0,0,1,0,1,0,0
7eeef375392d647b210459bd88c00c7479a4d3c2,0,7,0,0,0,0,0,0,0,0,1,0,0
7f033f1ebcd06ea726f8c9149b15c8bf936baa7d,5,0,0,0,0,0,0,0,0,2,0,0,1
7f123aa628939a685d89901495cfd746bc0e6437,0,0,0,1,0,0,2,2,1,0,0,0,2
7f36c9d2b7cb07b3f84057c9660b33fa962cb05e,6,0,0,0,0,0,0,0,0,2,0,0,0
7f6261423b2b8c72c895006dbc35925d0030881b,5,0,0,0,0,0,0,0,0,2,0,0,1
7fc4187ff1053b1c0bfd39e83c8f95bb16b67ac9,0,0,0,0,1,0,4,0,0,1,1,1,0
7fe93d667324520ddb96066d1f4cc8768cb9d321,0,0,0,0,0,0,5,1,0,0,0,0,2
801f4184bbb075bab8958eb7531b1702ab0b3092,0,0,1,0,0,1,0,0,1,1,0,0,4
80a92c6644ee33e7f52c620c60447db1046cc7d6,0,7,0,0,1,0,0,0,0,0,0,0,0
80b28369ff79f7cd39dcac296eae81c8a97db3b9,0,0,0,1,0,4,0,0,1,0,0,1,1
80b4086db2c7cf688c59bde80f12093f853f7d22,0,1,0,1,6,0,0,0,0,0,0,0,0
80c56e0284ef45ba2f1008f092db5faee3546683,0,0,0,0,0,1,1,3,0,0,2,1,0
80cd1bd713b2ce8f560e18e78ecd2f61489f0c9b,0,0,0,0,0,0,1,0,0,1,0,2,4
80fdc1f6a5e1a5bbcaa6167a1d399e61f70a1439,0,0,0,0,0,1,6,0,1,0,0,0,0
80fe614284ba366bf65479bef2f3917c04cd20c1,0,0,0,0,0,3,2,0,1,0,0,2,0
8102a3f9a72f88534212d391dc798f721afc7b00,0,0,0,1,0,3,0,3,0,0,0,0,1
81a3c3321249b4510a8c3b4622da2dc6f3645963,0,4,0,2,1,0,0,0,0,0,0,0,1
81bf448b62d507ffa7c56b603c12fbac2461b51a,0,0,0,0,1,0,4,0,0,0,2,0,1
8235800e55c1562ca80843c8105f166ab14383d3,0,0,0,0,1,2,2,2,0,1,0,0,0
824c73d959d797307d1b0c6031794251f1482cf2,0,0,0,1,0,2,2,0,1,0,1,0,1
825a0977eff63cf1617fcaea8104328c3318256c,0,2,0,1,3,0,0,0,0,0,2,0,0
825ebfb77a3af0072c32c4f4af65029864ddd6ba,0,7,0,0,0,0,0,0,0,0,0,0,1
8276405881573cdfcb5882dad6637e2eb07fd29c,0,3,0,1,4,0,0,0,0,0,0,0,0
82797b600f4db919061a6eacddcaf689488b15a9,0,3,0,0,5,0,0,0,0,0,0,0,0
828cee7e93f44bb1be98cbe761242e49b3e72520,0,7,0,1,0,0,0,0,0,0,0,0,0
82aeae1227e3cf35435212b8b4897106b14a88d1,0,5,0,0,2,0,0,0,0,0,1,0,0
82b58151a1cd83ffff7e521b1fb56cb720a9f741,0,5,0,1,0,0,0,0,0,0,0,0,2
83162ea5972acfce608a6d44ec8faa02b20e97d9,0,3,0,4,1,0,0,0,0,0,0,0,0
832764d6c0910a730f3d0b98a46384dd275ea619,0,0,0,0,0,7,0,0,0,0,0,0,1
837050fc0abb8aeee23e31a70644b928e8493e3f,6,0,0,0,0,0,0,0,0,2,0,0,0
838c8e685845ee81e29889ed8a532b4bb166dfa2,0,3,0,4,1,0,0,0,0,0,0,0,0
83a9caf095c75970c5ea4ea4dd2d81fdd39b3e28,0,0,0,1,0,3,0,0,2,1,0,1,0
83ed76bef4f9613ade3d693a55f41c466e0808b2,6,0,0,0,0,0,0,0,1,1,0,0,0
843634b02ab88bad8cc05cefbbfe71d9c73bcba9,7,0,0,0,0,0,0,0,0,1,0,0,0
84eeeb1acbec31efdfcf411fbfc0869ebf6d0e77,0,0,0,3,0,0,1,0,0,1,0,2,1
850b0d9cc8f8f5502be649756df35a50c1eab4a3,0,1,0,1,5,0,0,0,0,0,0,0,1
8520b4e1d3f1654a4c4c3d9006a5d5d99a6b99d3,0,0,0,0,2,0,2,1,2,0,0,1,0
853efbb36afe8697ded1c94b0f8f4fefc8819c62,0,0,0,0,2,0,2,1,0,2,1,0,0
85416b2a9b6d73e98f4079061fac81207e464d42,6,0,0,0,0,0,0,0,0,2,0,0,0
85783228255db70cc8172d83e36c659f869963a0,0,0,0,0,0,0,3,1,0,0,0,3,1
85797a247bd297773570bccb56bebbb5a04d2be5,5,0,0,0,0,0,0,0,0,2,1,0,0
85d763ebe1c6ffc93132cc76534275f0a83ae084,0,0,1,1,0,4,2,0,0,0,0,0,0
85ee798545866862397fc57e54a0062c6f1d70a9,0,0,0,1,0,4,0,1,0,0,1,1,0
85f316f1377cffd716b282bbe0779144c89072c0,2,0,0,0,0,0,0,0,4,2,0,0,0
8620c86bfc3f2f87177c563682b0d50c7f83cdb8,0,6,0,0,0,0,0,0,0,0,2,0,0
8624058efc7cecb6b0c6f7044cc62ab7a1a5568a,0,0,0,0,2,1,2,0,0,1,0,1,1
864b4eac613193dae3b19544d9ceed4e87b20ca5,0,0,1,1,0,1,0,2,0,1,1,0,1
8699e81572bba8d8317c237cf08f8a8f17fbc7bf,1,0,0,0,0,0,0,0,6,1,0,0,0
869a5c7187b27ba04c483bc4e1b5fefa7df43967,0,7,0,0,1,0,0,0,0,0,0,0,0
869b4a5b84b1028cdce11eda7233b4b34dd5f410,0,0,2,0,0,0,0,1,0,1,0,1,3
86a410f1d971ce445342e0a36ce8c2a7dfc17182,5,0,0,0,0,0,0,0,2,1,0,0,0
86ba09de74308234fc52cca7cbe926a754c3514e,0,0,0,0,0,1,4,0,0,0,1,1,1
86f2ec9eb3dfea9b09c5a0059880ea1d9a3fa417,0,7,0,1,0,0,0,0,0,0,0,0,0
870f9fa5adea1670e196e79851ba98b2fb6cc341,0,0,0,3,4,0,0,0,0,0,1,0,0
871ebe8bd1aebf26c5d18e167a3f5b145a5bee59,0,3,0,0,5,0,0,0,0,0,0,0,0
8761f99f32730f12ab92f4b4182d35b5516a4180,0,2,0,0,6,0,0,0,0,0,0,0,0
87ba192e71f6d2335c7e541de1c8c3a4f018197f,0,0,0,2,0,3,0,0,3,0,0,0,0
87f085f9a5788d5a5143b34b2efac6348f8b265e,0,0,1,1,0,3,2,1,0,0,0,0,0
87f90403d4e5a13697b4c9ac488f489f7b278456,0,0,0,0,0,0,1,1,1,0,0,2,3
885216f8f448b8fbaf8e73fa12d710d53e5c7b67,0,0,0,0,0,0,3,0,0,2,0,1,2
885c2b564909b09d93aa60360f39a13691029e1e,6,0,0,0,0,0,0,0,0,2,0,0,0
88796d55475f99d3e1dccdaba3738cc11a8d8097,5,0,0,2,0,0,0,0,1,0,0,0,0
888f40eeeb8b328c7cad9cdaf3893befae0bbe09,4,0,0,0,0,0,0,0,0,3,0,0,1
8899de964f0bd6028277a0b3108276dc86b54f97,0,0,0,0,0,2,2,0,0,1,0,2,1
88a147f06a5c97a98204e76427814beed1dd711f,0,0,0,0,0,3,1,0,0,1,1,0,2
88a911ee3ec0b0643344b37e298eae7e953c7b93,3,0,0,0,0,0,0,0,1,3,1,0,0
88bd03b1a86126268daa53c9a86a8078fbeff960,0,0,0,1,0,1,1,2,2,0,0,0,1
88e712e63539f1ed944df573032635da2b31523b,0,0,0,0,2,0,2,1,0,0,0,1,2
88e72cf691cb36463dd6293e7b3b6d43acbc7f05,0,0,0,0,0,4,2,0,0,0,0,0,2
88fc5e118a5f3b4287c67ea461e18ee5516c8d54,0,5,0,0,3,0,0,0,0,0,0,0,0
891f5e619a8857c51c30fd414b733aae39a574d9,0,0,0,0,0,4,2,0,0,1,0,1,0
892a275bc444629a6d399f4c1dc1aa16ecf45e45,0,0,0,0,0,0,4,0,0,0,0,0,4
8a4921c01d9d5f7ca3a0efda5eb727db54a80769,0,0,0,0,0,0,3,0,1,2,0,1,1
8a59eb4135e885898672ee08176606c8bbc659b1,0,0,0,1,0,0,1,1,1,0,2,2,0
8b056727bcd0e7870c175f6050b2eb8dd301a2e9,0,0,0,3,0,0,4,1,0,0,0,0,0
8b1a55a8303575ce4dca1718c9da2358c28f034d,0,2,0,0,4,0,0,0,0,1,1,0,0
8b5a55757f7aea9669e34bedf0ea4153ddbffe44,4,0,0,0,0,0,0,0,0,4,0,0,0
8ba05fe8f313f4a0d688e91c955e76ac13f6a017,0,0,1,0,0,2,2,1,0,2,0,0,0
8c866ef176ea2716650c15daa5af94a134a41d92,0,0,0,0,0,2,1,3,0,1,1,0,0
8cc8c6bb4c508e412346aecfa6d3e4afe8ad14d5,6,0,0,0,0,0,0,0,1,1,0,0,0
8cf5fdde56289d71989e6e3c795419a58882d2e6,0,4,0,1,3,0,0,0,0,0,0,0,0
8d5771956cfe3aab25a3bc9b269973477dfcc350,0,0,1,2,1,1,1,2,0,0,0,0,0
8d5961da016e2104e0fcc57fb1260a4e8f6be389,0,0,0,0,0,0,2,0,0,1,0,2,3
8d61b31c1e09fde73cd1e13b13c6a656004562d9,0,0,0,0,2,0,0,1,2,2,0,0,1
8d69d366e8bbdbdf2fb355cb7a5552cea964517d,0,3,0,1,3,0,0,0,0,1,0,0,0
8da9737c2ca96fedafefbd05c27604030ab9f897,0,0,0,0,0,0,1,0,0,1,1,3,2
8dc7f923f533f62aecc87c109c13c946f5abaafa,0,0,0,2,0,1,2,0,0,1,0,1,1
8e3948067c661f849e235b6b14816a971ef9895f,0,4,0,0,1,0,0,0,1,1,1,0,0
8ea9f9d4ca3d69357b55f77ac7d45e76a590e235,0,0,1,0,0,2,0,2,0,0,2,1,0
8eb3797e37bb304daa935f7745382905a26d2bbd,0,0,0,0,1,0,3,1,0,2,0,0,1
8f69e0334f853b589218797b5ec8accb56fdc9bb,0,0,0,0,0,1,2,1,1,0,0,3,0
8f7810e1567731abcbafb6be50537af1fbc66599,0,1,0,2,2,0,0,0,0,1,0,0,2
8fbde5013515e8342bf21c8408214206d6e582ce,0,3,0,0,4,0,0,0,0,0,0,0,1
8fc63c7e714c5985dfc86bc0efac4d1c8fde06ea,0,3,0,1,4,0,0,0,0,0,0,0,0
9051dd4b87a05ed7770d657153f1ba38f6f59835,6,0,0,0,0,0,0,0,1,1,0,0,0
90916a53f0875c42d53e7e0d1edc8c1a0cc259c4,0,1,0,0,3,0,0,0,0,0,3,0,1
90994f6083fbae776ff7a5e9e7bf717243ba44e2,0,0,0,0,2,0,0,0,4,0,1,1,0
90c318db6f9925a5e778b34b153580979ff500ea,0,0,3,0,0,0,1,4,0,0,0,0,0
90dbcd040bb81ffa17802dbd768ef2c173ffe717,0,0,0,0,0,0,0,1,1,1,1,3,1
9107f141db4c32e97c65cfe1211ebc5cc91f8d36,0,0,0,3,4,0,0,0,0,0,1,0,0
91190aa97f27314524e2a04892860fa06f65a70f,7,0,0,0,0,0,0,0,0,0,0,0,1
912b11aed560d0e86d0a89895b6339d892513ebe,0,0,0,0,1,0,1,0,2,1,0,3,0
9155d614a34311b2b930239df2e800592860e8a2,0,0,0,0,1,0,4,0,0,0,1,2,0
919bb0086107d089d5f706a30da74f3770fa9730,0,0,0,0,0,4,3,1,0,0,0,0,0
91d8b4e93b9a41025d4e8703c9bdc241ac0d12db,0,0,0,0,0,2,3,0,0,1,0,1,1
91e51230f7013e8756e46325f4344265a1d0f4e0,0,0,0,0,0,1,0,1,0,2,2,1,1
91eeb178dc835fe8bd0ed3a865f8061f67f447f6,7,0,0,0,0,0,0,0,0,1,0,0,0
91f3881bd40676dad24528baf789f9c749fad2c6,0,1,0,2,5,0,0,0,0,0,0,0,0
925b6062825cba7607ddfe500050532f6aa332a2,0,0,0,3,5,0,0,0,0,0,0,0,0
926367012684d3d9bbae0c41bdb5efd6f27cbef6,0,0,0,0,1,0,3,2,0,0,0,2,0
92980894bb4612814a1e4e37ac507014db1f1f10,0,6,0,0,1,0,0,0,0,0,1,0,0
929909b539aa26efda38d6b36ee7574feb1d3758,0,1,0,2,4,0,0,0,0,1,0,0,0
92a0dcca8af56a49b035ac14d588ff803738cb22,2,0,0,0,0,0,0,0,1,4,1,0,0
930862faa0f1b845037bae5f4a36f536d0631bdc,0,8,0,0,0,0,0,0,0,0,0,0,0
931dbb3b67803aff203b2d815aa77ad847c32f58,6,0,0,0,0,0,0,0,2,0,0,0,0
93364eb7b392f9ba9732903cfa518f50d65caaaf,0,5,0,1,0,1,0,0,0,0,0,0,1
93c2cc2313b69ae5549ca1e36f78258160b55d60,0,0,0,1,0,4,0,1,0,1,0,0,1
93cf916a9cc0faf4b3aebed9384aa5f9feda0004,0,0,0,0,0,0,5,1,0,0,0,1,1
9453651d3a5dd17daa9c388510202d5426c92813,0,0,0,0,0,2,2,0,0,3,0,1,0
946ce551903feb40d362f4f0e0c2421460cdfbb9,0,0,0,0,0,0,0,0,3,1,1,3,0
9491558a60636cdc3379acbcfbde91c5a4d7ce0f,0,0,2,1,0,2,3,0,0,0,0,0,0
9498743be00a4b3f32c6683edea6f1ae530e116e,0,0,0,0,0,2,2,0,0,0,2,2,0
94dad395550780d5e1b45087d3409800760fa92e,0,0,0,0,0,0,1,1,0,2,0,1,3
9510b9d983e73a720e933dbcd82154a9dacbb522,0,0,0,1,1,0,4,0,0,1,0,0,1
955f64f6356e5c0aafd3be5c3512cfaaa26a3ef3,0,0,0,2,0,3,1,1,1,0,0,0,0
95c6334c781e5b600fbe6dcddf6ab1a9baa8b7d5,0,0,0,0,0,4,0,0,0,3,1,0,0
95c9935adeb233a9d27f75856a0015aafc2bda59,5,0,0,0,0,0,0,0,1,2,0,0,0
95d83fdb7d7157095a0be99b18ed6632ebb5d312,0,2,0,3,3,0,0,0,0,0,0,0,0
95e9859d5409ba8715a20b8fd0d768780dbee96c,0,0,0,0,0,3,1,2,1,1,0,0,0
960af4c6c482c5f69f77c34417d4d7f76205ff37,0,0,2,0,0,2,1,1,0,1,0,1,0
965ba0937166923f55d28705d1bcdbcac5629ad5,5,0,0,0,0,0,0,0,1,2,0,0,0
968e7e264f63f7b99cb34f816b8276baa7bb1da6,0,0,0,0,0,1,2,2,0,0,0,3,0
969173be621650882fc8f3f5067560e4831aaeca,0,4,0,0,2,0,0,0,0,0,0,2,0
969845be36110c07d310b3c75a622b451f28ebfa,2,0,0,0,0,3,0,0,1,1,0,0,1
96e6d6090a9737d0891f3c94a07223453877678d,0,0,0,0,1,1,1,2,0,1,0,2,0
96f86263d674a595be9e48634ae2e4437fabd3fd,0,0,1,0,0,0,1,0,1,0,0,0,5
9719817d27b62ed4439506fcc47c9c5f7390669a,0,0,0,1,0,0,0,0,0,1,0,5,1
97845fbe58ede985bbc606647779ae12f411619d,0,6,0,0,0,0,0,0,0,0,0,0,2
97e0958bd30d4a0828ee730064affca29e1c80f5,5,0,0,0,0,0,1,0,0,2,0,0,0
9818bbfdacae690903f4501a82819fbc50ea19df,0,0,1,0,0,1,1,0,2,0,1,2,0
98b11645b07daeb39e4b887fb5c2552e99259a8b,0,0,0,0,0,3,3,0,0,0,2,0,0
98eea163195c88d14267f34b00bea1bfb854a73f,0,7,0,0,0,0,0,0,0,0,0,0,1
98ffc1ff8a2c2188a2e551c598a2d7e0d72d5940,4,0,0,0,0,0,0,0,0,4,0,0,0
99112bbeb73b0f88d53c6f9498534f3035497edb,0,0,0,0,1,0,3,1,0,1,0,1,1
998dec040e87f6effe1feacd1fbb4eb61190caca,0,1,0,4,3,0,0,0,0,0,0,0,0
999ea75de0c13684dd960e03e058befef9987352,0,0,0,3,5,0,0,0,0,0,0,0,0
99d7363e0c0e41de5fa9b16b00cd3d2bbfa56a0d,0,6,0,0,0,1,0,0,0,0,1,0,0
99da69ede080878c5e9adf97aac258af918b2d97,0,0,0,0,0,2,6,0,0,0,0,0,0
99f99da2845b48a33c0427786e337381a310084d,0,0,0,1,0,0,1,0,2,0,0,2,2
9a1828c3db84285c519851ab08e823d84af5aa83,0,0,0,3,0,0,1,0,1,0,0,2,1
9a212bd735ed030bc5eccfe7f98f0ba75c1d48a5,0,0,0,0,0,1,4,0,1,0,0,0,2
9acc19746342f0933fc565b4c8d890ad085cebd8,0,0,4,1,0,0,1,1,0,0,0,1,0
9adaeaf67abfe71385939067d7665705fe25ca92,0,1,0,4,1,0,0,0,0,1,0,0,1
9b03aeb5bc14717cc79047f7c0be657c4dec3e5b,0,4,0,0,2,0,0,0,0,0,2,0,0
9b21e643b790a7a32b9d62ec77f133a8edebeeeb,0,0,0,0,1,0,2,2,0,1,1,1,0
9b40123a3d15bec5c44694092ed4fac6539f5ac7,0,0,0,0,0,0,1,1,2,1,0,2,1
9c02f0ae74d0443971d2907b7fec0868b7e0c497,0,6,0,0,0,0,0,0,0,0,2,0,0
9c0b09bb58bea57d47adba2ea786e40e024dde0b,0,0,0,0,0,2,4,0,0,1,0,1,0
9c1e819b7263a32b28761cb793e9b347f11a68f2,3,0,0,0,0,0,0,0,0,5,0,0,0
9c4406b80d73e9484b98bb035fc7be0615253e84,0,0,0,2,1,0,1,0,1,0,1,0,2
9d674300da1e88512e974ec7497902465815370f,6,0,0,0,0,0,0,0,1,1,0,0,0
9d6a74676b19748b38d54e7c5b46da6a7a676731,0,0,0,1,0,0,3,1,1,0,1,0,1
9da0af61dddc0471b8734ec24eef638e4450052e,5,0,0,0,2,0,0,0,0,1,0,0,0
9dbdf8168b05bbbf5dcca1da38cd57622cc098dd,1,0,0,1,0,0,0,0,1,5,0,0,0
9dc34c88c64dd4b118c6f3a60d0a50e8f88ab452,2,0,0,0,0,0,0,0,0,6,0,0,0
9dc4568987c8ab21a1ce6f56fcd71df8d715abf8,4,0,0,0,1,0,0,0,0,3,0,0,0
9e2758b1e04688c12f463b86f7316da5adffbac6,0,0,0,0,1,2,1,0,1,1,0,0,2
9e31f11640c3fb907778d69e19dca6ab67bbdb81,0,1,0,1,6,0,0,0,0,0,0,0,0
9eb708a52528a0f8179fe6b215d4bf4b19ad2161,0,0,0,0,1,1,0,1,0,2,0,1,2
9ebeb04f96e55e8cb85d7869457fc8f9389a13aa,0,2,0,2,3,0,0,0,0,1,0,0,0
9ee9d9b23d7eb6709f41e845d7f8751a1cc9f78b,0,3,0,1,4,0,0,0,0,0,0,0,0
9eec2a995f262e07e4b343945941d1136850eb5b,0,0,1,0,0,1,1,1,3,0,1,0,0
9f26fa11b737eb3e59a712078d200f49b9bcf30e,0,1,0,1,3,0,0,0,0,0,2,0,1
9f4ff5fdee09c37c7f25b2564fb7ee23a2a49192,0,0,0,0,1,1,1,2,0,1,1,1,0
9f82723e26e2d25f92ea3ed3eab56017349d1116,0,2,0,1,3,0,0,0,0,0,0,0,2
9f9f19e69ace10885492f2d18b32f9684a044831,0,1,0,3,4,0,0,0,0,0,0,0,0
9fcac6b77469142c5014c89bdf99b105386d7732,0,0,0,0,0,0,0,1,0,1,0,2,4
a02e38a3b9f2da78961d3dc679aba81112c8756f,0,0,0,4,4,0,0,0,0,0,0,0,0
a02fa3a9469b340e34fd1ca843864ff8739eb6bb,0,0,1,0,0,0,4,2,0,0,0,1,0
a060944d03f148a07d85bd464b8e3742d2da1b86,0,0,0,4,3,0,0,0,0,0,1,0,0
a0c43ad92c01dfb047ce64663fb173385b644772,0,7,0,0,0,0,1,0,0,0,0,0,0
a0dc4015778b7a7a908ee9adec6d90eef32be53b,0,2,0,3,3,0,0,0,0,0,0,0,0
a12df5bd16a991ecf28a00f99a6c550111a55532,0,0,2,1,0,0,1,0,0,4,0,0,0
a131115e5eca92d1df4bb14c1c49d386f2d5f45d,0,5,0,1,1,0,0,0,0,0,0,0,1
a142624e40aeae2250832b8d8c5ee53126b97ee3,3,0,0,0,0,0,2,0,0,0,0,3,0
a1927462c29a8df14dbe43ae2bc127be6e1d28b6,6,0,0,0,0,0,0,0,0,2,0,0,0
a1a85ee8299aee50045be0544273ebfcfad60d1c,5,0,0,0,0,0,0,0,2,1,0,0,0
a1b77aca712745d3b8fd79e5f5031c485eba86c0,0,0,0,2,4,0,0,0,0,2,0,0,0
a1cd6d2b9cf13b2d3d21306a89ef922b3b67aed2,0,6,0,0,0,0,0,0,0,2,0,0,0
a20515b66ee4e5a46a6e56ce6bc2a5804970cb37,0,0,0,0,0,0,7,0,0,1,0,0,0
a2122b86ed94e0d4809d175187eecbddfb21a6a6,0,7,0,0,0,0,0,0,0,0,1,0,0
a22d357df5ab6429dfa50850c81878b543c79d32,0,7,0,0,0,0,0,0,0,1,0,0,0
a24605c3112cf2bacca35ee88716a481a12a9f8e,0,0,0,0,0,0,3,1,0,0,0,4,0
a28246d5e30eaf43c49dda6310fc6285789a2fcd,5,0,0,0,0,0,0,0,3,0,0,0,0
a2e822e95c00ff7a2cb93e9161a95ce63794f085,0,0,0,1,0,0,2,1,0,0,2,2,0
a346d6948b93808b23aa867d814f2d0a81530f29,0,0,1,0,0,3,2,0,0,1,1,0,0
a347844f2c087b20aab760877ea7b99ace4cc54b,0,0,0,0,0,0,3,3,0,0,0,0,2
a38e4b930acc56f244b8a193655f9d91e7b64fd9,0,0,2,1,0,0,0,2,0,1,0,0,2
a394f357b8a894fefa25efbfb6a7365d5e00f1ef,0,0,0,0,0,1,1,0,0,3,0,0,3
a39e6e4d367e27f642e9cdd7c6909e09346220ac,0,0,0,0,0,0,4,0,0,0,0,1,3
a3d7e3b3fd79d8c22d2636e6beeeb4c7ce726020,0,0,0,0,0,2,1,0,0,1,0,2,2
a3e9c963f9da8b963a7e7a94fde2dfa18c369c49,0,2,0,4,1,0,0,0,1,0,0,0,0
a42249299fa2404fa2e3d2bb5ac152ff8417f2cb,5,0,0,0,0,0,0,0,3,0,0,0,0
a48d82c41cedbdb134313682853c948ebe8a0f8d,0,6,0,0,0,0,0,0,0,0,2,0,0
a4b1b296859334daa7a73cc91adcfa0aa6d6beeb,0,0,1,3,0,2,0,1,0,0,0,0,1
a4e8b7842a36edb5912e3c4bdc94bccedf488e47,0,0,0,0,0,1,2,0,0,1,1,0,3
a53005033d7f6a798a4dc63b27d118e0c3ccf920,5,0,0,0,0,0,0,0,1,2,0,0,0
a56976f36a13530df20a3d08c21e400583c4ccd2,0,0,0,0,2,2,2,0,0,1,0,1,0
a5862224a818a53c7d5d33df6d4a7a6053cd2cb5,0,0,0,1,0,1,4,2,0,0,0,0,0
a5eb68ea84603106f2e04fa701029bb9ec7a4df4,0,0,0,0,0,1,3,1,0,0,0,3,0
a617a72f0c4c3383e8b1b951ca18f10a30fe94b4,0,1,0,1,2,0,0,0,0,2,2,0,0
a63d924b2e757869a10636c4a0e06a1907e35e30,0,0,0,0,0,0,1,0,4,0,0,2,1
a644b8ad08591b723d58ae90edb41992c69ddac2,2,0,0,0,0,0,0,0,3,3,0,0,0
a67cecaecffd884316fe300bccecb40fe436af5f,0,0,0,0,0,1,0,4,3,0,0,0,0
a67f70466dd80f83df794737dda6fd5e53ebe546,0,0,0,1,0,2,0,1,0,2,0,0,2
a681063cc815cd86b3e4371cd3294fffbb9be9ad,7,0,0,0,0,0,0,0,0,1,0,0,0
a6ac069d16a66ffb33d3a1113a7d52ffd4ca5278,0,0,0,1,0,0,2,0,1,0,0,4,0
a6b14c5df7ab819165ce87bd36d32ab939af2979,0,1,0,1,2,0,0,0,0,1,3,0,0
a6cae62f09067c12fceb0ef5f6ced277ae3ff891,0,1,0,1,5,0,0,0,0,0,0,0,1
a6ce6a83235d246f6f9596a7596dd71872bbe956,0,7,0,1,0,0,0,0,0,0,0,0,0
a6f3c37ff97feca7ac19995f659cd23d36e69957,0,3,0,0,4,0,0,0,0,1,0,0,0
a7209887f771e6fd319347b27bbf071b3b972c85,0,2,0,2,3,0,0,0,0,0,0,0,1
a7319976a70312fa4abf67b99b7b483e80795d42,0,0,0,1,2,1,1,1,1,0,0,1,0
a768ed2cf5e023f74e91f15450c5fe1b14e6f8bc,0,0,0,0,0,3,1,0,0,3,0,0,1
a79ca756019288aac46ca928e50e196c6b8b26bd,0,7,0,1,0,0,0,0,0,0,0,0,0
a7d9203d26678c5c44f34fa7109e64f97c1cb62f,0,8,0,0,0,0,0,0,0,0,0,0,0
a7f1b577f80160b7a830560fa5b357bd32ec03f4,2,0,0,0,0,0,0,0,2,4,0,0,0
a856fb25ee75352915322e70d786990642cb845f,0,0,0,0,0,0,2,1,1,1,1,2,0
a87e7eb3a97abed9e89521030f926d1b9d5b94d8,0,0,0,1,0,0,2,0,0,2,2,1,0
a8814637fd187adec5ce300bd089426773b7a8f1,5,0,0,0,0,0,0,0,2,1,0,0,0
a8927673c8fc642df1707fe16a484616a0f7754a,0,0,0,1,2,0,1,2,0,0,0,2,0
a8cfababe49242a8d4edbce7dbcf5c96c4d86c26,0,0,0,1,0,0,4,0,0,1,0,2,0
a929f96e1fbece7b4d7ce91bed053ba116d94d64,0,0,0,2,0,0,2,1,0,0,0,0,3
a9428461435e3dc8cee37b86833f0ba757f02b6c,0,1,0,6,1,0,0,0,0,0,0,0,0
a96ee67676b528b40f675b1f1d88f52881d17a16,0,7,0,1,0,0,0,0,0,0,0,0,0
a97098a43f89dfc5cecade29ea7e6970576f4ae2,0,0,0,3,4,0,0,0,0,0,0,0,1
a9a4e6347ef0c20dc7ebd5884e3af97a57a3dea2,0,0,0,0,2,0,2,1,0,0,0,0,3
aa2b69bc1aa4cacdaf4e043d0e1929a12a20c629,0,0,0,0,1,1,0,0,0,3,0,1,2
aa3d9441c68c3b0c8be73e477a8039a05c1c3c11,0,0,0,0,0,4,2,0,0,0,0,2,0
aa4d4e3ae7533fa37d3067ebd1435ecbff4c24d2,0,0,0,0,1,1,1,2,0,1,0,1,1
aa7b2aeb0609054aca47861e645ba37b93967781,0,0,0,1,1,2,1,1,1,0,0,0,1
aaab17ad53b45d5f1b3f45a369ec6841163139df,0,0,0,0,0,0,0,0,0,0,0,3,5
ab1d729a9773ca71ffed9467aa746d64c0f00c65,0,2,0,3,3,0,0,0,0,0,0,0,0
ab6322b8cd730f63a666c123ccc736f72591c96b,0,0,0,0,1,2,1,1,1,0,0,1,1
abb28e043c69362f6bf669cfa061ffa225826e73,0,0,0,0,0,1,1,2,0,1,3,0,0
abb4ca34dc8f24abe1ded0b8f2419bfc2b4b4110,0,7,0,1,0,0,0,0,0,0,0,0,0
abe8bd1720c5788d0df540e515a2c3c5ee517527,2,0,0,0,0,0,0,0,1,3,0,0,2
abf656f7b71f5924e8b1d9846bd984f13c9a1fc5,4,0,0,0,0,0,0,0,2,2,0,0,0
ac06a0429a6d1adba5ef2eafcf11f7d2af1cb551,0,0,0,0,0,4,3,0,0,0,0,0,1
acae22d3d8f315ed42b21912fad458c0130c1772,5,0,0,0,0,0,0,0,0,3,0,0,0
ace46229d0458898f597d838edb5ff69c9283018,7,0,0,0,0,0,0,0,0,1,0,0,0
ad0bca4f2d02fda7e223700b404cc9c06aec5c48,0,6,0,0,1,0,0,0,0,0,0,0,1
ad625dae5bc62b4b4e09cc8d0e7366df4379f0cd,0,0,0,0,0,0,2,0,4,1,0,0,1
ad69bcc73a8dbf75697702ee3d55e0d5d41f89fb,3,0,0,0,0,0,0,0,2,3,0,0,0
ad72f78e8cefaef844c9a4e48e7885c65cb8c7e6,0,0,0,2,0,1,4,1,0,0,0,0,0
adee3e2bdc346591e4f2b6c7c546f027ff5cf43e,0,0,1,0,1,0,1,1,2,0,1,0,1
ae014ccea53c9b993b295df5138a7b65f779a69c,0,0,0,0,0,3,2,1,0,1,0,1,0
ae3cb6cddb2bfda591513c76b2112e56407485c3,5,0,0,0,0,0,0,0,0,3,0,0,0
ae4f09d9af2404eaa14c6bc3bea2aa437cddc13b,0,0,0,0,0,2,2,2,0,0,0,2,0
aea1504420c6e2e83d285c0898018f69d48702dd,0,0,0,2,5,0,0,0,0,0,1,0,0
af2878c8958916ebfc03f0807ac1c4395c975b9d,0,0,0,0,0,4,2,1,0,1,0,0,0
af2a0f986235221d3784af955ccccc8153cfa1a8,0,1,0,3,4,0,0,0,0,0,0,0,0
b0741fc09a013e9b1972814d9e065ac241e5f053,3,0,0,0,0,0,0,0,0,5,0,0,0
b07bf15f799f57907dd446d92d422e17bd2fec7c,5,0,0,0,0,0,0,0,0,3,0,0,0
b098eda33fcd4c87d866300efed590eb4a4deecc,1,0,0,0,1,0,3,0,1,1,0,1,0
b0f64980b56f12f3042d566c5b505c9810a66f8b,0,0,0,4,3,0,0,0,0,1,0,0,0
b0fb4ec6a6c99b599cdc4f9a2578dda472e276b2,0,0,1,0,0,5,0,1,1,0,0,0,0
b12cf4a61a1302b5d9f8e1bc3ca0cb6d33645585,0,7,0,0,0,0,0,0,0,0,1,0,0
b15f99dda3469abe9e3087b6445f7c2c730f4df0,0,0,1,0,1,0,1,1,1,1,0,2,0
b16eb8803194881f735e6d96d11bb22c73cd3a0c,0,0,0,0,0,3,3,0,0,0,0,0,2
b1a972e3be1a7300f3ee3adf39ced6359193f05e,0,0,0,0,0,0,4,0,1,0,1,2,0
b1d974b76fec6a13c5d382608797ca960cef3d4c,0,0,0,0,0,1,0,3,1,0,1,0,2
b1e47ba848822aeccbb304bb1af123ec93933ed2,5,0,0,0,0,0,0,0,0,2,0,0,1
b1eb4c75e635a4f046b878691d36bd2e0d3be3c5,0,2,0,3,2,0,0,0,1,0,0,0,0
b24ad9a6442b80548c9cd7eed56eb970d7215975,0,0,0,0,0,0,1,0,1,0,0,3,3
b2b005c849cbc724a987a66f96a3de828f5d780c,0,1,0,0,6,0,0,0,0,1,0,0,0
b2b1a0f9ec3abd6a9b227ce1510ef2f60de394f8,0,6,0,0,1,0,0,0,1,0,0,0,0
b378cab7b21ba3f2a4f3992acb73be93185596e3,0,0,0,1,0,1,1,0,3,0,0,0,2
b3d27244c7c2c3f1f8f6e86e27af4d752557d0ac,0,0,0,0,0,0,3,1,0,0,0,4,0
b3db2310a95e8667902eee02aff84f3f6687864d,8,0,0,0,0,0,0,0,0,0,0,0,0
b409e3726e7bff6405522b0a80e89904fd4217b6,0,0,0,1,0,0,2,2,2,0,0,1,0
b42a1f9dc6ab935f84c407a9ac50086d7d282591,7,0,0,0,0,0,0,0,0,1,0,0,0
b47c7ec50cb4359e439376003d17f07969e8f9ef,8,0,0,0,0,0,0,0,0,0,0,0,0
b48cecfc32b85aab011002cdab14fb2ea72e6c3e,4,0,0,0,0,0,0,0,0,4,0,0,0
b4b1631ff1cf761f501cc10971b33d4ec712c3ff,0,0,2,0,0,1,2,3,0,0,0,0,0
b5062994ae84c767c4a16ddd5c60c2424f1e58e4,0,0,0,1,1,1,2,0,0,0,2,0,1
b50f514f3c03ccf73744cb97897eb2e98935f2a1,0,0,1,2,1,0,0,1,0,2,0,0,1
b55b5ecb9adf34f1cf6f988036823e3445e50a62,4,0,0,0,0,0,0,0,1,3,0,0,0
b57fdc4d309e7f41abebb8a3902f3a3c54d09bc7,4,0,0,0,0,0,1,0,1,2,0,0,0
b58ab34abdb04fda4d4d0e677e1fea717a496c91,2,0,0,0,0,3,2,0,0,0,0,1,0
b5ee146770ce92a1b12a608866416b695fbb5454,5,0,0,0,0,0,0,0,2,0,0,0,1
b5f788df5336eb992392e7e51e9896dcfaba0114,0,1,0,4,1,0,0,0,0,0,1,0,1
b601cee2282188e6fffd9428c0ab4be97ea68ebc,7,0,0,0,0,0,0,0,0,1,0,0,0
b63c1db7c37c34bacf3e2edd28f157c26bb11d4a,0,1,0,0,4,0,0,0,0,0,0,0,3
b6405d0ccef72e42cc770f91bd9a4737b9a81fc0,5,0,0,0,0,0,0,0,0,3,0,0,0
b7d3233b40d15fb38d3bd726ecbaa39519208f1d,0,0,0,0,0,1,1,1,0,1,1,3,0
b7ecb5a472ebb97e486084835970dd8aebec3c0f,0,0,0,0,0,4,0,1,0,1,2,0,0
b7f7e99475548c1816a5b158b17b3a5f241103d6,0,1,0,4,2,0,0,0,1,0,0,0,0
b80659a31e832e09a3d1e6cf488cd45066fcba44,0,3,0,3,2,0,0,0,0,0,0,0,0
b81224543f0acfca9ee7cf0891ae8b606373b769,0,0,0,0,1,0,0,1,0,3,0,1,2
b8409dbe158ed25a643f148b559e776e8b8a5c0f,0,0,0,0,0,3,1,0,1,0,0,3,0
b86de5d97f53d293b2316de6b343a9db415fe09a,0,0,0,0,0,1,4,1,0,0,1,1,0
b87b8987599ca4c7f53cb42a912ac4ba33788160,0,0,0,4,4,0,0,0,0,0,0,0,0
b89f0af6122176e24b733066945497aa26ccc5c6,0,0,0,1,0,2,3,0,0,0,1,0,1
b8a6291c54e0004832f3de303ae4f634c3b90afb,4,0,0,0,0,0,0,0,0,4,0,0,0
b8c93b3388d4de6de9a8b89a93c3dca9fe09928e,0,0,0,1,0,3,0,2,2,0,0,0,0
b90d4ce1f72a0628a1d94fd64c6e5d0f408ac17f,1,0,0,0,0,0,2,3,0,0,1,0,1
b97267d5a45648796e4ece7b364435e3543381a5,0,0,0,0,0,0,0,0,1,0,1,1,5
b98891ecbd2cc3fe8ce9459b4538df996c5c91de,0,0,0,1,0,1,2,0,0,1,0,1,2
ba009e5d27920120d7d83573ab8a6a254695d233,0,0,1,0,0,0,3,3,1,0,0,0,0
ba16495cff65db03a07b244246b49e7018069e48,4,0,0,0,0,0,0,0,3,1,0,0,0
ba8e935b06df72b36f6b9069d9a75683367ef3b9,7,0,0,0,0,0,0,0,1,0,0,0,0
bae2439eaee846827d75c04f2506953f4a5f7d1d,0,0,0,0,0,0,4,0,0,1,0,2,1
bae9a3631a7b9857252ba55cbe5b49150e4cd434,0,0,0,0,0,0,1,0,0,0,3,3,1
bb147a314d31bff5f86a79afe81a4b6ac03a5a60,0,0,3,1,0,2,0,1,0,0,0,1,0
bb43b99232c785e9e6c423a3275ad62f619b12af,0,0,0,0,0,1,5,2,0,0,0,0,0
bb99a59e36f443834794bad572e74cb0642bf6b1,0,5,0,0,3,0,0,0,0,0,0,0,0
bbd135524d2650cd49f5120659c1e719a0919087,0,3,0,0,5,0,0,0,0,0,0,0,0
bbddf7164ff19b8ac66ea898873a0f2c67f52f64,0,2,0,5,1,0,0,0,0,0,0,0,0
bbfe05ab41dfc82169c78198fb1395e9f352c9cf,0,0,0,0,0,1,2,0,1,0,0,2,2
bbff5e85b71f7c62386b71b5c24bae74c43a3287,7,0,0,0,0,0,0,0,1,0,0,0,0
bc035bf3d34acb60373ad684a692f7a5fcaed5aa,0,2,0,2,4,0,0,0,0,0,0,0,0
bc1b7a3d264728ce5c034b7202156839f68a3fba,1,0,0,0,0,1,2,1,0,1,2,0,0
bc1f6c47012e77bfe46fa11c3e2dce3654c9384d,0,5,0,0,3,0,0,0,0,0,0,0,0
bc2e7acae50fd0216e0ef3ff3bcb2bf339a7558e,0,0,0,0,0,0,2,0,0,0,0,4,2
bc686e7e8218fc25448537e158aa76f52db4bcf5,0,0,0,0,1,2,2,0,0,1,0,1,1
bc70059c99d722d1e1fec11abb2bb994a51bef06,5,0,0,0,0,0,0,0,1,2,0,0,0
bc7c4ab3fc9b845deefe609063a3a868daea907a,0,8,0,0,0,0,0,0,0,0,0,0,0
bc99c03c555d7682a78a5b66e456f86d5395b28e,0,1,0,7,0,0,0,0,0,0,0,0,0
bcabc127db2f9362c015f55a41594576d29f69a0,7,0,0,0,0,0,0,0,0,1,0,0,0
bcf1131c0f2c3f3a5408d853c9ebe2cb4a93a0e4,0,0,1,0,1,4,0,2,0,0,0,0,0
bcf2bd376810ee71de7072d0361fecc3f9d5911a,0,0,0,0,0,1,3,0,0,0,2,1,1
bd3c43b6f6afd064337b3654cfcf80fc782ce616,0,1,0,2,5,0,0,0,0,0,0,0,0
bd5784121dece8d063fa7b9222aea82bdef83a1a,0,0,0,3,0,0,4,1,0,0,0,0,0
bdc0b17107aa83c47da2b6d8ee1c5c5cf9c411d9,0,0,0,0,0,3,1,0,0,3,0,1,0
bdd085b705822bf261ccc1397272fd27404dd183,0,0,0,0,0,1,3,0,0,0,0,1,3
bdd08de195adc12ce10cf10a2efa713b74bcacd3,0,2,0,2,2,0,0,0,0,1,0,0,1
be29fd24c0d4214185ea9336df2a4054babc3c1e,0,0,0,0,0,2,0,0,1,0,2,3,0
beaf989f0dca05164b6f7e88b1374dbef327c2a5,0,0,0,0,0,6,0,0,1,0,0,0,1
bee200cffa253559595727b0b505f4ee06bd2942,0,1,0,0,6,0,0,0,0,0,1,0,0
c049a63ca26bb339091962e5c1ca6738fba56882,0,0,0,0,0,1,3,3,0,0,0,0,1
c072bbe3c779de01053f90d0d17b98cd001ae2ad,7,0,0,0,0,0,0,0,0,0,0,0,1
c0d11d414822f689cbbabd43368c3832c46189a1,0,6,0,2,0,0,0,0,0,0,0,0,0
c0daed6c9c898a4763a5b9932e401dfee57f614b,0,0,0,2,0,1,1,3,1,0,0,0,0
c109a41389b57d931183de261a12a90a018a6925,0,0,0,0,0,1,0,1,0,1,1,2,2
c12853331fb1b5faf73f9bf96d915c738fdc6cd4,0,0,1,0,0,2,0,1,1,0,3,0,0
c1c6f04fc6f6a95774ce68dc853fc1302facdb3b,0,0,0,0,0,3,1,0,0,0,0,3,1
c1ea29e8ff9c2e84bec30cb98e80f008d75f33a6,0,0,0,0,0,4,0,0,0,0,1,2,1
c20690f52b05e6745d1d0d7d0ad2528194777225,0,0,0,1,1,0,2,0,0,1,0,1,2
c2147060ca33142385b9468f5c8722e64d9b6063,0,0,0,0,2,0,0,2,0,0,0,2,2
c2d13cbfd4556c85c6abbd890d4ae6d87fad02fd,0,0,0,1,5,0,0,0,0,1,0,0,1
c2ed43399496337baf9ea7888917692a75a59775,0,0,2,1,0,0,1,3,0,0,0,0,1
c37344c473fc733c1de062599e019dfe71a38277,8,0,0,0,0,0,0,0,0,0,0,0,0
c38ac20ddeeaef99a05c07681e2a0dd35ef2db7b,0,0,0,3,5,0,0,0,0,0,0,0,0
c3c08012e862b10368b3e365a38a5411cfde88ee,0,0,0,0,0,1,0,0,0,2,2,1,2
c3d3bb6fbdd089227ee2b824f2223be65e3ad2e2,5,0,0,0,0,0,0,0,0,3,0,0,0
c3f345c794fab646fe0b1baf3c9b0ee251132545,0,0,0,1,1,1,2,0,0,3,0,0,0
c426bd1f9c9af5c7168ff262840615d35424c115,0,8,0,0,0,0,0,0,0,0,0,0,0
c448869424988e45956739c831766fb074faf7b6,4,0,0,0,0,0,0,0,1,3,0,0,0
c49601f96e898531a5845a879790a4bbf8755460,6,0,0,0,0,0,0,0,1,1,0,0,0
c4b00f0f48f4c76bc5c859925cc15888a570691a,0,0,1,3,0,0,3,0,0,1,0,0,0
c4cf9b8c4721d3707e93f15c4f5aba256d87005d,0,0,0,0,0,2,4,0,0,1,0,1,0
c4d6f02304e43ffee3f00c218bd6c97f29f2d878,3,0,0,0,0,0,0,0,1,3,0,0,1
c4f7c96a18736cdbba6aeb5bec220f6e079d5476,0,0,0,0,0,2,0,1,0,2,0,1,2
c4ff24c14b7cd9a4d9cfe2bf6d3d128798385c10,1,0,0,0,0,6,1,0,0,0,0,0,0
c50edb4754229453bc8846d0e8f24a22b1907c36,4,0,0,0,1,0,0,0,0,3,0,0,0
c54e5f8bf4418a43557405802f954a9adef1b710,0,0,1,0,0,5,1,1,0,0,0,0,0
c574b2b5258626e7edec874c28bae50444862cdc,5,0,0,0,0,0,0,0,1,2,0,0,0
c5876df14e68696f09a82d35b65c651869626b73,0,0,1,1,0,1,0,3,0,2,0,0,0
c5f8361a8c5fe7be44f7a59635cb6a48b34b29d9,0,0,0,0,0,1,2,1,0,1,0,2,1
c612d5a016b86acd8a3a68a455c08cbe116fd1c2,0,0,1,0,0,3,4,0,0,0,0,0,0
c6bef67007bd9b9513cd6fd6b6f7d3201dee05dc,0,8,0,0,0,0,0,0,0,0,0,0,0
c6c3d49c557ad943d7baf145b0efbaf454fea0a5,0,0,0,0,0,2,2,1,0,0,1,1,1
c6dbb660f919e1e86160a87327d9a376d246d2e1,0,3,0,1,1,0,0,0,0,0,0,0,3
c7119221fbfc16931ea7899ec51224d6c128dacf,3,0,0,0,0,0,0,0,3,2,0,0,0
c729888dc67a6c2b36a6254751a39a2bcc85e07e,0,3,0,3,2,0,0,0,0,0,0,0,0
c76a5b7d2383387d48b84b5d7c30753e45481187,0,3,0,1,4,0,0,0,0,0,0,0,0
c76f69ff1e6de1bbb0e84ea6ffda9a519f0cbfb0,0,1,0,0,6,0,0,0,0,0,1,0,0
c779d9afe824570f9a7b60823413ffba3dd551de,5,0,0,0,0,0,0,0,2,1,0,0,0
c810b44f7e8a7ef67b90a0232cebf35be30c9a49,0,1,0,1,5,0,0,0,0,1,0,0,0
c85f0381bb01ec1375bab404bd99f5803a7faa92,6,0,0,0,0,0,0,0,0,2,0,0,0
c898a4e3a09bbacb6cc098feea64fcd2bde305bd,0,0,0,1,0,0,0,2,3,0,0,0,2
c91d5d0e925ae2c41c92edc1d3f1e3f368810cdb,0,0,0,0,0,1,1,0,2,0,0,4,0
c923d9b31a11af7f7ceb8cc2885f273d92c96851,0,0,0,0,0,0,0,0,1,0,3,3,1
c9304df6fa1c11806f89fceb2aa0d7b98d2ecec6,4,0,0,0,0,0,0,0,1,3,0,0,0
c95a216498f8cf4ef2bb93217605570871764a3f,0,0,0,1,0,0,0,1,2,0,2,0,2
c977978bbae64573aa02bdb00b832e64a075b5ab,0,4,0,0,4,0,0,0,0,0,0,0,0
c9829254cbf32d0ea3d22ef2b3acdccde2178a5f,0,2,0,2,3,0,0,0,0,0,0,0,1
c9a0a06d037b16921889ef79368290211645990b,0,1,0,2,5,0,0,0,0,0,0,0,0
c9ad11d44ce0900008e549375714d300965732f6,7,0,0,0,0,0,0,0,0,1,0,0,0
c9b73d29542ff38f8a8dfe9316badc8d69241d21,0,0,0,0,0,1,3,1,0,1,0,1,1
c9fe251b106fcc1050a6c0238c092e87de11b49f,0,3,0,3,1,0,0,0,1,0,0,0,0
ca16b663ed09b1bf3aaf0fc5df227e757ec4c28b,0,0,1,1,0,2,3,0,0,1,0,0,0
ca1fe022e263bd93ea9c4c3e452a9767012376f6,0,0,0,2,0,1,0,1,0,2,0,0,2
ca24c19afeb8e58df027454bdc3fe536e3f85982,6,0,0,0,0,0,0,0,0,2,0,0,0
ca2c727c6ba046392897c62b89c02fba5cf133fe,0,0,0,0,0,2,2,0,0,0,1,1,2
ca33684ad91660d1970db7b8722aee76bbab55d1,3,0,0,0,0,0,0,0,1,4,0,0,0
ca6863b22b03c5f7e6968ccfcc46096b7b4c7da8,0,0,0,0,0,0,1,0,0,0,1,3,3
ca7661c1ee42597c305af91d4e35981c18c298a2,0,2,0,2,3,0,0,0,0,0,1,0,0
cacaddc7762d472cbb63c1f4704a728d8d19ccdc,0,0,1,0,2,0,0,0,0,3,0,1,1
cad912dfa00c7aa91ab3de225a4c0e3c52a4555c,0,0,0,0,0,0,2,0,0,1,2,3,0
cadec562806f78a9487f896ea06765daa50af2be,7,0,0,0,0,0,0,0,0,1,0,0,0
caf1b5863077a3fb6402980d9a2fda8e24519ea4,0,4,0,0,0,1,3,0,0,0,0,0,0
cb348801426b0d0024b97b665d0a390e0fa4e1fa,5,0,0,0,0,0,0,0,2,1,0,0,0
cb3e93f57a2c6ffbb526e2c835ae0af572e90982,0,0,1,1,0,3,1,2,0,0,0,0,0
cb631becbf6473deb7dfe770fb8ebaed33fec3aa,0,3,0,2,1,0,0,0,0,2,0,0,0
cbaa1300a7907908d7fd1b4a7ad9e30af738022a,0,4,0,2,2,0,0,0,0,0,0,0,0
cbb324986ddd74ff83cbdf00c0c9f4628ed58288,0,0,0,0,0,1,3,0,2,0,0,1,1
cbba19f9bb2730810169ccced21f15fb2359ae5b,0,0,1,0,0,5,0,0,0,0,0,2,0
cc48c2d3a722f94c8ba62f16cefdc77cfaed57b7,0,0,1,0,1,4,0,1,0,0,1,0,0
cc66ca1f9f6e2798f3b74b64596c3471cda36e53,0,2,0,2,4,0,0,0,0,0,0,0,0
cc6fb5202a2bdc4ef54eefbec117ccb8f49ba2ac,0,5,0,0,1,0,0,0,1,0,1,0,0
cc7210d5cea1f11e262fb4aec3757ec5330a7ee9,0,0,0,0,0,1,4,0,0,0,0,1,2
cc8bc34300d263ff6a9f37d89f9028516d099def,0,0,0,0,0,3,1,2,1,1,0,0,0
cca617f171e3a5822bc8d032e7c490a159f25457,6,0,0,0,0,0,2,0,0,0,0,0,0
ccf21bf93416e2d2010701063cec6fe0233591a4,3,0,0,0,0,0,0,0,2,3,0,0,0
cd12a317b29c5dcf07a22ef501f5138556174024,3,0,0,0,0,0,0,0,1,3,1,0,0
cd797a8b3a570be2112264932c93c42913d66c15,0,0,1,1,1,1,1,3,0,0,0,0,0
cd7ee87b15fa51e49a91ccb8ebfdfc94634a0826,0,0,0,1,0,0,3,0,0,0,3,0,1
cd8a18b87296b591555881329467710b59a86789,0,0,0,1,0,0,1,0,0,1,0,4,1
cdd9047521ee32d1db2b1e1b66d3235d78e50163,0,2,0,0,4,0,0,0,0,1,1,0,0
cddc5e4e777f8b32623a67e413cb7c0999d6aba7,0,1,0,3,3,0,0,0,1,0,0,0,0
ce1dda02a4274827df19a4d07ce3922e642a68f0,0,0,0,0,0,3,1,2,0,2,0,0,0
ce3561e722c44df1372b2e4c4b3b70f8e0c1e9df,0,1,0,1,3,0,0,0,1,1,1,0,0
ce90a0b4e8ed69b2ad420c1317727f29247f2bb1,0,0,0,2,0,1,1,0,0,0,0,3,1
cef1bd26abc550c438b7af1626e5a135a09a16b1,0,0,0,1,0,0,6,0,0,0,0,0,1
cf21d9b9b8e3dd7eae4d08e1bb7c3e756051b00f,5,0,0,0,0,0,0,0,0,3,0,0,0
cf37ee65964272609f8a368c74f2c3ca42f7fc53,0,0,0,0,0,0,5,1,1,1,0,0,0
cf3a8cc98b5a3a1426de3e0fd4d48ca02d4c8a05,0,0,0,3,0,0,1,1,0,0,0,1,2
cf85fcf9e7c69e8be7e52a5f4cad77944f8daae1,0,0,1,4,0,1,0,0,0,0,0,1,1
cf9cc1447c3670e4b10d225a787c871edbc0af0e,5,0,0,0,0,0,0,0,2,1,0,0,0
cfacd32530aa73044599f90e4e49b3dc286a0a9c,0,0,0,2,0,0,1,0,0,2,1,1,1
d01702017c850e7be832b6b372fa769eeb0c0265,0,0,1,2,0,0,0,0,1,1,0,0,3
d024904f5d985ec34dfaca1237f5789c1208c1db,0,0,0,0,0,1,1,1,0,1,1,1,2
d027ef97e4c07153629e9d6b424b72a6cb5b7f13,0,0,0,1,0,2,1,0,0,1,1,2,0
d0300378c0dc3760092bc05d843721a19a339f87,0,5,0,0,3,0,0,0,0,0,0,0,0
d077972c16c20c4d7822e83f218633a704a6337a,0,3,0,2,3,0,0,0,0,0,0,0,0
d090c05798a0ebe95012b1d9c13efd3672a4d9a5,2,0,0,0,0,0,0,0,0,6,0,0,0
d090fc057334ad7aed30b7b61d86b0f4168fd1ec,0,1,0,1,5,0,0,0,0,0,0,0,1
d092f9f472f4d60cf7e1d27a44ded1a4cb578b9e,0,0,0,0,0,1,2,1,1,0,0,0,3
d0a96ca9641baa7e09dc7bb435b3132a8a24e2c4,0,3,0,0,5,0,0,0,0,0,0,0,0
d1080db36e41f43fd6986334e16e5e09836147b3,0,0,0,0,0,3,0,1,0,0,0,4,0
d1257ee44dd3d767242cf5a028bb04acfebcb51b,6,0,0,0,0,0,0,0,0,2,0,0,0
d17dcde1eedc8b5515fd6ddf728f8b17100dfe66,0,7,0,0,1,0,0,0,0,0,0,0,0
d1c3589f5831678d46ab70c22d44bdc91d9e6046,6,0,0,0,0,0,1,0,1,0,0,0,0
d21a38217241e6ffaa83a3bbbe9f4e2c8d03dcfb,0,0,0,0,0,0,3,1,0,1,0,0,3
d26ceec2b68fe9ef453ed27ff452f52d4a252508,0,2,0,1,5,0,0,0,0,0,0,0,0
d274791595790310662cdd611575d1d23ed8dab3,0,0,0,0,0,0,4,2,1,1,0,0,0
d2d572fedc8dbfdf541678897e9cbec86e43b6f1,0,0,0,0,0,1,1,0,0,0,0,4,2
d2de92317c64d8e5162bb8aa98e90ccb1b66dd3c,0,0,1,0,0,1,1,1,0,1,1,0,2
d303f12c130cdc1586a87fbd2383cb6cb7ebe183,0,0,0,0,0,3,1,0,0,0,1,0,3
d3048353fb2a24dabdbd3595acd1b46ef0d26a86,0,1,0,4,3,0,0,0,0,0,0,0,0
d365b4f3818bff07522ca4b72124820a0a71536b,0,0,0,3,1,0,0,3,0,0,0,0,1
d3b7443847f769d54c9244cc5a185b016c7a3f26,0,0,0,0,0,3,0,2,0,0,1,2,0
d3f5072f51ed1ceb91c518cd679f7d3a5c9d9c41,0,2,0,0,5,0,0,0,0,0,1,0,0
d4078bee57ecf8b3ccff65c0f6c94c21421f484d,0,0,0,0,0,4,3,0,0,0,0,1,0
d41bcf789345f1a8fec3348ddc3ef890d0b25ea4,0,2,0,0,6,0,0,0,0,0,0,0,0
d46a332bb566bb87cf883472413f7cd881b85e26,0,1,0,2,3,0,0,0,0,1,1,0,0
d47557a3a352afaef59090863b419a159b9e3141,5,0,0,0,0,0,0,0,1,2,0,0,0
d4b5441504445f625bd9279159cbee692662e0a4,6,0,0,0,0,0,0,0,0,2,0,0,0
d4c0e338c134963d2435473ca8aae9e1e91356c0,0,0,0,0,1,0,0,0,1,1,2,3,0
d4c21d1c69573af90e260727660e54c2c3ed2174,0,0,1,1,0,0,1,0,0,0,1,2,2
d4cd1c244bfeedfdcd76bd5bc0fc48ee46fa7510,0,0,0,0,0,5,2,1,0,0,0,0,0
d4e37e734b0d9fa78b37377ee820f6a7c5321278,0,0,0,4,2,0,0,0,0,0,0,0,2
d50b59557bfa9a0e3f19766d1b7e5bbdbab11e20,0,8,0,0,0,0,0,0,0,0,0,0,0
d54901c4c41fb064f28a0b22ccbf093a6057ead6,0,0,0,1,0,3,3,0,0,0,0,1,0
d54de01fb58440331f76f086ecbb5207e68c41b4,7,0,0,0,0,0,0,0,1,0,0,0,0
d553e5cac867fadf1412ab77d6c0f4a1d1dd4b50,0,2,0,4,2,0,0,0,0,0,0,0,0
d5716156089d3e5df924dead4b73205c0e4c459a,6,0,0,0,0,0,0,0,1,1,0,0,0
d5ae517318435440d1e90837a3dc14e707adc028,7,0,0,0,0,0,0,0,1,0,0,0,0
d5e1b44cc3d70295b7c807122476fd7085331317,0,0,0,0,0,1,6,0,0,1,0,0,0
d645869e73765a9d71d1e80837d8b3250230ccbf,6,0,0,0,0,0,0,0,1,1,0,0,0
d6518bd0630d28e91a84d0812fda13d8fc607ea0,0,0,0,1,0,0,1,0,0,0,0,3,3
d688502b83f6aa9aaaa19b1edf3d93562c6d7484,0,0,0,2,0,2,2,0,0,1,0,0,1
d6b8f50fab46ef506470a3f0b5ec141212728e92,4,0,0,0,0,0,0,0,1,3,0,0,0
d6c39504ce3d6f0c2d3c7d6b5a65a53f82ab882d,0,1,0,5,2,0,0,0,0,0,0,0,0
d6f1f572492dc42918232dc8ee4c529fb1013621,0,0,0,0,1,2,1,0,0,0,0,4,0
d6fc3375d97a62c481606c3d8487297d8ca8965f,0,1,0,5,1,0,0,0,0,0,1,0,0
d75070528ca96244fd615035404aaf1e7e9dd881,0,3,0,2,2,0,0,0,0,0,0,0,1
d757f69e3b192255c0edb179dc47df17d4524e8c,0,0,0,0,2,0,1,1,0,1,0,0,3
d7d7e9c07e4bf284c502475f50778783d5025407,5,0,0,0,0,0,0,0,1,2,0,0,0
d7d8cb37dcc7e33083acfd7785db903e874859f1,7,0,0,0,0,0,0,0,0,1,0,0,0
d7db87e9024e236dfc7a511a6b2e33e0737ba5b1,0,0,0,1,0,4,2,0,0,0,0,1,0
d7e3b41f9050820ff261292dd09dc2fc837a2944,0,0,0,0,0,0,4,0,0,0,0,4,0
d7fcf3b3ea11bec4da2c55434fc10b3936cce74f,0,0,0,0,1,1,3,0,0,0,0,2,1
d819f904db135c57bf505a16771b5d1c680e85da,0,8,0,0,0,0,0,0,0,0,0,0,0
d834e06a02718e60e5a7b1f196a7cf9ccc2c9005,0,2,0,5,1,0,0,0,0,0,0,0,0
d8d28c9d37a9826aedf5939b5373646c4e0f2a31,0,1,0,0,4,0,0,0,1,1,0,0,1
d8efc17ed61ca776c323be3c56481ae332d964f2,0,0,0,1,0,3,2,0,1,1,0,0,0
d91e3ace7a1acd49b5bbd7fe858721c117528afb,0,6,0,0,2,0,0,0,0,0,0,0,0
d99cc8e500c0ba6c52a46e72711337770a3db3e8,0,0,0,1,0,0,4,0,2,0,0,1,0
d9a028fc59c4352c1dad2ea13da3e65d1869065e,5,0,0,0,0,0,0,0,3,0,0,0,0
d9c970efa3c66e88abcd86efb92376ad33924350,0,0,0,1,0,1,1,1,0,1,1,0,2
d9da7917566cdbea07d69169e5a999762f316d06,0,7,0,0,0,0,0,0,0,1,0,0,0
d9e69a5ae4b39affbe2c9d9ed2bbd278cec951f2,0,0,0,0,2,0,0,3,0,1,0,1,1
d9f5eed80d6c7945b29965447ee6af18b7115d2d,0,0,1,0,0,0,3,0,1,1,1,1,0
da925a8b96cb3371b7e97b2115207e1bb30f299f,0,0,0,2,0,3,0,2,0,0,0,0,1
daade07f623392c2b48304fcaa6e34f3a38046e1,0,1,0,3,4,0,0,0,0,0,0,0,0
db0d99a5867764eba76e9bbd1e8f4390a9a59c72,0,0,0,0,0,0,1,0,0,3,0,3,1
db347fbd2a66af89e00c4e37ee35d1ccf6e700ff,8,0,0,0,0,0,0,0,0,0,0,0,0
db49b69c823a093917fb71c3299c4a3d0e7eb708,0,0,1,0,0,3,2,1,0,0,0,0,1
dbe824c0928802432f373ce416cfe62be121ff96,0,0,0,0,0,2,4,0,0,0,1,1,0
dc001e6a6b44cde76c379e8622decc8d6b0d6b1b,1,0,1,0,0,2,1,2,0,1,0,0,0
dc08e3b8e8b84b585940a6b18a9a3eac46121c39,3,0,0,0,2,0,0,0,2,1,0,0,0
dc23f8182d085401a3f386edbb42bb6d38c3e470,0,7,0,0,0,0,0,0,0,0,1,0,0
dc388e40e42ad8066ddc1a3e4434cd1ec392583f,0,0,0,0,0,1,3,0,0,0,1,3,0
dc69377971290ef1b908490f9183c1ec969cc626,0,0,2,1,0,0,1,3,0,0,0,1,0
dc9198d502dd6bf35ad9421fac926e77b73bf29f,0,7,0,0,0,0,0,0,0,1,0,0,0
dca8cc92f1693bacf85b16163ce38a37cabfda3d,0,0,1,0,2,2,0,1,0,2,0,0,0
dcb16f6347af47078fc20183c2063213b5de7a32,0,0,0,0,0,1,0,2,0,1,0,4,0
dcceb376bce8df2c7e3aae31d926df516d657cff,0,0,1,2,0,2,1,0,0,0,2,0,0
dcddfa39af2cbb9bd4b0af43e59366e9a550d4ec,0,1,0,2,3,0,0,0,0,0,1,0,1
dcde2fc6b1cc1357434dc88a09c42112bc2721ac,6,0,0,0,0,0,0,0,2,0,0,0,0
dd321e358769927a2396620314d5f21a7b0d134e,0,6,0,0,2,0,0,0,0,0,0,0,0
dd52e077574295af91a095253e0d54f729c38122,0,7,0,0,1,0,0,0,0,0,0,0,0
dd820a75278aada81ee798033bb43a8285fed1df,0,0,0,1,0,0,1,1,1,4,0,0,0
dd896ddefb2f9f655c6f8dcea2930532079ccb3a,0,0,1,0,0,2,2,0,0,0,0,2,1
dd9f6f054edad7297720ac1b41437c9ab53394a5,5,0,0,0,0,0,0,0,2,1,0,0,0
ddc11b73eccc45ed16fff075a8aac336e4465669,4,0,0,0,0,0,0,0,0,4,0,0,0
ddd321b4481c039cb8524462d26b7e1bdbde4597,0,4,0,1,3,0,0,0,0,0,0,0,0
ddea0975c3c2dc6646cb87cd2f7a22abfdf26ebd,0,2,0,1,4,0,0,0,0,1,0,0,0
de4fcb0b149009949d05904775d451dc3d8546a1,0,0,0,1,0,0,1,0,0,2,1,1,2
de5e32a2e7b712045b52dc0367713013621d014e,0,0,0,0,2,0,0,1,0,2,0,0,3
de7aeddd09f8009def50471b7e4aa9038fed0ec8,0,0,0,0,1,0,3,2,0,1,0,1,0
de9090dfcd4b0c2a107518fa66568e249f5b05d5,6,0,0,0,0,0,0,0,0,2,0,0,0
dea93564fb4660b824c1723f88cf707dd301f6d1,4,0,0,0,0,0,0,0,2,2,0,0,0
df186b489306de902cd08ca6be2be6648b5a9622,0,0,0,0,2,0,0,0,0,2,0,1,3
df206fdce5dcc9c71f73ddba3765c44f6defccfb,0,2,0,0,4,0,0,0,0,0,1,0,1
df624051433eaec9fcf03ffac3e5cd26b36c11f7,5,0,0,0,0,0,0,0,3,0,0,0,0
dfbd5123138736317a69af3332adc090041f96a6,0,0,0,0,0,0,2,1,0,0,0,5,0
e0552886a26ffa0f9d5ee53117c5d87abf6676aa,0,6,0,1,0,1,0,0,0,0,0,0,0
e0843592400b61756a86c0d9faa338c32fa4522e,0,0,1,0,1,0,0,0,0,0,0,5,1
e0b56f580beaddd0df847f3c3b57020c74c9120c,0,1,0,2,5,0,0,0,0,0,0,0,0
e0eb4b094f56972c1dbbe5c4c42badda4a8873b1,8,0,0,0,0,0,0,0,0,0,0,0,0
e1c3d018063ab11f952d39ceef4ef85d12cefbef,0,1,0,2,5,0,0,0,0,0,0,0,0
e1e20b8ba2733c9e030e78721c739cbb89df3610,0,0,0,1,3,3,0,0,0,0,1,0,0
e1e31a15c72fedb3ca5889a6444933bf3ea3e9a2,3,0,0,1,0,0,0,0,1,3,0,0,0
e1f51fef058566a23297631cbd4ec8d41f2e0898,0,0,0,1,0,3,1,1,0,1,0,1,0
e20276a39c8f77bad5e6271fce9d610d04b1fcfa,3,0,0,0,0,0,2,0,0,3,0,0,0
e203841b8482f471c022302e9c072ec45d9af7c3,5,0,0,0,0,0,0,0,0,3,0,0,0
e21c1a00a651a57af439e91e3287f035f7b8c16e,0,0,0,0,1,0,2,0,2,0,0,1,2
e22414d88a1e8b4b9252ac7b1ef4798d8499f2b5,6,0,0,0,0,0,0,0,2,0,0,0,0
e2376e542cd0124bda00cb372de01a53a4a8ce59,5,0,0,0,0,0,0,0,2,1,0,0,0
e282f8d23e3cc60504e7d67ca242744c3ba3e26f,0,0,0,0,0,4,1,0,0,3,0,0,0
e29444fe99aa1cc1b6b76b0607d529ee7ab47352,0,0,0,0,0,4,0,2,0,2,0,0,0
e29c0b3ac7a8815a609f1ea4fc6cfebedd866296,0,0,0,0,0,0,2,1,1,0,1,2,1
e2a6e786c8b0563ef1ff58b87973bc9b5321b2ad,0,0,2,0,0,1,2,1,0,0,1,1,0
e2b31fe7cbe5a077998668a68b40affd5e707059,0,0,0,0,0,3,0,5,0,0,0,0,0
e2fbc6eba8bb62dc21c911d570c988dcb65b2199,0,7,0,0,0,0,0,0,0,0,0,0,1
e2fd584b1d1c1b4f1f866412a003ddd4148c8205,0,0,2,1,0,2,1,0,0,0,0,2,0
e2feb9b250b1c2c9a8bbfc68c9c49a9fc8a9de35,0,0,0,0,0,4,1,1,0,1,0,0,1
e30300ae10165fd0fe873855d1ac53db7aef0b19,0,5,0,0,0,0,0,0,0,1,2,0,0
e309e485914fb5357fc7cb7290300043481471fc,0,0,0,0,0,3,5,0,0,0,0,0,0
e317f06eb55e43f7b913ad18ea31a4f8d4200375,6,0,0,0,0,0,0,0,0,2,0,0,0
e3a736dce3b8d4a04f90323c7a6dec02a59536d9,0,0,1,0,0,0,1,0,2,1,0,0,3
e3cb23c7a69e8e5f06797e62d0a6cb2b7a3c99b2,7,0,0,0,0,0,0,0,1,0,0,0,0
e3f89f70aa675eeff0efe86c8a09413999085b12,3,0,0,0,0,0,0,0,0,1,3,0,1
e40c7e1ac0ac127c019a555ae13d53ecbafc8967,0,2,0,3,1,0,0,0,0,1,1,0,0
e413801305e83ca64a9348b5cc7bf4ffc670a698,0,0,2,0,0,2,0,1,3,0,0,0,0
e4879e52a40ff7e49060574939188c8fa322684f,3,0,0,0,0,0,0,0,1,4,0,0,0
e48dbb72acc8f1734551733e464905ad846becca,0,0,0,0,0,2,0,1,0,1,1,2,1
e52aabd6e94057784f9d469204af0659f6c4c8cf,0,0,0,0,0,0,1,0,0,2,0,4,1
e59dea9dac99cbb59f1a752b17c6d1ea711ff2d1,0,0,0,6,1,0,0,0,0,0,1,0,0
e5adacfbe6f595fb8bb13207de7fe0068bbe073b,0,0,0,1,0,1,4,0,1,0,0,0,1
e5fd5af74612abb6ed6e7dcffdab2b40989bdb0d,0,0,0,0,1,0,4,1,0,0,0,1,1
e60b7115b028975173af6f135a0876be9f78f4cb,0,8,0,0,0,0,0,0,0,0,0,0,0
e67531217db99086a1d1bfa7866f8790b3911c30,0,6,0,0,0,0,2,0,0,0,0,0,0
e67cbf4bde7c7f87460aa6349577993dd19bb284,0,4,0,2,1,0,0,0,0,0,1,0,0
e6a5d26abf59cb7208ee71a046483d75f2eaefa8,0,0,1,0,0,6,0,1,0,0,0,0,0
e6b1e0b4b977f383a02e530f385a7133b3f4eacb,0,5,0,0,0,0,0,0,1,0,0,0,2
e6cf21977440b81788cc7d1453f9c54be300b361,0,8,0,0,0,0,0,0,0,0,0,0,0
e72216a7c4ca05469b8d95253377f7fabc32a2e1,0,6,0,0,0,0,0,0,0,2,0,0,0
e7316091016fceae5281d001ea530697e3a8d867,0,0,0,1,0,2,2,1,0,0,0,2,0
e747b473471c94eec88aa50b6293dfc16060cdd4,0,2,0,0,5,0,0,0,0,0,0,0,1
e76675517ab4a0f9a617c9bd808365a2220594b5,6,0,0,0,0,0,0,0,0,2,0,0,0
e80b9aaccc67e7b07b581766cfce7f2d6f5dce73,0,0,0,0,0,3,2,2,0,0,1,0,0
e841f1a77ed9c90a9f17f472855d435d907612d7,0,3,0,1,3,0,0,0,1,0,0,0,0
e861f91f3b71754f3d4a1b4c6a20307619811791,0,0,0,0,0,0,1,0,0,0,2,3,2
e89ad42a52f8ce1bfb7dea55d3652a6d59ef19ea,0,2,0,1,4,0,0,0,0,1,0,0,0
e91a518fccb767c0b5cb32b0f5f63bed980f75c0,6,0,0,0,0,0,0,0,0,2,0,0,0
e95be8732fb6ffacb1cc0b39fe6830430e50f980,0,0,0,1,0,0,3,1,0,2,0,1,0
e969556269d5d0e6967ffcd8a68ac65395f5c67d,4,0,0,2,0,0,2,0,0,0,0,0,0
e993241a76f2f07037c20676781607532cf23c1e,0,0,0,0,0,2,4,1,0,1,0,0,0
e9e4773f447e758a031a756a91f6510c03c35b79,0,7,0,0,0,0,0,0,0,1,0,0,0
e9e7c24b6fc55c6a4f64e2eacd56db51960fa902,4,0,0,0,0,0,0,0,1,3,0,0,0
e9f117cfa91909d78071682dec82633421bfbeec,0,0,0,0,0,0,0,0,8,0,0,0,0
ea071f5354641b9617727901687e006a3238e2de,0,2,0,3,1,0,0,0,0,0,0,0,2
ea2640b007b76cff5e4db17f2f7a0d6b9e27ca0c,0,0,0,0,1,0,1,2,0,1,0,1,2
ea51e7a4e25db7f4d36000690e5fe794b49051bc,0,0,2,0,0,1,2,1,0,0,0,1,1
ea8ba033a8bbb96cb49e0aab521df36fe96137fb,0,0,0,0,0,2,3,1,0,0,0,2,0
eab077924914c90d9f268040275e200190155abb,0,0,0,1,1,1,0,1,0,2,1,0,1
eac72a893944864e414f3cddfc7b1bfe822a01f4,0,2,0,1,4,0,0,0,0,0,1,0,0
eade4f1f811c69ad5533fec888b088e594c3572d,0,0,0,0,0,4,2,0,1,0,0,1,0
eb1acb13afa289f520b7c99ad85bde65369a431d,0,0,0,0,0,3,1,2,0,0,0,1,1
eb473e9e373b0c43f63fa1b5a428d959bc066ddd,0,0,0,0,0,0,0,0,8,0,0,0,0
eb6578bbf89555d3fefc0818c751ac8b37d8e441,0,2,0,1,2,0,0,0,1,0,0,0,2
eb6f2afda32f6a5e0e869bad71e9fa114cc1204d,0,0,0,0,0,2,2,2,0,1,0,1,0
ebd4999e4f1558e7816bf44f031858630373886e,0,0,0,1,0,1,0,2,0,1,1,2,0
ebd6e18296c93d621c0f7df53a1f77eb231ca117,6,0,0,0,0,0,0,0,2,0,0,0,0
ec130323b03d9ceea2724987092b5c41619c9e62,0,8,0,0,0,0,0,0,0,0,0,0,0
ec54b975c47f092307e28c395774c09df0ec3230,0,0,2,1,0,2,0,0,0,2,0,0,1
ec58f95b3eb4a65bf69e87b027d24e13d411317f,5,0,0,0,0,0,0,0,2,1,0,0,0
ec76b75d091b500634f8e4c6c2bf4e363b6380c8,0,8,0,0,0,0,0,0,0,0,0,0,0
ecf1f1276a067b0b2a29ff4f9a340b15c1caba0b,0,0,0,1,1,0,2,0,1,0,0,2,1
ed197fa26221a04f5e44c42b5ca8c5a0f8191967,0,7,0,0,0,0,0,0,0,1,0,0,0
ed2297a598ab6b5194902d03eaa3d65af8af712f,0,3,0,1,4,0,0,0,0,0,0,0,0
ed608b397f6b92f314f9cb88c2d087e8eae6fa80,0,0,0,0,0,0,2,2,0,0,0,2,2
ee002ba5bb6e430d5248ef401f11ca7b3d9aba84,0,0,0,0,0,2,1,0,1,2,1,0,1
ee7df8f6e7258f3bd7aeb5d0ad9dc4611720ea78,0,0,1,1,0,5,0,0,0,1,0,0,0
ee9d4ebceb5816bed1fbc25126a428950c911129,0,1,0,0,5,0,0,0,0,2,0,0,0
ef3a459456eb2afa1b969c3f9e7ca9bd16e8cb5c,0,0,0,2,0,0,4,1,0,1,0,0,0
ef40a0eea621adac877a4f1d7b51c226de5194ab,0,8,0,0,0,0,0,0,0,0,0,0,0
ef5f84e2724692e783fc69c5775665b3f9b5c4be,0,0,2,2,0,1,1,1,1,0,0,0,0
efcb3ee4959c9bddf59e641d166294bf0b6314b0,0,1,0,4,3,0,0,0,0,0,0,0,0
f04a2466c82de03ed686fbde3f54bd891f200fb5,0,2,0,3,2,0,0,0,0,0,0,0,1
f0542dfac9dce32d34c6c344a49f8d00e4cb6947,0,8,0,0,0,0,0,0,0,0,0,0,0
f05fd8a62edbd72d0c1cf4bcdb1e6bdc4d2b7753,0,0,0,0,0,1,1,1,0,1,2,2,0
f0be8f98faec0e60b3d941a6c7d8a59dbeb3c7a5,3,0,0,0,0,0,0,0,1,4,0,0,0
f0d6c42fab7a40182138cd5d320a936b8ea06f2c,0,2,0,2,2,0,0,0,0,0,2,0,0
f10573634378e71aab56135849f025f974c4b4b6,0,4,0,2,1,0,0,0,0,0,0,0,1
f11d050cae5cd7b96ed7cc97c87e2109988761b1,0,4,0,0,3,0,0,0,0,0,1,0,0
f13404f8b0f3430faaadd53a74d3346c78de7c94,0,0,0,1,0,1,0,0,1,1,1,0,3
f148a6e4386a02b4a901f5a0a53aad0a08ba9943,0,0,0,0,0,1,0,1,1,2,0,2,1
f15663d1fda9829509208359ce048e7403fe87ed,0,1,0,3,3,0,0,0,0,0,0,0,1
f1b988b3500f231a0f7b7d625264a5b75a6965a9,0,0,0,4,0,1,0,0,1,0,0,0,2
f1feee6b7d3c88d432bc5f66d9811ec3a472d174,0,0,0,3,0,1,1,0,0,0,1,2,0
f26bd5dc9aebf3250eaa9074849bede44aa232d4,4,0,0,0,0,0,0,0,1,3,0,0,0
f292a669cd4fef51a15260492939abaf3c466f30,5,0,0,0,0,0,0,0,1,2,0,0,0
f2c1f98acc4ff2882ba0a04defeebaa10f006601,0,0,0,0,0,1,2,0,0,0,1,2,2
f2c20c75508af6db7fce002dbb391549fb88a9cf,0,7,0,0,0,0,1,0,0,0,0,0,0
f2e41410ef692cdfb1fb0779250bf84d09d10498,0,0,0,0,0,1,2,0,1,1,1,0,2
f2f74733a2a50dde1d2580ae7d206a8785767b5c,0,0,0,0,0,5,0,1,0,0,0,0,2
f320096aa7b6d8813404e4b20451c172b91d4dda,0,0,0,0,0,0,3,0,2,0,0,2,1
f32dd4949f117147ec600cfde02d46cd383b80d1,0,0,0,1,0,1,3,1,0,0,1,0,1
f37cabb86b75e2e385acd578503f4e7eeb2f8ae8,0,0,0,0,0,0,1,1,2,2,2,0,0
f385089984b32247a1cc7d6dc6b160126fb6a1aa,6,0,0,0,0,0,0,0,2,0,0,0,0
f3fa80cb33a66cfdad863becc75a2ce0b5d2ba7d,0,0,0,0,0,1,1,0,1,1,0,0,4
f4112df4a381bf5591a1e26b911acf2dc52581c2,0,0,0,1,0,0,3,2,2,0,0,0,0
f41b19d88265c1e76dd189076e773ab3a775d451,0,3,0,1,2,0,0,0,0,0,2,0,0
f426d4f08aa748404a55c7fbf553ae72f573d5fb,0,0,0,0,0,0,1,0,1,3,0,0,3
f44a535bb4fb728023503e93c527270b40f4a7b5,0,0,0,3,4,0,0,0,0,0,0,0,1
f46788c5e16c156c11be8cb5a0953a9cbc32c762,0,0,0,0,0,1,1,5,1,0,0,0,0
f49ccf36272b365596d7c9d693e5a9866b747c91,0,0,0,0,0,1,0,0,0,0,0,3,4
f4a4e62e33c89eceaec172a2a3f4d473167d7ace,0,0,0,0,0,0,0,4,1,1,0,2,0
f4bbcf7371b6e4d0e05af144daded48bf5f442dc,0,1,0,6,1,0,0,0,0,0,0,0,0
f4e58b40c81aa23013591cf294ade0fd20154dd8,0,0,0,0,3,0,3,0,1,0,1,0,0
f4f11301d0852342f44441fa6136fa5750f8df99,0,0,0,1,0,0,0,1,1,3,0,2,0
f4ffd96a8789222d378880cbda8a32dab73e9e5b,0,0,0,0,1,0,3,2,0,0,0,0,2
f56d584de06a9717976c527f32285b740ed41eef,0,0,0,0,1,0,2,1,0,0,0,3,1
f5c32138773f2e474c614912f1f52a4a25f7cd9b,0,8,0,0,0,0,0,0,0,0,0,0,0
f5fa5b58742fe900e1c96b77a4288b6eb2868be0,0,2,0,2,3,0,0,0,0,0,1,0,0
f606b38fbce6e8922c2279f23f1c601ae8a9bf6b,0,0,0,1,0,3,0,1,0,2,0,1,0
f6a32d7ccb7ab5124be96ff8ca98feb47c6eaaac,0,0,1,1,0,2,0,1,0,1,1,0,1
f731b765ec00055e87d198090a2bdcadf017a4fe,4,0,0,0,0,0,0,0,3,1,0,0,0
f73c9b83f4d36c6e89b6a48baab4dbab09e4c3e4,0,1,0,3,2,0,0,0,0,2,0,0,0
f77ee187abc63a570c24966d2a9cc65a6d34284c,0,0,0,2,0,3,0,0,0,0,2,0,1
f820f5544f8d6a39063a13eb03ac650c9e8690e9,0,2,0,2,4,0,0,0,0,0,0,0,0
f8460d4ecbdd5ae1d402fbcf461b7e1e9c1cb1fa,0,0,0,1,0,0,3,1,0,2,0,0,1
f85c325d041122ff6ba416e7a16ebd564424c65a,0,4,0,3,0,0,0,0,0,0,1,0,0
f87ce8de75f64982d1e5e9520fe591b9e6f17ed8,4,0,0,0,0,0,0,0,2,2,0,0,0
f88109385952e3c9d1c7408f1ee4146b751fc0c0,0,0,2,1,0,0,3,1,0,0,0,0,1
f88c8147bbe429b86a229440702a26e91bda638d,0,5,0,0,2,0,0,0,0,1,0,0,0
f8e00fd91cb34cdcefd40ccb90c7637f233401c1,5,0,0,0,0,0,0,0,1,2,0,0,0
f93dca79663e1e2a99779a45fa5ebe848a69b0eb,0,0,0,0,0,3,4,1,0,0,0,0,0
f9484a70ee986207cdcec358ad4d72942ff7e6ba,5,0,0,0,0,0,0,0,1,2,0,0,0
f962de4bf0e701888d108a8bca07816ac57d8247,0,0,1,1,0,2,2,2,0,0,0,0,0
f97a4b213db66b990fd0ca80af81e9d507618e34,0,4,0,2,2,0,0,0,0,0,0,0,0
f991073f1766621d5a2d9fc802a968d855164f75,4,0,0,0,0,0,0,0,0,2,0,0,2
f9be697781794c53a2b2422252977d0005ce936b,6,0,0,0,0,0,0,0,1,0,1,0,0
f9ea258c3a0c50c62b45b869f851e6666929b159,6,0,0,0,0,0,0,0,0,2,0,0,0
fa32712fff927af9e4db0868ac85a3439630ca06,0,0,0,0,0,4,0,3,1,0,0,0,0
fa38892a069f5ab2708e481c8a4809f3d6513e7d,0,5,0,0,0,0,0,0,0,3,0,0,0
fa89c3e6d0715b057c2af68c6e87ebee94a1d371,0,7,0,0,0,0,0,0,0,0,0,0,1
fa9cd8d5c76e4d4ce9d0dbcbaf41236dbc22f270,0,0,1,0,0,1,3,1,2,0,0,0,0
fac1a73b7d22401bbdc5651e3b37029576673c74,0,0,0,0,1,3,1,0,0,0,2,1,0
faddc802a54f5a1a8be48ce7cefbb34251ee0c11,0,3,0,0,5,0,0,0,0,0,0,0,0
fadf6f222b3cbc9d4a9cecb3774cd480797b7ca2,0,0,0,0,0,1,2,1,0,1,1,0,2
faec8bad8407c703fa14159d4d28f9efab67b02f,0,0,0,0,0,2,2,2,0,2,0,0,0
fb1c839db1905e75cb7c0b2aadf6032023af3860,0,0,0,0,1,2,2,2,0,1,0,0,0
fb687454f242123a8bd19216568aeee4ef570383,0,0,0,2,5,0,0,0,0,0,0,0,1
fba2df723937335b459d3379a6c060c33752c169,0,8,0,0,0,0,0,0,0,0,0,0,0
fbb112556b9aabe682e7a0e846fab84a04737553,0,4,0,1,2,0,0,0,1,0,0,0,0
fbb351ec76d7b752bfe23484c06d80f3e31ea5c8,0,0,0,2,6,0,0,0,0,0,0,0,0
fbcf6c6c5a831788bf173e537c2f1dab11ae6a4b,1,0,0,2,0,2,1,0,1,0,0,1,0
fbf13b4ce21b27836fd65a7180f126bce370597b,7,0,0,0,0,0,0,0,1,0,0,0,0
fc0542317d59e06bd8c62a567a948f77a22a17e0,0,0,1,0,0,3,1,1,0,1,1,0,0
fc20ac7d004a1848205ef78326951e76c5fd7425,6,0,0,0,0,0,0,0,0,2,0,0,0
fc5268fe5b555d7942ca2eecaa1a202ff7af2a7b,0,0,0,1,0,0,5,1,0,0,0,1,0
fc6428e6ad02f7d6f73977f2a5b681e95caee15e,0,6,0,1,0,0,0,0,0,0,0,0,1
fc78f273e9b23ff568317b81b375b31dbd835828,0,0,0,0,1,0,1,0,1,0,0,2,3
fc8388e03610ceae7abe2bae2f50000a55cd5cbb,0,0,0,0,1,0,2,1,0,0,1,2,1
fca9d8496f3f0be289bed23e9afd103325e759c3,8,0,0,0,0,0,0,0,0,0,0,0,0
fcb67499ba6997d0ab7c0f387044ef2b8f854519,0,0,1,1,0,0,1,2,0,0,0,1,2
fcd9747d86d9a3d008654e45d020b5979a4c1fc3,2,0,0,0,0,0,0,0,4,2,0,0,0
fcf95696005c1bd6b798c500e54c74772bc10764,0,0,0,1,1,0,4,1,0,1,0,0,0
fd0ba4413f9761883de61ea26ff80ace898fba4f,4,0,0,0,0,0,0,0,3,1,0,0,0
fd22de2fe8f016cb64574c6dc9b516539b1fb811,0,0,1,1,0,2,0,2,0,2,0,0,0
fd97b28d989de266abd554bacb2c05608979748d,0,0,0,0,0,1,2,0,0,2,1,2,0
fda7f62fd10de6ec64104eb5626095fe02ad17d1,0,0,0,0,0,1,2,0,1,1,1,2,0
fdc3280139915d73d5bee960c20f915868c5c2b5,0,0,0,0,1,1,2,2,0,0,0,0,2
fdc52b3d78b3bd2e4174e40a40df7cc7ca683c2f,0,0,0,2,6,0,0,0,0,0,0,0,0
fdc62685706e190be2efb6e044fbbc857daa7676,0,2,0,3,2,0,0,0,0,1,0,0,0
fdd1bd22c77294c5e67a5621d0b690dbc8240579,0,8,0,0,0,0,0,0,0,0,0,0,0
fe4e2fbbca5fee6fe3e765df5153880c0119deb9,0,8,0,0,0,0,0,0,0,0,0,0,0
fe555b55c0a8037d48fcd24e8f23231e92ad0b94,0,0,0,1,0,1,1,0,0,0,3,2,0
fe7b17866a720d103d02f10e39cc9538dedb780b,0,2,0,5,1,0,0,0,0,0,0,0,0
fea25d195218bf4a796b6325341c66faedc80ae7,0,0,0,0,2,0,1,0,1,0,0,3,1
fed3aa71a807db41f4ac66b91dbae576cce4ac89,0,1,0,0,4,0,0,0,0,1,0,0,2
ff04d229c015a064e1d46c28017399940e51ba50,6,0,0,0,0,0,0,0,2,0,0,0,0
ff37cf8963a8c8f5d7b0297bb604ec50c67b2d7a,5,0,0,0,0,0,0,0,0,3,0,0,0
ff4a926f3d67858d3f7784e46e221b170472a6f7,4,0,0,0,0,0,0,0,0,2,2,0,0
ff712ead26cfad5dfd4d0dddff877f3ccf5aa59f,0,6,0,0,0,0,0,0,0,2,0,0,0
ff89bbbea0992e2b012fac222c97b333600ee1a0,0,2,0,3,2,0,0,0,0,0,0,0,1
ffd533d2ddbd949e91eb84abb1eddb7a4443ec48,0,0,0,1,1,3,0,1,1,1,0,0,0
